﻿{"paragraphs":[{"text":"%md\n# Working with Oracle Loader for Hadoop (OLH) and Oracle Copy To Hadoop (C2H)\n\nThis is a placeholder for a more expanded note.\n\nFor now, check out this blog post: <a href=\"https://blogs.oracle.com/bigdataconnectors/oracle-big-data-cloud-and-oracle-database\" target=\"_blank\">https ://blogs.oracle.com/bigdataconnectors/oracle-big-data-cloud-and-oracle-database</a>\n","user":"anonymous","dateUpdated":"2018-01-26T21:10:56+0000","config":{"colWidth":12,"enabled":true,"results":{},"editorSetting":{"language":"markdown","editOnDblClick":"true"},"editorMode":"ace/mode/markdown","editorHide":true,"tableHide":false},"settings":{"params":{},"forms":{}},"results":{"code":"SUCCESS","msg":[{"type":"HTML","data":"<div class=\"markdown-body\">\n<h1>Working with Oracle Loader for Hadoop (OLH) and Oracle Copy To Hadoop (C2H)</h1>\n<p>This is a placeholder for a more expanded note.</p>\n<p>For now, check out this blog post: <a href=\"https://blogs.oracle.com/bigdataconnectors/oracle-big-data-cloud-and-oracle-database\" target=\"_blank\">https ://blogs.oracle.com/bigdataconnectors/oracle-big-data-cloud-and-oracle-database</a></p>\n</div>"}]},"apps":[],"jobName":"paragraph_1517000885876_-2106637909","id":"20180126-210805_1291169346","dateCreated":"2018-01-26T21:08:05+0000","dateStarted":"2018-01-26T21:10:56+0000","dateFinished":"2018-01-26T21:10:56+0000","status":"FINISHED","progressUpdateIntervalMs":500,"focus":true,"$$hashKey":"object:236"},{"text":"%md\n","user":"anonymous","dateUpdated":"2018-01-26T21:09:07+0000","config":{"colWidth":12,"enabled":true,"results":{},"editorSetting":{"language":"scala"},"editorMode":"ace/mode/scala"},"settings":{"params":{},"forms":{}},"apps":[],"jobName":"paragraph_1517000947488_-2110207918","id":"20180126-210907_1266167344","dateCreated":"2018-01-26T21:09:07+0000","status":"READY","progressUpdateIntervalMs":500,"$$hashKey":"object:237"}],"name":"Extras/Working with OLH and C2H","id":"2D6RQ4V8N","angularObjects":{"2D2Y72N4K:shared_process":[],"2D47D151Y:shared_process":[],"2D2RSXQNJ:shared_process":[],"2D2H1ASZW:shared_process":[],"2D383YA8N:shared_process":[],"2C4U48MY3_spark2:shared_process":[],"2D4GC3WY7:shared_process":[],"2D4TWG753:shared_process":[]},"config":{"looknfeel":"default","personalizedMode":"false"},"info":{}}