﻿{"paragraphs":[{"text":"%md\n# Understanding how Python is configured with BDC\n\nThe servers in your BDC cluster have two separate installations of Python: \"system\" and \"user\"\n\n+ System Python: This is version 2.6.6. This is the version that is shipped and standard with the version of Oracle Linux currently used in BDC.  This version is left unchanged to not disrupt other operating system processes and procedures which depend on it.\n+ User Python : This is version 2.7.x. BDC configures this version for PySpark and Zeppelin.  It is located at /u01/bdcsce/usr/local/bin/python\n    \nIt should be noted that the default PATH for shell sessions will pickup the system python installation, but the BDC tools (like Zeppelin and pySpark) are configured for the user python installation.\n\nYou should be using the User Python.  See below for examples on how to add packages to the User python installation.\n\n","dateUpdated":"2018-04-25T21:12:56+0000","config":{"tableHide":false,"editorSetting":{"language":"markdown","editOnDblClick":"true"},"colWidth":12,"editorMode":"ace/mode/markdown","editorHide":true,"results":{},"enabled":true},"settings":{"params":{},"forms":{}},"results":{"code":"SUCCESS","msg":[{"type":"HTML","data":"<div class=\"markdown-body\">\n<h1>Understanding how Python is configured with BDC</h1>\n<p>The servers in your BDC cluster have two separate installations of Python: &ldquo;system&rdquo; and &ldquo;user&rdquo;</p>\n<ul>\n  <li>System Python: This is version 2.6.6. This is the version that is shipped and standard with the version of Oracle Linux currently used in BDC. This version is left unchanged to not disrupt other operating system processes and procedures which depend on it.</li>\n  <li>User Python : This is version 2.7.x. BDC configures this version for PySpark and Zeppelin. It is located at /u01/bdcsce/usr/local/bin/python</li>\n</ul>\n<p>It should be noted that the default PATH for shell sessions will pickup the system python installation, but the BDC tools (like Zeppelin and pySpark) are configured for the user python installation.</p>\n<p>You should be using the User Python. See below for examples on how to add packages to the User python installation.</p>\n</div>"}]},"apps":[],"jobName":"paragraph_1524690776178_-1308518913","id":"20180301-155638_1186862773","dateCreated":"2018-04-25T21:12:56+0000","status":"READY","errorMessage":"","progressUpdateIntervalMs":500,"focus":true,"$$hashKey":"object:3886"},{"title":"Illustration of the 2 Python installations","text":"%sh\nsleep 2 # use a sleep so that output does not get garbled by zeppelin issue\necho \"System python versions.\"\npython -V\npip -V\n\nsleep 8\n# use a sleep so that output does not appear out of order\necho \"..\"\necho \"..\"\n\necho \"User python versions.\"\n/u01/bdcsce/usr/local/bin/python -V\n/u01/bdcsce/usr/local/bin/pip -V","user":"anonymous","dateUpdated":"2018-05-01T12:42:02+0000","config":{"tableHide":false,"editorSetting":{"language":"sh","editOnDblClick":"false"},"colWidth":12,"editorMode":"ace/mode/sh","editorHide":false,"title":true,"results":{},"enabled":true},"settings":{"params":{},"forms":{}},"results":{"code":"SUCCESS","msg":[{"type":"TEXT","data":"System python versions.\nPython 2.6.6\npip 9.0.1 from /usr/lib/python2.6/site-packages (python 2.6)\n..\n..\nUser python versions.\nPython 2.7.14\npip 9.0.1 from /u01/bdcsce/usr/local/lib/python2.7/site-packages (python 2.7)\n"}]},"apps":[],"jobName":"paragraph_1524690776179_-1308903662","id":"20180301-155934_1713208046","dateCreated":"2018-04-25T21:12:56+0000","dateStarted":"2018-05-01T12:21:50+0000","dateFinished":"2018-05-01T12:22:00+0000","status":"FINISHED","progressUpdateIntervalMs":500,"$$hashKey":"object:3887"},{"title":"Illustration that Zeppelin and Pyspark are configured for the user Python installation (2.7)","text":"%pyspark\nimport sys\nprint (sys.version)","user":"anonymous","dateUpdated":"2018-05-01T12:22:08+0000","config":{"editorSetting":{"language":"python"},"colWidth":12,"editorMode":"ace/mode/python","title":true,"results":{},"enabled":true},"settings":{"params":{},"forms":{}},"results":{"code":"SUCCESS","msg":[{"type":"TEXT","data":"2.7.14 (default, Oct  6 2017, 22:49:22) \n[GCC 4.4.7 20120313 (Red Hat 4.4.7-18)]\n"}]},"apps":[],"jobName":"paragraph_1524690776179_-1308903662","id":"20180201-154020_1076413551","dateCreated":"2018-04-25T21:12:56+0000","dateStarted":"2018-05-01T12:22:08+0000","dateFinished":"2018-05-01T12:22:09+0000","status":"FINISHED","progressUpdateIntervalMs":500,"$$hashKey":"object:3888"},{"title":"How to install additional packages for the User python installation","text":"%sh\n# This will put packages into /u01/bdcsce/usr/local/lib/python2.7/site-packages/\n\nsudo /u01/bdcsce/usr/local/bin/pip install numpy\n","user":"anonymous","dateUpdated":"2018-05-01T12:23:22+0000","config":{"tableHide":false,"editorSetting":{"language":"sh","editOnDblClick":"false"},"colWidth":12,"editorMode":"ace/mode/sh","editorHide":false,"title":true,"results":{},"enabled":true},"settings":{"params":{},"forms":{}},"results":{"code":"SUCCESS","msg":[{"type":"TEXT","data":"Collecting numpy\n  Downloading https://files.pythonhosted.org/packages/ea/7d/9f99896cc3f4834871619a36da2a833c71a2178a5bdadd4fff40c261c119/numpy-1.14.3-cp27-cp27m-manylinux1_x86_64.whl (12.1MB)\nInstalling collected packages: numpy\nSuccessfully installed numpy-1.14.3\nYou are using pip version 9.0.1, however version 10.0.1 is available.\nYou should consider upgrading via the 'pip install --upgrade pip' command.\n"}]},"apps":[],"jobName":"paragraph_1524690776180_-1310827407","id":"20180301-163245_1843405770","dateCreated":"2018-04-25T21:12:56+0000","dateStarted":"2018-05-01T12:23:19+0000","dateFinished":"2018-05-01T12:23:25+0000","status":"FINISHED","progressUpdateIntervalMs":500,"$$hashKey":"object:3889"},{"title":"Example to show that your package was installed","text":"%pyspark\nimport numpy\na1 = numpy.array([1,2,3,4,5])\na1sum = a1.sum()\nprint(a1sum)","user":"anonymous","dateUpdated":"2018-05-01T12:23:34+0000","config":{"editorSetting":{"language":"python"},"colWidth":12,"editorMode":"ace/mode/python","title":true,"results":{},"enabled":true},"settings":{"params":{},"forms":{}},"results":{"code":"SUCCESS","msg":[{"type":"TEXT","data":"15\n"}]},"apps":[],"jobName":"paragraph_1524690776180_-1310827407","id":"20180301-155145_960670457","dateCreated":"2018-04-25T21:12:56+0000","dateStarted":"2018-05-01T12:23:34+0000","dateFinished":"2018-05-01T12:23:34+0000","status":"FINISHED","progressUpdateIntervalMs":500,"$$hashKey":"object:3890"},{"title":"Example to show that your package works with spark","text":"%pyspark\n#simple example from https://gist.github.com/koverholt/a2cc2a0ab51acb13ae57\nimport numpy as np\n \ndef mult(x):\n    y = np.array([2])\n    return x*y\n \nx = np.arange(200)\ndistData = sc.parallelize(x)\n \nresults = distData.map(mult).collect()\n \nprint results","user":"anonymous","dateUpdated":"2018-05-01T14:03:47+0000","config":{"editorSetting":{"language":"python"},"colWidth":12,"editorMode":"ace/mode/python","title":true,"results":{},"enabled":true},"settings":{"params":{},"forms":{}},"results":{"code":"SUCCESS","msg":[{"type":"TEXT","data":"[array([0]), array([2]), array([4]), array([6]), array([8]), array([10]), array([12]), array([14]), array([16]), array([18]), array([20]), array([22]), array([24]), array([26]), array([28]), array([30]), array([32]), array([34]), array([36]), array([38]), array([40]), array([42]), array([44]), array([46]), array([48]), array([50]), array([52]), array([54]), array([56]), array([58]), array([60]), array([62]), array([64]), array([66]), array([68]), array([70]), array([72]), array([74]), array([76]), array([78]), array([80]), array([82]), array([84]), array([86]), array([88]), array([90]), array([92]), array([94]), array([96]), array([98]), array([100]), array([102]), array([104]), array([106]), array([108]), array([110]), array([112]), array([114]), array([116]), array([118]), array([120]), array([122]), array([124]), array([126]), array([128]), array([130]), array([132]), array([134]), array([136]), array([138]), array([140]), array([142]), array([144]), array([146]), array([148]), array([150]), array([152]), array([154]), array([156]), array([158]), array([160]), array([162]), array([164]), array([166]), array([168]), array([170]), array([172]), array([174]), array([176]), array([178]), array([180]), array([182]), array([184]), array([186]), array([188]), array([190]), array([192]), array([194]), array([196]), array([198]), array([200]), array([202]), array([204]), array([206]), array([208]), array([210]), array([212]), array([214]), array([216]), array([218]), array([220]), array([222]), array([224]), array([226]), array([228]), array([230]), array([232]), array([234]), array([236]), array([238]), array([240]), array([242]), array([244]), array([246]), array([248]), array([250]), array([252]), array([254]), array([256]), array([258]), array([260]), array([262]), array([264]), array([266]), array([268]), array([270]), array([272]), array([274]), array([276]), array([278]), array([280]), array([282]), array([284]), array([286]), array([288]), array([290]), array([292]), array([294]), array([296]), array([298]), array([300]), array([302]), array([304]), array([306]), array([308]), array([310]), array([312]), array([314]), array([316]), array([318]), array([320]), array([322]), array([324]), array([326]), array([328]), array([330]), array([332]), array([334]), array([336]), array([338]), array([340]), array([342]), array([344]), array([346]), array([348]), array([350]), array([352]), array([354]), array([356]), array([358]), array([360]), array([362]), array([364]), array([366]), array([368]), array([370]), array([372]), array([374]), array([376]), array([378]), array([380]), array([382]), array([384]), array([386]), array([388]), array([390]), array([392]), array([394]), array([396]), array([398])]\n"}]},"apps":[],"jobName":"paragraph_1524690776180_-1310827407","id":"20180301-165303_440510856","dateCreated":"2018-04-25T21:12:56+0000","dateStarted":"2018-05-01T14:03:47+0000","dateFinished":"2018-05-01T14:03:52+0000","status":"FINISHED","progressUpdateIntervalMs":500,"$$hashKey":"object:3891"},{"text":"%md\n# Connecting to Oracle Database From Python\n\nThere are two good methods to connect to Oracle Databases from Python.\n\n+ Use Spark APIs to read/write JDBC from PySpark.  See the Extras notebooks \"Working with Oracle Database\" for some Spark JDBC examples\n+ Use the cx_Oracle module\n\n","user":"anonymous","dateUpdated":"2018-05-01T12:26:39+0000","config":{"colWidth":12,"editorMode":"ace/mode/markdown","results":{},"enabled":true,"editorSetting":{"language":"markdown","editOnDblClick":"true"},"editorHide":true,"tableHide":false},"settings":{"params":{},"forms":{}},"results":{"code":"SUCCESS","msg":[{"type":"HTML","data":"<div class=\"markdown-body\">\n<h1>Connecting to Oracle Database From Python</h1>\n<p>There are two good methods to connect to Oracle Databases from Python.</p>\n<ul>\n  <li>Use Spark APIs to read/write JDBC from PySpark. See the Extras notebooks &ldquo;Working with Oracle Database&rdquo; for some Spark JDBC examples</li>\n  <li>Use the cx_Oracle module</li>\n</ul>\n</div>"}]},"apps":[],"jobName":"paragraph_1524690776181_-1311212156","id":"20180301-202232_1973884685","dateCreated":"2018-04-25T21:12:56+0000","dateStarted":"2018-05-01T12:26:39+0000","dateFinished":"2018-05-01T12:26:40+0000","status":"FINISHED","progressUpdateIntervalMs":500,"$$hashKey":"object:3892"},{"text":"%md\n# Mandatory Pre-Requisite Steps:  Run the Extras/Working with Oracle Database notebook\n\n\nBe sure to complete the steps in the Extras/Working with Oracle Database notebook before continuing.\n","user":"anonymous","dateUpdated":"2018-05-01T13:40:29+0000","config":{"colWidth":12,"enabled":true,"results":{},"editorSetting":{"language":"markdown","editOnDblClick":"true"},"editorMode":"ace/mode/markdown","editorHide":true,"tableHide":false},"settings":{"params":{},"forms":{}},"results":{"code":"SUCCESS","msg":[{"type":"HTML","data":"<div class=\"markdown-body\">\n<h1>Mandatory Pre-Requisite Steps: Run the Extras/Working with Oracle Database notebook</h1>\n<p>Be sure to complete the steps in the Extras/Working with Oracle Database notebook before continuing.</p>\n</div>"}]},"apps":[],"jobName":"paragraph_1525181796495_-739940625","id":"20180501-133636_1539698875","dateCreated":"2018-05-01T13:36:36+0000","dateStarted":"2018-05-01T13:40:29+0000","dateFinished":"2018-05-01T13:40:29+0000","status":"FINISHED","progressUpdateIntervalMs":500,"$$hashKey":"object:3893"},{"text":"%md\n# Using PySpark APIs to read/write JDBC to OracleDB\n\n","user":"anonymous","dateUpdated":"2018-05-01T13:36:32+0000","config":{"colWidth":12,"enabled":true,"results":{},"editorSetting":{"language":"markdown","editOnDblClick":"true"},"editorMode":"ace/mode/markdown","editorHide":true,"tableHide":false},"settings":{"params":{},"forms":{}},"results":{"code":"SUCCESS","msg":[{"type":"HTML","data":"<div class=\"markdown-body\">\n<h1>Using PySpark APIs to read/write JDBC to OracleDB</h1>\n</div>"}]},"apps":[],"jobName":"paragraph_1525181758800_-621700119","id":"20180501-133558_101275169","dateCreated":"2018-05-01T13:35:58+0000","dateStarted":"2018-05-01T13:36:32+0000","dateFinished":"2018-05-01T13:36:32+0000","status":"FINISHED","progressUpdateIntervalMs":500,"$$hashKey":"object:3894"},{"text":"%pyspark\n\n# BE SURE TO UPDATE THE CONNECT STRING BELOW (the second part of the string)\nurl = \"jdbc:oracle:thin:@//\" + \"hostname:1521/PDB1.yourvalues.oraclecloud.internal\"\n\n# BE SURE TO UPDATE THE USER AND PASSWORD\nproperties = {\n    \"user\": \"youruser\",\n    \"password\": \"yourpassword\"\n}\n\njdbcDF = spark.read.jdbc(url=url, table=\"user_tables\", properties=properties)\n    \njdbcDF.printSchema()\n\njdbcDF2 = spark.read.jdbc(url=url, table=\"(select sysdate from dual)\", properties=properties)\n    \njdbcDF2.show()\n","user":"anonymous","dateUpdated":"2018-05-01T14:04:30+0000","config":{"colWidth":12,"enabled":true,"results":{},"editorSetting":{"language":"python","editOnDblClick":false},"editorMode":"ace/mode/python"},"settings":{"params":{},"forms":{}},"apps":[],"jobName":"paragraph_1525182102861_-976916943","id":"20180501-134142_1965646277","dateCreated":"2018-05-01T13:41:42+0000","dateStarted":"2018-05-01T14:04:30+0000","dateFinished":"2018-05-01T14:04:30+0000","status":"ERROR","progressUpdateIntervalMs":500,"$$hashKey":"object:3895","errorMessage":""},{"text":"%md\n# Using the cx_Oracle module\n\nFor more information, see https://oracle.github.io/python-cx_Oracle/\n\nThere are some examples here: http://www.oracle.com/technetwork/articles/dsl/python-091105.html\n\n","user":"anonymous","dateUpdated":"2018-05-01T13:18:36+0000","config":{"colWidth":12,"enabled":true,"results":{},"editorSetting":{"language":"markdown","editOnDblClick":"true"},"editorMode":"ace/mode/markdown","editorHide":true,"tableHide":false},"settings":{"params":{},"forms":{}},"results":{"code":"SUCCESS","msg":[{"type":"HTML","data":"<div class=\"markdown-body\">\n<h1>Using the cx_Oracle module</h1>\n<p>For more information, see <a href=\"https://oracle.github.io/python-cx_Oracle/\">https://oracle.github.io/python-cx_Oracle/</a></p>\n<p>There are some examples here: <a href=\"http://www.oracle.com/technetwork/articles/dsl/python-091105.html\">http://www.oracle.com/technetwork/articles/dsl/python-091105.html</a></p>\n</div>"}]},"apps":[],"jobName":"paragraph_1525177599277_467426092","id":"20180501-122639_180745621","dateCreated":"2018-05-01T12:26:39+0000","dateStarted":"2018-05-01T13:18:36+0000","dateFinished":"2018-05-01T13:18:36+0000","status":"FINISHED","progressUpdateIntervalMs":500,"$$hashKey":"object:3896"},{"title":"Installing cx_Oracle","text":"%sh\n# This will put packages into /u01/bdcsce/usr/local/lib/python2.7/site-packages/\n\nsudo /u01/bdcsce/usr/local/bin/pip install cx_Oracle\n","user":"anonymous","dateUpdated":"2018-05-01T12:28:17+0000","config":{"colWidth":12,"enabled":true,"results":{},"editorSetting":{"language":"sh","editOnDblClick":"false"},"editorMode":"ace/mode/sh","title":true,"editorHide":false,"tableHide":false},"settings":{"params":{},"forms":{}},"apps":[],"jobName":"paragraph_1525177629759_1874098719","id":"20180501-122709_456203956","dateCreated":"2018-05-01T12:27:09+0000","dateStarted":"2018-05-01T12:28:08+0000","dateFinished":"2018-05-01T12:28:10+0000","status":"FINISHED","progressUpdateIntervalMs":500,"$$hashKey":"object:3897","errorMessage":""},{"text":"%md\n# Configure the Zeppelin, YARN, and Spark environments to work with cx_Oracle \n\nTechnically, we are configuring Zeppelin, YARN, and Spark to work with the Oracle Database Instant Client. \n\nFirst, connect to Ambari (see the Extra tutorial on Connecting to Ambari if you need help).  Then while in Ambari, do the following:\n\n## Setup the YARN environment\n\n- In Ambari, click on YARN.\n- Then click on Configs\n- Then click on Advanced\n- Then expand Advanced yarn-env\n- Then add these 2 lines to the top of the yarn-env template:\n\n    export TNS_ADMIN=/opt/oracle/dbconnector/tns_admin\n    export LD_LIBRARY_PATH=/opt/oracle/dbconnector/instantclient:$LD_LIBRARY_PATH\n\n- Then click Save\n- Name the changes \"oracle instant client\" and click Save again\n- If you get a warning message, click Proceed Anyways\n- NOTE: you do not need to restart now\n\n## Setup the SPARK environment\n\n- In Ambari, click on Spark2\n- Click on Configs\n- Expand Advanced spark2-defaults\n- Edit the spark.driver.extraLibraryPath field and append this value:\n:/opt/oracle/dbconnector/instantclient/\n- Then click Save\n- Name the changes \"oracle instant client\" and click Save again\n\n\n## Setup the Zeppelin environment\n\n- In Ambari, click on Zeppelin Notebook\n- Click on Configs\n- Expand Advanced zeppelin-env\n- Then add these 2 lines to the top of the zeppelin_env_content:\n\n    export TNS_ADMIN=/opt/oracle/dbconnector/tns_admin\n    export LD_LIBRARY_PATH=/opt/oracle/dbconnector/instantclient:$LD_LIBRARY_PATH\n\n- Then click Save\n- Name the changes \"oracle instant client\" and click Save again\n\n## Restart services\n\n- In Ambari, click on the Actions button underneath the list of services\n- Choose Restart All Required\n- Then click on Confirm Restart All\n","user":"anonymous","dateUpdated":"2018-05-01T13:33:54+0000","config":{"colWidth":12,"enabled":true,"results":{},"editorSetting":{"language":"markdown","editOnDblClick":"true"},"editorMode":"ace/mode/markdown","editorHide":true,"tableHide":false},"settings":{"params":{},"forms":{}},"results":{"code":"SUCCESS","msg":[{"type":"HTML","data":"<div class=\"markdown-body\">\n<h1>Configure the Zeppelin, YARN, and Spark environments to work with cx_Oracle</h1>\n<p>Technically, we are configuring Zeppelin, YARN, and Spark to work with the Oracle Database Instant Client. </p>\n<p>First, connect to Ambari (see the Extra tutorial on Connecting to Ambari if you need help). Then while in Ambari, do the following:</p>\n<h2>Setup the YARN environment</h2>\n<ul>\n  <li>In Ambari, click on YARN.</li>\n  <li>Then click on Configs</li>\n  <li>Then click on Advanced</li>\n  <li>Then expand Advanced yarn-env</li>\n  <li>Then add these 2 lines to the top of the yarn-env template:\n    <p>export TNS_ADMIN=/opt/oracle/dbconnector/tns_admin<br/>export LD_LIBRARY_PATH=/opt/oracle/dbconnector/instantclient:$LD_LIBRARY_PATH</p>\n  </li>\n  <li>\n  <p>Then click Save</p></li>\n  <li>Name the changes &ldquo;oracle instant client&rdquo; and click Save again</li>\n  <li>If you get a warning message, click Proceed Anyways</li>\n  <li>NOTE: you do not need to restart now</li>\n</ul>\n<h2>Setup the SPARK environment</h2>\n<ul>\n  <li>In Ambari, click on Spark2</li>\n  <li>Click on Configs</li>\n  <li>Expand Advanced spark2-defaults</li>\n  <li>Edit the spark.driver.extraLibraryPath field and append this value:<br/>:/opt/oracle/dbconnector/instantclient/</li>\n  <li>Then click Save</li>\n  <li>Name the changes &ldquo;oracle instant client&rdquo; and click Save again</li>\n</ul>\n<h2>Setup the Zeppelin environment</h2>\n<ul>\n  <li>In Ambari, click on Zeppelin Notebook</li>\n  <li>Click on Configs</li>\n  <li>Expand Advanced zeppelin-env</li>\n  <li>Then add these 2 lines to the top of the zeppelin_env_content:\n    <p>export TNS_ADMIN=/opt/oracle/dbconnector/tns_admin<br/>export LD_LIBRARY_PATH=/opt/oracle/dbconnector/instantclient:$LD_LIBRARY_PATH</p>\n  </li>\n  <li>\n  <p>Then click Save</p></li>\n  <li>Name the changes &ldquo;oracle instant client&rdquo; and click Save again</li>\n</ul>\n<h2>Restart services</h2>\n<ul>\n  <li>In Ambari, click on the Actions button underneath the list of services</li>\n  <li>Choose Restart All Required</li>\n  <li>Then click on Confirm Restart All</li>\n</ul>\n</div>"}]},"apps":[],"jobName":"paragraph_1525180780545_-1373280521","id":"20180501-131940_1364758693","dateCreated":"2018-05-01T13:19:40+0000","dateStarted":"2018-05-01T13:33:54+0000","dateFinished":"2018-05-01T13:33:55+0000","status":"FINISHED","progressUpdateIntervalMs":500,"$$hashKey":"object:3898"},{"title":"Testing cx_Oracle","text":"%sh\n\n# BE SURE TO CHANGE THE youruser, yourpassword, and connect string below\n\n\n#export TNS_ADMIN=/opt/oracle/dbconnector/tns_admin\n#export LD_LIBRARY_PATH=/opt/oracle/dbconnector/instantclient:$LD_LIBRARY_PATH\n#export PATH=/opt/oracle/dbconnector/instantclient:$PATH\n\n\ncat << EOF > cx_oracle_test.py\n#!/usr/bin/env python\n\nfrom __future__ import print_function\n\nimport cx_Oracle\n\n# Connect to Database\nconnection = cx_Oracle.connect(\"youruser\", \"yourpassword\", \"hostname:1521/PDB1.yourvalues.oraclecloud.internal\")\n\ncursor = connection.cursor()\ncursor.execute(\"\"\"\n    SELECT table_name, tablespace_name\n    FROM user_tables\n    WHERE rownum < :rownum_val\"\"\",\n    rownum_val = 10)\nfor tname, tsname in cursor:\n    print(\"Values:\", tname, tsname)\nEOF\n\nls -l cx_oracle_test.py\necho \"..\"\n\n/u01/bdcsce/usr/local/bin/python cx_oracle_test.py\necho \"done\"\n","user":"anonymous","dateUpdated":"2018-05-01T14:05:52+0000","config":{"colWidth":12,"enabled":true,"results":{},"editorSetting":{"language":"sh","editOnDblClick":"false"},"editorMode":"ace/mode/sh","editorHide":false,"title":true,"tableHide":false},"settings":{"params":{},"forms":{}},"apps":[],"jobName":"paragraph_1525177688218_-443000364","id":"20180501-122808_1507050191","dateCreated":"2018-05-01T12:28:08+0000","dateStarted":"2018-05-01T14:05:49+0000","dateFinished":"2018-05-01T14:05:49+0000","status":"FINISHED","progressUpdateIntervalMs":500,"$$hashKey":"object:3899","errorMessage":""},{"title":"Testing cx_Oracle from Pyspark","text":"%pyspark\n\n# BE SURE TO CHANGE THE youruser, yourpassword, and connect string below\n\nfrom __future__ import print_function\n\nimport cx_Oracle\n\n# Connect to Database\nconnection = cx_Oracle.connect(\"youruser\", \"yourpassword\", \"hostname:1521/PDB1.yourvalues.oraclecloud.internal\")\n\ncursor = connection.cursor()\ncursor.execute(\"\"\"\n    SELECT table_name, tablespace_name\n    FROM user_tables\n    WHERE rownum < :rownum_val\"\"\",\n    rownum_val = 10)\nfor tname, tsname in cursor:\n    print(\"Values:\", tname, tsname)","user":"anonymous","dateUpdated":"2018-05-01T14:06:18+0000","config":{"colWidth":12,"enabled":true,"results":{},"editorSetting":{"language":"python","editOnDblClick":"false"},"editorMode":"ace/mode/python","editorHide":false,"tableHide":false,"title":true},"settings":{"params":{},"forms":{}},"apps":[],"jobName":"paragraph_1525181670885_-393082651","id":"20180501-133430_372613647","dateCreated":"2018-05-01T13:34:30+0000","dateStarted":"2018-05-01T14:06:17+0000","dateFinished":"2018-05-01T14:06:17+0000","status":"ERROR","progressUpdateIntervalMs":500,"$$hashKey":"object:3900","errorMessage":""},{"text":"%sh\n","user":"anonymous","dateUpdated":"2018-05-01T12:51:04+0000","config":{"colWidth":12,"enabled":true,"results":{},"editorSetting":{"language":"sh","editOnDblClick":"false"},"editorMode":"ace/mode/sh"},"settings":{"params":{},"forms":{}},"apps":[],"jobName":"paragraph_1525179064735_1606734339","id":"20180501-125104_256781658","dateCreated":"2018-05-01T12:51:04+0000","status":"READY","progressUpdateIntervalMs":500,"$$hashKey":"object:3902"}],"name":"Extras/Understanding Python with BDC","id":"2DEWXCCMB","angularObjects":{"2DD6NF1GD:shared_process":[],"2DEYRE5Z7:shared_process":[],"2DBHU1VH8:shared_process":[],"2DBJEDYUY:shared_process":[],"2DB4EM98X:shared_process":[],"2DBXRFZ9E:shared_process":[],"2DCJFVXZH:shared_process":[],"2C4U48MY3_spark2:shared_process":[]},"config":{"looknfeel":"default","personalizedMode":"false"},"info":{}}