{"paragraphs":[{"text":"%md\n#Tutorial 3 Working with the Object Store and HDFS\n\nWelcome to Oracle Big Data Cloud Service - Compute Edition (BDCS-CE).\n\nThis tutorial was built for BDCS-CE version 17.2.1.  If you are using a later version of BDCS-CE, please look for a newer version of this tutorial notebook in the New Data Lake section at <http://www.oracle.com/partners/en/products/cloud-solutions/paas/bigdata/index.html>.  Questions and feedback about the tutorial: <david.bayard@oracle.com>\n\n**Contents**\n+ About Oracle Storage Cloud Object Store\n+ Importance of Object Store\n+ Configure your Object Store Credentials\n+ Download sample data\n+ Upload files to the Object Store\n+ List Object Store Containers\n+ List files in an Object Store Container\n+ Download files from the Object Store\n+ Upload/download from the local file system to HDFS\n+ Use Hadoop Tools (hadoop fs or distcp) with Object Store\n+ Use the BDCS-CE Console Data Stores Viewer\n+ Next Steps\n\nAs a reminder, the documentation for BDCS-CE can be found here: <http://docs.oracle.com/cloud/latest/big-data-compute-cloud/index.html>\n\n**NOTE: You need to have successfully followed the instructions in Tutorial 2 before starting this tutorial.**\n","authenticationInfo":{},"dateUpdated":"Apr 25, 2017 7:57:05 PM","config":{"editorSetting":{"language":"text","editOnDblClick":false},"colWidth":12,"editorMode":"ace/mode/text","editorHide":true,"results":{},"enabled":true,"graph":{"mode":"table","height":300,"optionOpen":false,"keys":[],"values":[],"groups":[],"scatter":{}}},"settings":{"params":{},"forms":{}},"jobName":"paragraph_1492090673091_1941808307","id":"20170310-124446_1861963408","result":{"code":"SUCCESS","type":"HTML","msg":"<h1>Tutorial 3 Working with the Object Store and HDFS</h1>\n<p>Welcome to Oracle Big Data Cloud Service - Compute Edition (BDCS-CE).</p>\n<p>This tutorial was built for BDCS-CE version 17.2.1.  If you are using a later version of BDCS-CE, please look for a newer version of this tutorial notebook in the New Data Lake section at <a href=\"http://www.oracle.com/partners/en/products/cloud-solutions/paas/bigdata/index.html\">http://www.oracle.com/partners/en/products/cloud-solutions/paas/bigdata/index.html</a>.  Questions and feedback about the tutorial: <a href=\"&#x6d;&#x61;&#105;l&#x74;&#111;&#58;&#x64;&#x61;&#x76;&#105;&#100;&#x2e;&#98;&#97;&#121;&#97;&#x72;&#x64;&#x40;&#x6f;&#114;&#x61;&#99;&#108;&#x65;&#x2e;&#x63;&#x6f;&#109;\">&#x64;&#97;&#118;&#105;&#100;&#46;&#x62;&#97;&#121;&#97;&#x72;&#100;&#x40;&#111;&#x72;&#x61;&#x63;&#108;&#101;&#46;&#x63;&#111;&#109;</a></p>\n<p><strong>Contents</strong></p>\n<ul>\n<li>About Oracle Storage Cloud Object Store</li>\n<li>Importance of Object Store</li>\n<li>Configure your Object Store Credentials</li>\n<li>Download sample data</li>\n<li>Upload files to the Object Store</li>\n<li>List Object Store Containers</li>\n<li>List files in an Object Store Container</li>\n<li>Download files from the Object Store</li>\n<li>Upload/download from the local file system to HDFS</li>\n<li>Use Hadoop Tools (hadoop fs or distcp) with Object Store</li>\n<li>Use the BDCS-CE Console Data Stores Viewer</li>\n<li>Next Steps</li>\n</ul>\n<p>As a reminder, the documentation for BDCS-CE can be found here: <a href=\"http://docs.oracle.com/cloud/latest/big-data-compute-cloud/index.html\">http://docs.oracle.com/cloud/latest/big-data-compute-cloud/index.html</a></p>\n<p><strong>NOTE: You need to have successfully followed the instructions in Tutorial 2 before starting this tutorial.</strong></p>\n"},"dateCreated":"Apr 13, 2017 9:37:53 AM","dateStarted":"Apr 25, 2017 7:57:04 PM","dateFinished":"Apr 25, 2017 7:57:04 PM","status":"FINISHED","progressUpdateIntervalMs":500,"$$hashKey":"object:234"},{"text":"%md\n#About Oracle Storage Cloud Object Store\n\nOracle Storage Cloud Object Store provides storage that is secure, resilient, elastic, and simple to use so your data is available when you need it from any environment connected to the Internet.  An overview can be found here: <https://cloud.oracle.com/en_US/storage/object-storage/features> and documentation can be found here: <http://docs.oracle.com/en/cloud/iaas/storage-cloud/index.html>\n\nFor purposes of this tutorial, it is important to know that the Oracle Object Store supports the industry standard OpenStack Object Storage API.  This OpenStack Object Storage API is known as \"swift\". BDCS-CE includes swift drivers that work with Spark and Hadoop so that you can use those tools with Object Store data.  This tutorial will provide examples of using the swift drivers with the Oracle Object Store.\n\nThe tutorial will also provide examples of using the opensource swift command-line utility. Details here: <https://docs.openstack.org/developer/python-swiftclient/cli.html>\n\nIn addition to the examples we provide in this tutorial, there are other ways to interact with the Object Store.  There is a web browser GUI for the Object Store which you can access from your Oracle Cloud My Services page.\n![Storage Gui](https://gse00010212.storage.oraclecloud.com/v1/Storage-gse00010212/images/snap0011444.jpg \"storagegui\")\n\nThere are desktop tools like the Windows Cloudberry Explorer OpenStack Swift client: <https://www.cloudberrylab.com/explorer/openstack.aspx>\n\nAnd there are also various utilities like UploadCLI (very useful for large files) and other APIs (REST, Java, etc), which are documented here: <http://docs.oracle.com/en/cloud/iaas/storage-cloud/index.html>\n","dateUpdated":"Apr 13, 2017 9:37:53 AM","config":{"editorSetting":{"language":"text","editOnDblClick":false},"colWidth":12,"editorMode":"ace/mode/text","editorHide":true,"results":{},"enabled":true,"graph":{"mode":"table","height":300,"optionOpen":false,"keys":[],"values":[],"groups":[],"scatter":{}}},"settings":{"params":{},"forms":{}},"jobName":"paragraph_1492090673092_1939884562","id":"20170310-124506_633450220","result":{"code":"SUCCESS","type":"HTML","msg":"<h1>About Oracle Storage Cloud Object Store</h1>\n<p>Oracle Storage Cloud Object Store provides storage that is secure, resilient, elastic, and simple to use so your data is available when you need it from any environment connected to the Internet.  An overview can be found here: <a href=\"https://cloud.oracle.com/en_US/storage/object-storage/features\">https://cloud.oracle.com/en_US/storage/object-storage/features</a> and documentation can be found here: <a href=\"http://docs.oracle.com/en/cloud/iaas/storage-cloud/index.html\">http://docs.oracle.com/en/cloud/iaas/storage-cloud/index.html</a></p>\n<p>For purposes of this tutorial, it is important to know that the Oracle Object Store supports the industry standard OpenStack Object Storage API.  This OpenStack Object Storage API is known as &ldquo;swift&rdquo;. BDCS-CE includes swift drivers that work with Spark and Hadoop so that you can use those tools with Object Store data.  This tutorial will provide examples of using the swift drivers with the Oracle Object Store.</p>\n<p>The tutorial will also provide examples of using the opensource swift command-line utility. Details here: <a href=\"https://docs.openstack.org/developer/python-swiftclient/cli.html\">https://docs.openstack.org/developer/python-swiftclient/cli.html</a></p>\n<p>In addition to the examples we provide in this tutorial, there are other ways to interact with the Object Store.  There is a web browser GUI for the Object Store which you can access from your Oracle Cloud My Services page.\n<br  /><img src=\"https://gse00010212.storage.oraclecloud.com/v1/Storage-gse00010212/images/snap0011444.jpg\" alt=\"Storage Gui\" title=\"storagegui\" /></p>\n<p>There are desktop tools like the Windows Cloudberry Explorer OpenStack Swift client: <a href=\"https://www.cloudberrylab.com/explorer/openstack.aspx\">https://www.cloudberrylab.com/explorer/openstack.aspx</a></p>\n<p>And there are also various utilities like UploadCLI (very useful for large files) and other APIs (REST, Java, etc), which are documented here: <a href=\"http://docs.oracle.com/en/cloud/iaas/storage-cloud/index.html\">http://docs.oracle.com/en/cloud/iaas/storage-cloud/index.html</a></p>\n"},"dateCreated":"Apr 13, 2017 9:37:53 AM","status":"READY","errorMessage":"","progressUpdateIntervalMs":500,"$$hashKey":"object:235"},{"text":"%md\n#Importance of Object Store\n\n![New Data Lake](https://gse00010212.storage.oraclecloud.com/v1/Storage-gse00010212/images/snap0011443.jpg \"New Data Lake\")\nFor Big Data, Object Store enables you to\n+ Detach compute from storage allow for the two environments to grow independently \n+ Persist all the data in a low cost, globally distributed store that speeds processes up while making it more durable\n+ Maintain a core, distribution based environment while being able to use the latest and greatest Hadoop projects on demand\n\n","dateUpdated":"Apr 13, 2017 9:37:53 AM","config":{"colWidth":12,"editorMode":"ace/mode/markdown","editorHide":true,"graph":{"mode":"table","height":300,"optionOpen":false,"keys":[],"values":[],"groups":[],"scatter":{}},"enabled":true},"settings":{"params":{},"forms":{}},"jobName":"paragraph_1492090673092_1939884562","id":"20170403-112031_1056462344","result":{"code":"SUCCESS","type":"HTML","msg":"<h1>Importance of Object Store</h1>\n<p><img src=\"https://gse00010212.storage.oraclecloud.com/v1/Storage-gse00010212/images/snap0011443.jpg\" alt=\"New Data Lake\" title=\"New Data Lake\" />\n<br  />For Big Data, Object Store enables you to</p>\n<ul>\n<li>Detach compute from storage allow for the two environments to grow independently</li>\n<li>Persist all the data in a low cost, globally distributed store that speeds processes up while making it more durable</li>\n<li>Maintain a core, distribution based environment while being able to use the latest and greatest Hadoop projects on demand</li>\n</ul>\n"},"dateCreated":"Apr 13, 2017 9:37:53 AM","status":"READY","errorMessage":"","progressUpdateIntervalMs":500,"$$hashKey":"object:236"},{"text":"%md\n#Before you continue...\n\nBefore you continue, be sure to have run the previous tutorial that configures BDCS-CE, including setting up yum, pip, and the swift command line tool.\n","dateUpdated":"Apr 13, 2017 9:37:53 AM","config":{"colWidth":12,"editorMode":"ace/mode/scala","editorHide":true,"graph":{"mode":"table","height":300,"optionOpen":false,"keys":[],"values":[],"groups":[],"scatter":{}},"enabled":true},"settings":{"params":{},"forms":{}},"jobName":"paragraph_1492090673092_1939884562","id":"20170403-102534_807519420","result":{"code":"SUCCESS","type":"HTML","msg":"<h1>Before you continue&hellip;</h1>\n<p>Before you continue, be sure to have run the previous tutorial that configures BDCS-CE, including setting up yum, pip, and the swift command line tool.</p>\n"},"dateCreated":"Apr 13, 2017 9:37:53 AM","status":"READY","errorMessage":"","progressUpdateIntervalMs":500,"$$hashKey":"object:237"},{"text":"%md\n#Configuring your Object Store Credentials\n\nThe following paragraph will setup a shell script (swift_env.sh) to retrieve your Storage Cloud credentials to simplify running the swift command.\n\nFill in the 3 variable/parameter fields in the paragraph belwo with your Object Store credentials before running the next section.  If you need to change your values, simply re-run the paragraph below.","dateUpdated":"Apr 13, 2017 9:37:53 AM","config":{"colWidth":12,"editorMode":"ace/mode/scala","editorHide":true,"graph":{"mode":"table","height":300,"optionOpen":false,"keys":[],"values":[],"groups":[],"scatter":{}},"enabled":true},"settings":{"params":{},"forms":{}},"jobName":"paragraph_1492090673092_1939884562","id":"20170403-102632_1937341942","result":{"code":"SUCCESS","type":"HTML","msg":"<h1>Configuring your Object Store Credentials</h1>\n<p>The following paragraph will setup a shell script (swift_env.sh) to retrieve your Storage Cloud credentials to simplify running the swift command.</p>\n<p>Fill in the 3 variable/parameter fields in the paragraph belwo with your Object Store credentials before running the next section.  If you need to change your values, simply re-run the paragraph below.</p>\n"},"dateCreated":"Apr 13, 2017 9:37:53 AM","status":"READY","errorMessage":"","progressUpdateIntervalMs":500,"$$hashKey":"object:238"},{"title":"Script to save/load object store credentials for swift CLI","text":"%sh\nmv swift_env.sh swift_env.sh.old\nST_TENANT=${identity-domain=gse00010212}\nCLOUD_USER=${cloud-username=cloud.admin}\nCLOUD_PASSWORD=${cloud-password=yourpassword}\necho \"export ST_AUTH=https://$ST_TENANT.storage.oraclecloud.com/auth/v1.0\" >> swift_env.sh\necho \"export ST_USER=Storage-$ST_TENANT:$CLOUD_USER\" >> swift_env.sh\necho \"export ST_KEY=$CLOUD_PASSWORD\" >> swift_env.sh\necho \"export SWIFT_PARAMS=\\\"-D fs.swift.service.main.auth.url=https://$ST_TENANT.storage.oraclecloud.com/auth/v2.0/tokens \\\n-D fs.swift.service.main.tenant=Storage-$ST_TENANT \\\n-D fs.swift.service.main.username=$CLOUD_USER \\\n-D fs.swift.service.main.password=$CLOUD_PASSWORD \\\n-D fs.swift.service.main.public=true\\\" \" >> swift_env.sh\n\n# echo $SWIFT_PARAMS\nchmod u+x swift_env.sh\nls -l swift_env.sh","authenticationInfo":{},"dateUpdated":"Apr 25, 2017 7:58:59 PM","config":{"colWidth":12,"editorMode":"ace/mode/scala","title":true,"graph":{"mode":"table","height":300,"optionOpen":false,"keys":[],"values":[],"groups":[],"scatter":{}},"enabled":true},"settings":{"params":{"cloud-password":"xxxx","identity-domain":"gse00010212","cloud-username":"cloud.admin"},"forms":{"identity-domain":{"name":"identity-domain","defaultValue":"gse00010212","hidden":false},"cloud-username":{"name":"cloud-username","defaultValue":"cloud.admin","hidden":false},"cloud-password":{"name":"cloud-password","defaultValue":"yourpassword","hidden":false}}},"jobName":"paragraph_1492090673092_1939884562","id":"20170403-102756_1455090006","result":{"code":"SUCCESS","type":"TEXT","msg":"-rwxr--r-- 1 zeppelin zeppelin 427 Apr 25 19:58 swift_env.sh\n"},"dateCreated":"Apr 13, 2017 9:37:53 AM","dateStarted":"Apr 25, 2017 7:58:59 PM","dateFinished":"Apr 25, 2017 7:58:59 PM","status":"FINISHED","progressUpdateIntervalMs":500,"$$hashKey":"object:239","focus":true},{"text":"%md\n#Before you continue...\n\nThe following paragraph tests that Storage Cloud connectivity is working.  Please run the paragraph below and ensure that you see a list of Object Store containers.","dateUpdated":"Apr 13, 2017 9:37:53 AM","config":{"colWidth":12,"editorMode":"ace/mode/scala","editorHide":true,"graph":{"mode":"table","height":300,"optionOpen":false,"keys":[],"values":[],"groups":[],"scatter":{}},"enabled":true},"settings":{"params":{},"forms":{}},"jobName":"paragraph_1492090673092_1939499814","id":"20170403-103306_330160693","result":{"code":"SUCCESS","type":"HTML","msg":"<h1>Before you continue&hellip;</h1>\n<p>The following paragraph tests that Storage Cloud connectivity is working.  Please run the paragraph below and ensure that you see a list of Object Store containers.</p>\n"},"dateCreated":"Apr 13, 2017 9:37:53 AM","status":"READY","errorMessage":"","progressUpdateIntervalMs":500,"$$hashKey":"object:240"},{"title":"Command to test Object Store connectivity","text":"%sh\nsource ~/swift_env.sh\nswift list","authenticationInfo":{},"dateUpdated":"Apr 21, 2017 10:53:40 AM","config":{"editorSetting":{"language":"text","editOnDblClick":false},"colWidth":12,"editorMode":"ace/mode/sh","title":true,"results":{},"enabled":true,"graph":{"mode":"table","height":300,"optionOpen":false,"keys":[],"values":[],"groups":[],"scatter":{}}},"settings":{"params":{},"forms":{}},"jobName":"paragraph_1492090673093_1939499814","id":"20170310-124525_1623072950","dateCreated":"Apr 13, 2017 9:37:53 AM","dateStarted":"Apr 21, 2017 10:53:40 AM","dateFinished":"Apr 21, 2017 10:53:41 AM","status":"FINISHED","progressUpdateIntervalMs":500,"$$hashKey":"object:241","errorMessage":"","focus":true},{"text":"%md\n#Download some sample data for experimentation\n\nNext, we will download some sample data to experiment with.  In this example, we are going to download the text of a handful of United States Presidential Inauguration Speeches.  We will install the lynx browser to help us. Then we will download the speeches from the **Yale Law School Avalon Project** website: <http://avalon.law.yale.edu/subject_menus/inaug.asp> ","dateUpdated":"Apr 13, 2017 9:37:53 AM","config":{"colWidth":12,"editorMode":"ace/mode/markdown","editorHide":true,"graph":{"mode":"table","height":300,"optionOpen":false,"keys":[],"values":[],"groups":[],"scatter":{}},"enabled":true},"settings":{"params":{},"forms":{}},"jobName":"paragraph_1492090673093_1939499814","id":"20170403-103530_1455796101","result":{"code":"SUCCESS","type":"HTML","msg":"<h1>Download some sample data for experimentation</h1>\n<p>Next, we will download some sample data to experiment with.  In this example, we are going to download the text of a handful of United States Presidential Inauguration Speeches.  We will install the lynx browser to help us. Then we will download the speeches from the <strong>Yale Law School Avalon Project</strong> website: <a href=\"http://avalon.law.yale.edu/subject_menus/inaug.asp\">http://avalon.law.yale.edu/subject_menus/inaug.asp</a></p>\n"},"dateCreated":"Apr 13, 2017 9:37:53 AM","status":"READY","errorMessage":"","progressUpdateIntervalMs":500,"$$hashKey":"object:242"},{"title":"Commands to download sample data (presidential speeches)","text":"%sh\n#setup for this tutorial\necho \"running yum to install lynx. may take 5 to 10 minutes to refresh yum cache. please be patient\"\nsudo yum -y install lynx 2>&1\necho \"after yum\"\n\n#let's make the zeppelin directory readable.  This is so that Spark jobs can read these files later...\nchmod ga+rx .\n\nmkdir speeches\ncd speeches\n\n#download some text from internet using the lynx browser\n#we will grab inauguration speeches from here http://avalon.law.yale.edu/subject_menus/inaug.asp\n\nlynx -dump -nolist http://avalon.law.yale.edu/18th_century/wash1.asp | head -n -23 | tail -n +17 > pres1789_wash1.txt\nlynx -dump -nolist http://avalon.law.yale.edu/19th_century/lincoln1.asp | head -n -23 | tail -n +17 > pres1861_lincoln1.txt\nlynx -dump -nolist http://avalon.law.yale.edu/20th_century/froos1.asp | head -n -23 | tail -n +17 > pres1933_fdr1.txt\nlynx -dump -nolist http://avalon.law.yale.edu/20th_century/kennedy.asp | head -n -23 | tail -n +17 > pres1961_jfk.txt\nlynx -dump -nolist http://avalon.law.yale.edu/20th_century/reagan1.asp | head -n -23 | tail -n +17 > pres1981_reagan1.txt\n\necho \"files downloaded\"\nls -l\n\necho \"..\"\n\necho \"done\"","authenticationInfo":{},"dateUpdated":"Apr 13, 2017 10:40:54 AM","config":{"colWidth":12,"editorMode":"ace/mode/sh","title":true,"graph":{"mode":"table","height":300,"optionOpen":false,"keys":[],"values":[],"groups":[],"scatter":{}},"enabled":true},"settings":{"params":{},"forms":{}},"jobName":"paragraph_1492090673093_1939499814","id":"20170314-123722_1592949003","dateCreated":"Apr 13, 2017 9:37:53 AM","dateStarted":"Apr 13, 2017 10:40:54 AM","dateFinished":"Apr 13, 2017 10:41:01 AM","status":"FINISHED","errorMessage":"","progressUpdateIntervalMs":500,"$$hashKey":"object:243"},{"text":"%md\n#Before you continue...\n\nBefore you continue, be sure to have run the paragraph above and check the output.  At the bottom of the output, you should see 5 presidential speeches stored as .txt files.\n","dateUpdated":"Apr 13, 2017 9:37:53 AM","config":{"colWidth":12,"editorMode":"ace/mode/scala","editorHide":true,"graph":{"mode":"table","height":300,"optionOpen":false,"keys":[],"values":[],"groups":[],"scatter":{}},"enabled":true},"settings":{"params":{},"forms":{}},"jobName":"paragraph_1492090673093_1939499814","id":"20170403-104137_306661141","result":{"code":"SUCCESS","type":"HTML","msg":"<h1>Before you continue&hellip;</h1>\n<p>Before you continue, be sure to have run the paragraph above and check the output.  At the bottom of the output, you should see 5 presidential speeches stored as .txt files.</p>\n"},"dateCreated":"Apr 13, 2017 9:37:53 AM","status":"READY","errorMessage":"","progressUpdateIntervalMs":500,"$$hashKey":"object:244"},{"text":"%md\n#How to upload a file from the BDCS-CE linux file system to the Object Store\n\nWe have now downloaded the text of several Presidential speeches to the local linux file system on the Zeppelin server.  Let's now look at how we can upload those files to the Object Store.  To do so, we will use the swift command line tool.\n\nBefore running the paragraph below, please put the name of the Object Store container where you want to store the files.  This container should already exist.  If you need to create a new container, try using the Storage Cloud web UI launchable from the Oracle Cloud My Services web page, or uncomment the \"swift post\" command in the below paragraph.\n","dateUpdated":"Apr 13, 2017 9:37:53 AM","config":{"editorSetting":{"language":"text","editOnDblClick":false},"colWidth":12,"editorMode":"ace/mode/text","editorHide":true,"results":{},"enabled":true,"graph":{"mode":"table","height":300,"optionOpen":false,"keys":[],"values":[],"groups":[],"scatter":{}}},"settings":{"params":{"identity-domain":"gse00010212"},"forms":{}},"jobName":"paragraph_1492090673093_1939499814","id":"20170310-124752_2058114707","result":{"code":"SUCCESS","type":"HTML","msg":"<h1>How to upload a file from the BDCS-CE linux file system to the Object Store</h1>\n<p>We have now downloaded the text of several Presidential speeches to the local linux file system on the Zeppelin server.  Let's now look at how we can upload those files to the Object Store.  To do so, we will use the swift command line tool.</p>\n<p>Before running the paragraph below, please put the name of the Object Store container where you want to store the files.  This container should already exist.  If you need to create a new container, try using the Storage Cloud web UI launchable from the Oracle Cloud My Services web page, or uncomment the &ldquo;swift post&rdquo; command in the below paragraph.</p>\n"},"dateCreated":"Apr 13, 2017 9:37:53 AM","status":"READY","errorMessage":"","progressUpdateIntervalMs":500,"$$hashKey":"object:245"},{"text":"%sh\nsource ~/swift_env.sh\n\n#cd speeches\n\necho \"listing contents of linux file system\"\nls -l speeches/\necho \"..\"\n\nCONTAINER=${container=DB-bdcs-mar06}\n\n# if you need to create a new container, uncomment the following line\n# swift post $CONTAINER 2>&1\n\necho \"uploading to Object Store\"\n\nswift upload $CONTAINER speeches/pres*.txt 2>&1\necho \"..\"\n\necho \"listing contents of container\"\nswift list $CONTAINER  2>&1\n\n\necho \"done\"","authenticationInfo":{},"dateUpdated":"Apr 13, 2017 10:41:12 AM","config":{"editorSetting":{"language":"text","editOnDblClick":false},"colWidth":12,"editorMode":"ace/mode/text","results":{},"enabled":true,"graph":{"mode":"table","height":300,"optionOpen":false,"keys":[],"values":[],"groups":[],"scatter":{}}},"settings":{"params":{"container":"dcb-bdcs-apr12"},"forms":{"container":{"name":"container","defaultValue":"DB-bdcs-mar06","hidden":false}}},"jobName":"paragraph_1492090673094_1940654060","id":"20170310-124813_560716809","dateCreated":"Apr 13, 2017 9:37:53 AM","dateStarted":"Apr 13, 2017 10:41:12 AM","dateFinished":"Apr 13, 2017 10:41:15 AM","status":"FINISHED","errorMessage":"","progressUpdateIntervalMs":500,"$$hashKey":"object:246"},{"text":"%md\n#Before you continue...\n\nBefore you continue, be sure to run the paragraph above and check the output.  You should see the presidential speech text files in the \"listing contents of container\" section of the output.\n","dateUpdated":"Apr 13, 2017 9:37:53 AM","config":{"colWidth":12,"editorMode":"ace/mode/scala","editorHide":true,"graph":{"mode":"table","height":300,"optionOpen":false,"keys":[],"values":[],"groups":[],"scatter":{}},"enabled":true},"settings":{"params":{},"forms":{}},"jobName":"paragraph_1492090673094_1940654060","id":"20170403-110152_148074599","result":{"code":"SUCCESS","type":"HTML","msg":"<h1>Before you continue&hellip;</h1>\n<p>Before you continue, be sure to run the paragraph above and check the output.  You should see the presidential speech text files in the &ldquo;listing contents of container&rdquo; section of the output.</p>\n"},"dateCreated":"Apr 13, 2017 9:37:53 AM","status":"READY","errorMessage":"","progressUpdateIntervalMs":500,"$$hashKey":"object:247"},{"text":"%md\n#How to List Containers in the Object Store\n","dateUpdated":"Apr 13, 2017 9:37:53 AM","config":{"editorSetting":{"language":"text","editOnDblClick":false},"colWidth":12,"editorMode":"ace/mode/text","editorHide":true,"results":{},"enabled":true,"graph":{"mode":"table","height":300,"optionOpen":false,"keys":[],"values":[],"groups":[],"scatter":{}}},"settings":{"params":{},"forms":{}},"jobName":"paragraph_1492090673094_1940654060","id":"20170310-124557_413741810","result":{"code":"SUCCESS","type":"HTML","msg":"<h1>How to List Containers in the Object Store</h1>\n"},"dateCreated":"Apr 13, 2017 9:37:53 AM","status":"READY","errorMessage":"","progressUpdateIntervalMs":500,"$$hashKey":"object:248"},{"text":"%sh\nsource ~/swift_env.sh\nswift list 2>&1","authenticationInfo":{},"dateUpdated":"Apr 13, 2017 10:41:23 AM","config":{"editorSetting":{"language":"text","editOnDblClick":false},"colWidth":12,"editorMode":"ace/mode/text","results":{},"enabled":true,"graph":{"mode":"table","height":300,"optionOpen":false,"keys":[],"values":[],"groups":[],"scatter":{}}},"settings":{"params":{},"forms":{}},"jobName":"paragraph_1492090673094_1940654060","id":"20170310-124614_1524074990","dateCreated":"Apr 13, 2017 9:37:53 AM","dateStarted":"Apr 13, 2017 10:41:24 AM","dateFinished":"Apr 13, 2017 10:41:25 AM","status":"FINISHED","errorMessage":"","progressUpdateIntervalMs":500,"$$hashKey":"object:249"},{"text":"%md \n#How to List Files in a specific Container\n\nEnter the name of one of your containers shown above in the parameter field below.","dateUpdated":"Apr 13, 2017 9:37:53 AM","config":{"editorSetting":{"language":"text","editOnDblClick":false},"colWidth":12,"editorMode":"ace/mode/text","editorHide":true,"results":{},"enabled":true,"graph":{"mode":"table","height":300,"optionOpen":false,"keys":[],"values":[],"groups":[],"scatter":{}}},"settings":{"params":{},"forms":{}},"jobName":"paragraph_1492090673094_1940654060","id":"20170310-124642_248820191","result":{"code":"SUCCESS","type":"HTML","msg":"<h1>How to List Files in a specific Container</h1>\n<p>Enter the name of one of your containers shown above in the parameter field below.</p>\n"},"dateCreated":"Apr 13, 2017 9:37:53 AM","status":"READY","errorMessage":"","progressUpdateIntervalMs":500,"$$hashKey":"object:250"},{"text":"%sh\nsource ~/swift_env.sh\nswift list ${container=DB-bdcs-mar06} 2>&1\n","authenticationInfo":{},"dateUpdated":"Apr 13, 2017 10:41:32 AM","config":{"editorSetting":{"language":"text","editOnDblClick":false},"colWidth":12,"editorMode":"ace/mode/text","results":{},"enabled":true,"graph":{"mode":"table","height":300,"optionOpen":false,"keys":[],"values":[],"groups":[],"scatter":{}}},"settings":{"params":{"container":"dcb-bdcs-apr12"},"forms":{"container":{"name":"container","defaultValue":"DB-bdcs-mar06","hidden":false}}},"jobName":"paragraph_1492090673094_1940654060","id":"20170310-124657_334106322","dateCreated":"Apr 13, 2017 9:37:53 AM","dateStarted":"Apr 13, 2017 10:41:32 AM","dateFinished":"Apr 13, 2017 10:41:33 AM","status":"FINISHED","errorMessage":"","progressUpdateIntervalMs":500,"$$hashKey":"object:251"},{"text":"%md\n#How to download from the Object Store to the local linux file system\n","dateUpdated":"Apr 13, 2017 9:37:53 AM","config":{"editorSetting":{"language":"text","editOnDblClick":false},"colWidth":12,"editorMode":"ace/mode/text","editorHide":true,"results":{},"enabled":true,"graph":{"mode":"table","height":300,"optionOpen":false,"keys":[],"values":[],"groups":[],"scatter":{}}},"settings":{"params":{},"forms":{}},"jobName":"paragraph_1492090673094_1940654060","id":"20170310-124931_1822013181","result":{"code":"SUCCESS","type":"HTML","msg":"<h1>How to download from the Object Store to the local linux file system</h1>\n"},"dateCreated":"Apr 13, 2017 9:37:53 AM","status":"READY","errorMessage":"","progressUpdateIntervalMs":500,"$$hashKey":"object:252"},{"text":"%sh\nsource ~/swift_env.sh\n\n# make a temp directory\nmkdir /tmp/speeches\ncd /tmp/speeches\n\n# clear out temp directory\nrm pres*.txt\n\n\necho \"Listing local linux files before download\"\nls -l \necho \"..\"\n\necho \"Downloading a single file from object store\"\n\nswift download ${container=DB-bdcs-mar06} speeches/pres1789_wash1.txt 2>&1\necho \"..\"\n\necho \"Listing local linux files after download\"\nls -l \nls -l speeches/\n\necho \"done\"\n\n","authenticationInfo":{},"dateUpdated":"Apr 13, 2017 10:41:40 AM","config":{"editorSetting":{"language":"text","editOnDblClick":false},"colWidth":12,"editorMode":"ace/mode/text","results":{},"enabled":true,"graph":{"mode":"table","height":300,"optionOpen":false,"keys":[],"values":[],"groups":[],"scatter":{}}},"settings":{"params":{"container":"dcb-bdcs-apr12"},"forms":{"container":{"name":"container","defaultValue":"DB-bdcs-mar06","hidden":false}}},"jobName":"paragraph_1492090673095_1940269311","id":"20170310-124959_2033132768","dateCreated":"Apr 13, 2017 9:37:53 AM","dateStarted":"Apr 13, 2017 10:41:40 AM","dateFinished":"Apr 13, 2017 10:41:41 AM","status":"FINISHED","errorMessage":"","progressUpdateIntervalMs":500,"$$hashKey":"object:253"},{"text":"%md\n#How to upload/download from the local file system to hdfs\n\nSo far in this note, we've worked with files stored in the Object Store as well as files stored on the Zeppelin server's linux file system.  We will now demonstrate how to work your BDCS-CE's HDFS file system.  ","dateUpdated":"Apr 13, 2017 9:37:53 AM","config":{"editorSetting":{"language":"text","editOnDblClick":false},"colWidth":12,"editorMode":"ace/mode/text","editorHide":true,"results":{},"enabled":true,"graph":{"mode":"table","height":300,"optionOpen":false,"keys":[],"values":[],"groups":[],"scatter":{}}},"settings":{"params":{},"forms":{}},"jobName":"paragraph_1492090673095_1940269311","id":"20170310-125022_992238564","result":{"code":"SUCCESS","type":"HTML","msg":"<h1>How to upload/download from the local file system to hdfs</h1>\n<p>So far in this note, we've worked with files stored in the Object Store as well as files stored on the Zeppelin server's linux file system.  We will now demonstrate how to work your BDCS-CE's HDFS file system.</p>\n"},"dateCreated":"Apr 13, 2017 9:37:53 AM","status":"READY","errorMessage":"","progressUpdateIntervalMs":500,"$$hashKey":"object:254"},{"text":"%sh\ncd speeches\necho \"Local file listing\"\nls -l\necho \"..\"\n\necho \"HDFS file listing for zeppelin user's default directory\"\nhadoop fs -ls 2>&1\necho \"..\"\n\necho \"Create a HDFS subdirectory speeches_hdfs (if not already there)\"\nhadoop fs -mkdir speeches_hdfs 2>&1\necho \"..\"\n\necho \"copy file from local linux file system into HDFS\"\nhadoop fs -put pres1861_lincoln1.txt speeches_hdfs/pres1861_lincoln.txt 2>&1\necho \"..\"\n\necho \"HDFS file listing of subdirectoryfor after copy\"\nhadoop fs -ls speeches_hdfs/ 2>&1\necho \"..\"\n\necho \"copy file from HDFS to a local linux file\"\nhadoop fs -get speeches_hdfs/pres1861_lincoln.txt lincoln1_local.txt  2>&1\necho \"..\"\n\necho \"Local linux file listing\"\nls -l\necho \"..\"\n\n#remove the file we just copied to avoid confusion\nrm lincoln1_local.txt\n\necho \"done\"\n","authenticationInfo":{},"dateUpdated":"Apr 13, 2017 10:41:48 AM","config":{"editorSetting":{"language":"text","editOnDblClick":false},"colWidth":12,"editorMode":"ace/mode/text","results":{},"enabled":true,"graph":{"mode":"table","height":300,"optionOpen":false,"keys":[],"values":[],"groups":[],"scatter":{}}},"settings":{"params":{},"forms":{}},"jobName":"paragraph_1492090673095_1940269311","id":"20170310-125106_1853119614","dateCreated":"Apr 13, 2017 9:37:53 AM","dateStarted":"Apr 13, 2017 10:41:48 AM","dateFinished":"Apr 13, 2017 10:42:00 AM","status":"FINISHED","errorMessage":"","progressUpdateIntervalMs":500,"$$hashKey":"object:255"},{"text":"%md\n#Before you continue...\n\nBefore you continue, be sure to run the paragraph above and check the output.  You should see the pres1861_lincoln.txt file successfully copied to HDFS.  The next tutorial will be expecting it to be there.","dateUpdated":"Apr 13, 2017 9:37:53 AM","config":{"colWidth":12,"editorMode":"ace/mode/scala","editorHide":true,"graph":{"mode":"table","height":300,"optionOpen":false,"keys":[],"values":[],"groups":[],"scatter":{}},"enabled":true},"settings":{"params":{},"forms":{}},"jobName":"paragraph_1492090673097_1937960818","id":"20170403-111201_1505916192","result":{"code":"SUCCESS","type":"HTML","msg":"<h1>Before you continue&hellip;</h1>\n<p>Before you continue, be sure to run the paragraph above and check the output.  You should see the pres1861_lincoln.txt file successfully copied to HDFS.  The next tutorial will be expecting it to be there.</p>\n"},"dateCreated":"Apr 13, 2017 9:37:53 AM","status":"READY","errorMessage":"","progressUpdateIntervalMs":500,"$$hashKey":"object:256"},{"text":"%md\n#Using Hadoop Tools (hadoop fs or distcp) with Object Store\n\nThe next paragraph shows some examples of using hadoop tools like the \"hadoop fs\" command with the Object Store via Hadoop's support of the OpenStack swift filesystem.\n\n\n\nWe will use the \"default\" set of Object Store credentials.  These \"default\" credentials were defined when you created this BDCS-CE instance.\n\nThe syntax of the swift filesystem is:\n\n*swift://Container.default/filename*\n\nwhere **Container** is the name of your Object Store container and **default** is the name of your credentials property set.  For this tutorial, we will always use \"default\" for the credentials set name (see the commented lines in the paragraph below if you want an example of using a different set of credentials).\n","authenticationInfo":{},"dateUpdated":"Apr 13, 2017 2:45:23 PM","config":{"editorSetting":{"language":"text","editOnDblClick":false},"colWidth":12,"editorMode":"ace/mode/text","editorHide":true,"results":{},"enabled":true,"graph":{"mode":"table","height":300,"optionOpen":false,"keys":[],"values":[],"groups":[],"scatter":{}}},"settings":{"params":{},"forms":{}},"jobName":"paragraph_1492090673098_1939115065","id":"20170310-125238_348876259","result":{"code":"SUCCESS","type":"HTML","msg":"<h1>Using Hadoop Tools (hadoop fs or distcp) with Object Store</h1>\n<p>The next paragraph shows some examples of using hadoop tools like the &ldquo;hadoop fs&rdquo; command with the Object Store via Hadoop's support of the OpenStack swift filesystem.</p>\n<p>We will use the &ldquo;default&rdquo; set of Object Store credentials.  These &ldquo;default&rdquo; credentials were defined when you created this BDCS-CE instance.</p>\n<p>The syntax of the swift filesystem is:</p>\n<p><em>swift://Container.default/filename</em></p>\n<p>where <strong>Container</strong> is the name of your Object Store container and <strong>default</strong> is the name of your credentials property set.  For this tutorial, we will always use &ldquo;default&rdquo; for the credentials set name (see the commented lines in the paragraph below if you want an example of using a different set of credentials).</p>\n"},"dateCreated":"Apr 13, 2017 9:37:53 AM","dateStarted":"Apr 13, 2017 2:44:42 PM","dateFinished":"Apr 13, 2017 2:44:42 PM","status":"FINISHED","progressUpdateIntervalMs":500,"$$hashKey":"object:257"},{"title":"Commands to use Hadoop tools to access Object Store","text":"%sh\n\n# example of copying from Object Store to HDFS (without writing to local file system first)\nCONTAINER=${container=dcb-bdcs-apr12}\n\necho \"use hadoop fs to list files on Object Store container\"\nhadoop fs -ls swift://$CONTAINER.default/speeches 2>&1\necho \"..\"\n\necho \"use hadoop fs to copy file (pres1789_wash1.txt) from Object Store to HDFS (objstorecopy.txt)\"\nhadoop fs -cp swift://$CONTAINER.default/speeches/pres1789_wash1.txt objstorecopy.txt 2>&1\necho \"..\"\n\n\necho \"see if the file (objstorecopy.txt) got copied into hdfs\"\nhadoop fs -ls 2>&1 \necho \"..\"\n\necho \"clean up the file from hdfs\"\nhadoop fs -rm objstorecopy.txt 2>&1\necho \"..\"\n\n# For BDCS 17.2.1, the hdfs /user/zeppelin directory is not readable by others, which means it can't be seen with the Data Stores tab.  We'll quickly fix it here:\nhadoop fs -chmod 755 /user/zeppelin\n\necho \"done\"\n\n# Note: if you want to use something other than the default Object Store connection, here is an example\n#source swift_env.sh\n#hadoop fs $SWIFT_PARAMS -ls swift://DB-bdcs-mar06.main/speeches 2>&1\n\n# Note: The $SWIFT_PARAMS properties can also be set in /etc/hadoop/conf/core-site.xml \n# for more details, see https://spark.apache.org/docs/1.6.1/storage-openstack-swift.html or https://github.com/zioproto/hadoop-swift-tutorial","authenticationInfo":{},"dateUpdated":"Apr 13, 2017 2:45:01 PM","config":{"colWidth":12,"editorMode":"ace/mode/sh","title":true,"graph":{"mode":"table","height":300,"optionOpen":false,"keys":[],"values":[],"groups":[],"scatter":{}},"enabled":true},"settings":{"params":{"container":"dcb-bdcs-apr12"},"forms":{"container":{"name":"container","defaultValue":"dcb-bdcs-apr12","hidden":false}}},"jobName":"paragraph_1492090673098_1939115065","id":"20170316-123141_156532587","dateCreated":"Apr 13, 2017 9:37:53 AM","dateStarted":"Apr 13, 2017 2:45:02 PM","dateFinished":"Apr 13, 2017 2:45:15 PM","status":"FINISHED","errorMessage":"","progressUpdateIntervalMs":500,"$$hashKey":"object:258"},{"text":"%md\n#Use the BDCS-CE Console Data Stores Viewer\n\nAs a final exercise in this tutorial, we will show you how to view the HDFS and Object Store via the BDCS-CE Console's Data Stores tab.\n\nSimply click on the Data Stores tab (you will leave this Note, but you can click on the Notebook tab to navigate back) and explore both the HDFS and Object Store sections.\n\n + For HDFS, you should be able to navigate to the /user/zeppelin/speeches_hdfs directory and see a screen like this:\n![HDFS](https://gse00010212.storage.oraclecloud.com/v1/Storage-gse00010212/images/snap0011506.jpg \"HDFS\")\n\n + For Object Store, you should be able to see the individual speeches files (assumes that you uploaded the speeches to the \"default\" container, which is the container you named when you created your BDCS-CE instance):\n![ObjectStore](https://gse00010212.storage.oraclecloud.com/v1/Storage-gse00010212/images/snap0011504.jpg \"Object Store\")\n\n","authenticationInfo":{},"dateUpdated":"Apr 13, 2017 1:21:44 PM","config":{"colWidth":12,"graph":{"mode":"table","height":300,"optionOpen":false,"keys":[],"values":[],"groups":[],"scatter":{}},"enabled":true,"editorMode":"ace/mode/markdown","editorHide":true},"settings":{"params":{},"forms":{}},"jobName":"paragraph_1492103615805_-1552507360","id":"20170413-131335_1926680784","result":{"code":"SUCCESS","type":"HTML","msg":"<h1>Use the BDCS-CE Console Data Stores Viewer</h1>\n<p>As a final exercise in this tutorial, we will show you how to view the HDFS and Object Store via the BDCS-CE Console's Data Stores tab.</p>\n<p>Simply click on the Data Stores tab (you will leave this Note, but you can click on the Notebook tab to navigate back) and explore both the HDFS and Object Store sections.</p>\n<ul>\n<li><p>For HDFS, you should be able to navigate to the /user/zeppelin/speeches_hdfs directory and see a screen like this:\n<br  /><img src=\"https://gse00010212.storage.oraclecloud.com/v1/Storage-gse00010212/images/snap0011506.jpg\" alt=\"HDFS\" title=\"HDFS\" /></p>\n</li>\n<li><p>For Object Store, you should be able to see the individual speeches files (assumes that you uploaded the speeches to the &ldquo;default&rdquo; container, which is the container you named when you created your BDCS-CE instance):\n<br  /><img src=\"https://gse00010212.storage.oraclecloud.com/v1/Storage-gse00010212/images/snap0011504.jpg\" alt=\"ObjectStore\" title=\"Object Store\" /></p>\n</li>\n</ul>\n"},"dateCreated":"Apr 13, 2017 1:13:35 PM","dateStarted":"Apr 13, 2017 1:21:43 PM","dateFinished":"Apr 13, 2017 1:21:43 PM","status":"FINISHED","progressUpdateIntervalMs":500,"$$hashKey":"object:259"},{"text":"%md\n#Next steps\n\n+ Proceed to the next tutorial to see how to write Spark (Scala and Python) notes that access data stored in HDFS, Object Store, and the Zeppelin server's linux filesystem.","dateUpdated":"Apr 13, 2017 9:37:53 AM","config":{"editorSetting":{"language":"text","editOnDblClick":false},"colWidth":12,"editorMode":"ace/mode/text","editorHide":true,"results":{},"enabled":true,"graph":{"mode":"table","height":300,"optionOpen":false,"keys":[],"values":[],"groups":[],"scatter":{}}},"settings":{"params":{},"forms":{}},"jobName":"paragraph_1492090673098_1939115065","id":"20170310-125312_1484651851","result":{"code":"SUCCESS","type":"HTML","msg":"<h1>Next steps</h1>\n<ul>\n<li>Proceed to the next tutorial to see how to write Spark (Scala and Python) notes that access data stored in HDFS, Object Store, and the Zeppelin server's linux filesystem.</li>\n</ul>\n"},"dateCreated":"Apr 13, 2017 9:37:53 AM","status":"READY","errorMessage":"","progressUpdateIntervalMs":500,"$$hashKey":"object:260"},{"config":{"colWidth":12,"graph":{"mode":"table","height":300,"optionOpen":false,"keys":[],"values":[],"groups":[],"scatter":{}},"enabled":true},"settings":{"params":{},"forms":{}},"jobName":"paragraph_1492108554491_1399915016","id":"20170413-143554_1275199172","dateCreated":"Apr 13, 2017 2:35:54 PM","status":"READY","progressUpdateIntervalMs":500,"$$hashKey":"object:261"}],"name":" Tutorial 3 Working with the Object Store and HDFS 1721","id":"2CEH5KQTV","angularObjects":{"2CD6WYC7W":[],"2CCTXDSND":[],"2CE218DB1":[],"2CE9NPDKE":[],"2CGH7KD7M":[],"2CDTMCKYB":[],"2CEYWTAXZ":[],"2CDENCQNE":[],"2CFAR3AQG":[]},"config":{"looknfeel":"default"},"info":{}}