{"paragraphs":[{"text":"%md\n#Tutorial 2 Setting up your BDCSCE Environment\n\nWelcome to Oracle Big Data Cloud Service - Compute Edition (BDCS-CE).\n\nThis tutorial was built for BDCS-CE version 17.2.1.  If you are using a later version of BDCS-CE, please look for a newer version of this tutorial notebook in the New Data Lake section at <http://www.oracle.com/partners/en/products/cloud-solutions/paas/bigdata/index.html>.  Questions and feedback about the tutorial: <david.bayard@oracle.com>\n\n**Contents**\n+ About Setting up your BDCSCE Environment\n+ Enabling SSH Network Access\n+ Connecting via SSH\n+ Setting up the zeppelin user with sudo access\n+ Configuring yum and pip\n+ Installing the python swiftfs client\n+ Next Steps\n\nAs a reminder, the documentation for BDCS-CE can be found here: <http://docs.oracle.com/cloud/latest/big-data-compute-cloud/index.html>\n\n\n**NOTE: You need to run all of the steps *one at a time, in order* in this notebook from top to bottom.  Some steps are performed outside the notebook, so be sure to carefully read through the notebook and follow all instructions.**\n","authenticationInfo":{},"dateUpdated":"Apr 25, 2017 7:56:36 PM","config":{"editorSetting":{"language":"text","editOnDblClick":false},"colWidth":12,"editorMode":"ace/mode/text","editorHide":true,"results":{},"enabled":true,"graph":{"mode":"table","height":300,"optionOpen":false,"keys":[],"values":[],"groups":[],"scatter":{}}},"settings":{"params":{},"forms":{}},"jobName":"paragraph_1492029271864_-1893746311","id":"20170310-121811_1837500639","result":{"code":"SUCCESS","type":"HTML","msg":"<h1>Tutorial 2 Setting up your BDCSCE Environment</h1>\n<p>Welcome to Oracle Big Data Cloud Service - Compute Edition (BDCS-CE).</p>\n<p>This tutorial was built for BDCS-CE version 17.2.1.  If you are using a later version of BDCS-CE, please look for a newer version of this tutorial notebook in the New Data Lake section at <a href=\"http://www.oracle.com/partners/en/products/cloud-solutions/paas/bigdata/index.html\">http://www.oracle.com/partners/en/products/cloud-solutions/paas/bigdata/index.html</a>.  Questions and feedback about the tutorial: <a href=\"&#109;&#97;&#x69;&#108;&#x74;&#111;&#58;&#x64;&#97;&#x76;&#x69;&#x64;&#x2e;&#x62;&#97;&#121;&#x61;&#114;&#100;&#x40;&#x6f;&#x72;&#97;&#99;&#108;&#101;&#x2e;&#x63;&#111;&#109;\">d&#x61;&#118;&#105;&#x64;&#46;&#98;&#x61;&#121;&#x61;&#114;&#x64;&#x40;&#111;&#x72;&#x61;&#99;&#108;&#101;&#46;&#99;&#x6f;&#x6d;</a></p>\n<p><strong>Contents</strong></p>\n<ul>\n<li>About Setting up your BDCSCE Environment</li>\n<li>Enabling SSH Network Access</li>\n<li>Connecting via SSH</li>\n<li>Setting up the zeppelin user with sudo access</li>\n<li>Configuring yum and pip</li>\n<li>Installing the python swiftfs client</li>\n<li>Next Steps</li>\n</ul>\n<p>As a reminder, the documentation for BDCS-CE can be found here: <a href=\"http://docs.oracle.com/cloud/latest/big-data-compute-cloud/index.html\">http://docs.oracle.com/cloud/latest/big-data-compute-cloud/index.html</a></p>\n<p><strong>NOTE: You need to run all of the steps <em>one at a time, in order</em> in this notebook from top to bottom.  Some steps are performed outside the notebook, so be sure to carefully read through the notebook and follow all instructions.</strong></p>\n"},"dateCreated":"Apr 12, 2017 4:34:31 PM","dateStarted":"Apr 25, 2017 7:56:34 PM","dateFinished":"Apr 25, 2017 7:56:34 PM","status":"FINISHED","progressUpdateIntervalMs":500,"$$hashKey":"object:234"},{"text":"%md\n#About Setting up your BDCSCE Environment\n\nThis tutorial will walk you through a series of steps to help customize your BDCS-CE environment.  In particular, you will login to the Zeppelin server via SSH and add the zeppelin user to the linux \"sudo\" user list.  This will allow us to use the \"sudo\" utility within our notebook via the Shell interpreter, which will let us configure some extensibility utilities like yum and python's pip.\n\n","authenticationInfo":{},"dateUpdated":"Apr 13, 2017 2:46:38 PM","config":{"colWidth":12,"editorMode":"ace/mode/markdown","editorHide":true,"graph":{"mode":"table","height":300,"optionOpen":false,"keys":[],"values":[],"groups":[],"scatter":{}},"enabled":true},"settings":{"params":{},"forms":{}},"jobName":"paragraph_1492029271865_-1894131060","id":"20170314-111945_397799013","result":{"code":"SUCCESS","type":"HTML","msg":"<h1>About Setting up your BDCSCE Environment</h1>\n<p>This tutorial will walk you through a series of steps to help customize your BDCS-CE environment.  In particular, you will login to the Zeppelin server via SSH and add the zeppelin user to the linux &ldquo;sudo&rdquo; user list.  This will allow us to use the &ldquo;sudo&rdquo; utility within our notebook via the Shell interpreter, which will let us configure some extensibility utilities like yum and python's pip.</p>\n"},"dateCreated":"Apr 12, 2017 4:34:31 PM","dateStarted":"Apr 13, 2017 2:46:37 PM","dateFinished":"Apr 13, 2017 2:46:37 PM","status":"FINISHED","progressUpdateIntervalMs":500,"$$hashKey":"object:235"},{"text":"%md\n#Enabling SSH Network Access\n\nOur first step is to enable network access to our BDCS-CE server via the SSH protocol.  You will do this from the BDCS-CE Service Console.  Here are the steps:\n\n + From the BDCS-CE Service Console, navigate to Access Rules for your BDCS-CE instance.  The Access Rules are accessible from the clickable menu icon as shown below.\n![Access Rules](https://gse00010212.storage.oraclecloud.com/v1/Storage-gse00010212/images/snap0011272Copy.jpg \"Navigating to Access Rules\")\n\n + Then, on the Access Rules page, enable the ssh (port 22) access rule by choosing Enable from the clickable menu under the Actions column as shown below.\n![Enable SSH](https://gse00010212.storage.oraclecloud.com/v1/Storage-gse00010212/images/snap0011273.jpg \"Enabling SSH\")\n","dateUpdated":"Apr 12, 2017 4:34:31 PM","config":{"editorSetting":{"language":"text","editOnDblClick":false},"colWidth":12,"editorMode":"ace/mode/text","editorHide":true,"results":{},"enabled":true,"graph":{"mode":"table","height":300,"optionOpen":false,"keys":[],"values":[],"groups":[],"scatter":{}}},"settings":{"params":{},"forms":{}},"jobName":"paragraph_1492029271865_-1894131060","id":"20170310-122115_1671252701","result":{"code":"SUCCESS","type":"HTML","msg":"<h1>Enabling SSH Network Access</h1>\n<p>Our first step is to enable network access to our BDCS-CE server via the SSH protocol.  You will do this from the BDCS-CE Service Console.  Here are the steps:</p>\n<ul>\n<li><p>From the BDCS-CE Service Console, navigate to Access Rules for your BDCS-CE instance.  The Access Rules are accessible from the clickable menu icon as shown below.\n<br  /><img src=\"https://gse00010212.storage.oraclecloud.com/v1/Storage-gse00010212/images/snap0011272Copy.jpg\" alt=\"Access Rules\" title=\"Navigating to Access Rules\" /></p>\n</li>\n<li><p>Then, on the Access Rules page, enable the ssh (port 22) access rule by choosing Enable from the clickable menu under the Actions column as shown below.\n<br  /><img src=\"https://gse00010212.storage.oraclecloud.com/v1/Storage-gse00010212/images/snap0011273.jpg\" alt=\"Enable SSH\" title=\"Enabling SSH\" /></p>\n</li>\n</ul>\n"},"dateCreated":"Apr 12, 2017 4:34:31 PM","status":"READY","errorMessage":"","progressUpdateIntervalMs":500,"$$hashKey":"object:236"},{"text":"%md\n#Connecting to your BDCS-CE Zeppelin Server via SSH\n\nFor the next step, you will need to connect your BDCS-CE server via SSH as the linux user opc.  This topic is covered in an earlier tutorial in this series, or you can review the product documentation (Look for the \"Connect to a node through SSH\" topic under the \"Access the Service\" Task listing at <http://docs.oracle.com/cloud/latest/big-data-compute-cloud/bigdata-compute-cloud-tasks.html> )\n\n![ssh](https://gse00010212.storage.oraclecloud.com/v1/Storage-gse00010212/images/snap0011403.jpg \"Connect as opc via ssh\")\n","dateUpdated":"Apr 12, 2017 4:34:31 PM","config":{"colWidth":12,"editorMode":"ace/mode/markdown","editorHide":true,"graph":{"mode":"table","height":300,"optionOpen":false,"keys":[],"values":[],"groups":[],"scatter":{}},"enabled":true},"settings":{"params":{},"forms":{}},"jobName":"paragraph_1492029271865_-1894131060","id":"20170314-112051_789947299","result":{"code":"SUCCESS","type":"HTML","msg":"<h1>Connecting to your BDCS-CE Zeppelin Server via SSH</h1>\n<p>For the next step, you will need to connect your BDCS-CE server via SSH as the linux user opc.  This topic is covered in an earlier tutorial in this series, or you can review the product documentation (Look for the &ldquo;Connect to a node through SSH&rdquo; topic under the &ldquo;Access the Service&rdquo; Task listing at <a href=\"http://docs.oracle.com/cloud/latest/big-data-compute-cloud/bigdata-compute-cloud-tasks.html\">http://docs.oracle.com/cloud/latest/big-data-compute-cloud/bigdata-compute-cloud-tasks.html</a> )</p>\n<p><img src=\"https://gse00010212.storage.oraclecloud.com/v1/Storage-gse00010212/images/snap0011403.jpg\" alt=\"ssh\" title=\"Connect as opc via ssh\" /></p>\n"},"dateCreated":"Apr 12, 2017 4:34:31 PM","status":"READY","errorMessage":"","progressUpdateIntervalMs":500,"$$hashKey":"object:237"},{"text":"%md\n#Setting up the zeppelin user with sudo access\n\n + Now that you are connected as opc to your BDCS-CE Master Server, type the following command (minus the quotes): \"sudo visudo\"\n![visudo](https://gse00010212.storage.oraclecloud.com/v1/Storage-gse00010212/images/snap0011404.jpg \"Setting up sudo for zeppelin user\")\n\n + Then type shift-G to move to the bottom of the file.\n\n + Then type the lowercase letter o to open the edit mode\n![visudo](https://gse00010212.storage.oraclecloud.com/v1/Storage-gse00010212/images/snap0011405.jpg \"Setting up sudo for zeppelin user\")\n\n + Then type the following line:\nzeppelin   ALL=(ALL)  NOPASSWD: ALL\n![visudo](https://gse00010212.storage.oraclecloud.com/v1/Storage-gse00010212/images/snap0011406.jpg \"Setting up sudo for zeppelin user\")\n\n + Then hit the ESCAPE key, then type the colon : key, then type the lowercase w followed by the lowercase q\n![visudo](https://gse00010212.storage.oraclecloud.com/v1/Storage-gse00010212/images/snap0011407.jpg \"Setting up sudo for zeppelin user\")\n\n \n + Then hit ENTER\n\n\n####To check if this worked, run the section immediately below.  The output should say \"root\".  If not, then sudo is not setup right for this tutorial.","dateUpdated":"Apr 12, 2017 4:34:31 PM","config":{"colWidth":12,"editorMode":"ace/mode/markdown","editorHide":true,"graph":{"mode":"table","height":300,"optionOpen":false,"keys":[],"values":[],"groups":[],"scatter":{}},"enabled":true},"settings":{"params":{},"forms":{}},"jobName":"paragraph_1492029271865_-1894131060","id":"20170314-112120_564248633","result":{"code":"SUCCESS","type":"HTML","msg":"<h1>Setting up the zeppelin user with sudo access</h1>\n<ul>\n<li><p>Now that you are connected as opc to your BDCS-CE Master Server, type the following command (minus the quotes): &ldquo;sudo visudo&rdquo;\n<br  /><img src=\"https://gse00010212.storage.oraclecloud.com/v1/Storage-gse00010212/images/snap0011404.jpg\" alt=\"visudo\" title=\"Setting up sudo for zeppelin user\" /></p>\n</li>\n<li><p>Then type shift-G to move to the bottom of the file.</p>\n</li>\n<li><p>Then type the lowercase letter o to open the edit mode\n<br  /><img src=\"https://gse00010212.storage.oraclecloud.com/v1/Storage-gse00010212/images/snap0011405.jpg\" alt=\"visudo\" title=\"Setting up sudo for zeppelin user\" /></p>\n</li>\n<li><p>Then type the following line:\n<br  />zeppelin   ALL=(ALL)  NOPASSWD: ALL\n<br  /><img src=\"https://gse00010212.storage.oraclecloud.com/v1/Storage-gse00010212/images/snap0011406.jpg\" alt=\"visudo\" title=\"Setting up sudo for zeppelin user\" /></p>\n</li>\n<li><p>Then hit the ESCAPE key, then type the colon : key, then type the lowercase w followed by the lowercase q\n<br  /><img src=\"https://gse00010212.storage.oraclecloud.com/v1/Storage-gse00010212/images/snap0011407.jpg\" alt=\"visudo\" title=\"Setting up sudo for zeppelin user\" /></p>\n</li>\n<li><p>Then hit ENTER</p>\n</li>\n</ul>\n<h4>To check if this worked, run the section immediately below.  The output should say &ldquo;root&rdquo;.  If not, then sudo is not setup right for this tutorial.</h4>\n"},"dateCreated":"Apr 12, 2017 4:34:31 PM","status":"READY","errorMessage":"","progressUpdateIntervalMs":500,"$$hashKey":"object:238"},{"text":"%md\n#Before you continue...\n\nBefore you continue, be sure to run the paragraph below and check the output.  It should say \"root\"","dateUpdated":"Apr 12, 2017 4:34:31 PM","config":{"colWidth":12,"editorMode":"ace/mode/markdown","editorHide":true,"graph":{"mode":"table","height":300,"optionOpen":false,"keys":[],"values":[],"groups":[],"scatter":{}},"enabled":true},"settings":{"params":{},"forms":{}},"jobName":"paragraph_1492029271865_-1894131060","id":"20170331-075627_1630370078","result":{"code":"SUCCESS","type":"HTML","msg":"<h1>Before you continue&hellip;</h1>\n<p>Before you continue, be sure to run the paragraph below and check the output.  It should say &ldquo;root&rdquo;</p>\n"},"dateCreated":"Apr 12, 2017 4:34:31 PM","status":"READY","errorMessage":"","progressUpdateIntervalMs":500,"$$hashKey":"object:239"},{"title":"Command to verify that you setup sudo properly.  The output should say root.","text":"%sh\nsudo whoami","authenticationInfo":{},"dateUpdated":"Apr 12, 2017 4:49:39 PM","config":{"colWidth":12,"editorMode":"ace/mode/sh","title":true,"graph":{"mode":"table","height":300,"optionOpen":false,"keys":[],"values":[],"groups":[],"scatter":{}},"enabled":true},"settings":{"params":{},"forms":{}},"jobName":"paragraph_1492029271865_-1894131060","id":"20170315-202307_1247894822","dateCreated":"Apr 12, 2017 4:34:31 PM","dateStarted":"Apr 12, 2017 4:49:39 PM","dateFinished":"Apr 12, 2017 4:49:39 PM","status":"FINISHED","errorMessage":"","progressUpdateIntervalMs":500,"$$hashKey":"object:240"},{"text":"%md\n#Configuring yum and pip\nNext, we will run a script to configure the installation utilities yum and pip.  These are standard utilities that make it easier to add additional open source modules to our BDCS-CE environment.  Be sure you have completed the above steps first, then run the paragraph below.","dateUpdated":"Apr 12, 2017 4:34:31 PM","config":{"editorSetting":{"language":"text","editOnDblClick":false},"colWidth":12,"editorMode":"ace/mode/text","editorHide":true,"results":{},"enabled":true,"graph":{"mode":"table","height":300,"optionOpen":false,"keys":[],"values":[],"groups":[],"scatter":{}}},"settings":{"params":{},"forms":{}},"jobName":"paragraph_1492029271865_-1894131060","id":"20170310-122417_378977334","result":{"code":"SUCCESS","type":"HTML","msg":"<h1>Configuring yum and pip</h1>\n<p>Next, we will run a script to configure the installation utilities yum and pip.  These are standard utilities that make it easier to add additional open source modules to our BDCS-CE environment.  Be sure you have completed the above steps first, then run the paragraph below.</p>\n"},"dateCreated":"Apr 12, 2017 4:34:31 PM","status":"READY","errorMessage":"","progressUpdateIntervalMs":500,"$$hashKey":"object:241"},{"title":"Commands to setup yum and pip","text":"%sh\necho \"currently installed yum repositories (will initially be empty)\"\nsudo ls -l /etc/yum.repos.d/\necho \"download latest ol6 repo file\"\nsudo bash -c \"cd /etc/yum.repos.d; wget -nc http://yum.oracle.com/public-yum-ol6.repo; ls -l\"\necho \"clean yum metadata\"\nsudo yum clean metadata 2>&1\necho \"running yum to install python-setuptools. may take 5 to 10 minutes to setup yum cache initially.\"\nsudo yum -y install python-setuptools 2>&1\necho \"after yum\"\necho \"running easy_install\"\nsudo easy_install pip 2>&1\necho \"after easy_install\"\necho \"use pip to upgrade setuptools\"\nsudo pip install --upgrade setuptools 2>&1\necho \"after upgrade setuptools\"\necho \"done\"\n","authenticationInfo":{},"dateUpdated":"Apr 12, 2017 4:50:22 PM","config":{"editorSetting":{"language":"text","editOnDblClick":false},"colWidth":12,"editorMode":"ace/mode/text","title":true,"results":{},"enabled":true,"graph":{"mode":"table","height":300,"optionOpen":false,"keys":[],"values":[],"groups":[],"scatter":{}}},"settings":{"params":{},"forms":{}},"jobName":"paragraph_1492029271865_-1894131060","id":"20170310-122436_511245864","dateCreated":"Apr 12, 2017 4:34:31 PM","dateStarted":"Apr 12, 2017 4:50:22 PM","dateFinished":"Apr 12, 2017 4:52:07 PM","status":"FINISHED","errorMessage":"","progressUpdateIntervalMs":500,"$$hashKey":"object:242"},{"text":"%md\n#Before you continue...\n\nBefore you continue, be sure to have run the paragraph above to setup yum and pip.","dateUpdated":"Apr 12, 2017 4:34:31 PM","config":{"colWidth":12,"editorMode":"ace/mode/markdown","editorHide":true,"graph":{"mode":"table","height":300,"optionOpen":false,"keys":[],"values":[],"groups":[],"scatter":{}},"enabled":true},"settings":{"params":{},"forms":{}},"jobName":"paragraph_1492029271865_-1894131060","id":"20170403-100720_886348232","result":{"code":"SUCCESS","type":"HTML","msg":"<h1>Before you continue&hellip;</h1>\n<p>Before you continue, be sure to have run the paragraph above to setup yum and pip.</p>\n"},"dateCreated":"Apr 12, 2017 4:34:31 PM","status":"READY","errorMessage":"","progressUpdateIntervalMs":500,"$$hashKey":"object:243"},{"text":"%md\n#Installing the swift object store command line utility\n\nNext, we will install the \"swift\" command line tool.  This is a command-line utility that simplifies working with the Oracle Storage Cloud Object Store.  The Oracle Object Store supports the industry standard OpenStack Object Storage API.  This OpenStack Object Storage API is known as \"swift\".  The \"swift\" command line is written in Python and we will use the pip utility to install it.\n\nYou can find more details about the swift command line tool here: <https://docs.openstack.org/developer/python-swiftclient/cli.html>\n","dateUpdated":"Apr 12, 2017 4:34:31 PM","config":{"colWidth":12,"editorMode":"ace/mode/markdown","editorHide":true,"graph":{"mode":"table","height":300,"optionOpen":false,"keys":[],"values":[],"groups":[],"scatter":{}},"enabled":true},"settings":{"params":{},"forms":{}},"jobName":"paragraph_1492029271865_-1894131060","id":"20170314-112552_1991191498","result":{"code":"SUCCESS","type":"HTML","msg":"<h1>Installing the swift object store command line utility</h1>\n<p>Next, we will install the &ldquo;swift&rdquo; command line tool.  This is a command-line utility that simplifies working with the Oracle Storage Cloud Object Store.  The Oracle Object Store supports the industry standard OpenStack Object Storage API.  This OpenStack Object Storage API is known as &ldquo;swift&rdquo;.  The &ldquo;swift&rdquo; command line is written in Python and we will use the pip utility to install it.</p>\n<p>You can find more details about the swift command line tool here: <a href=\"https://docs.openstack.org/developer/python-swiftclient/cli.html\">https://docs.openstack.org/developer/python-swiftclient/cli.html</a></p>\n"},"dateCreated":"Apr 12, 2017 4:34:31 PM","status":"READY","errorMessage":"","progressUpdateIntervalMs":500,"$$hashKey":"object:244"},{"title":"Commands to install python swiftclient","text":"%sh\necho \"use pip to install python-swiftclient\"\nsudo pip install python-swiftclient==2.7.0 2>&1\necho \"after swiftclient\"\necho \"testing swiftclient\"\nswift --help\necho \"done\"","authenticationInfo":{},"dateUpdated":"Apr 12, 2017 4:53:28 PM","config":{"colWidth":12,"editorMode":"ace/mode/sh","title":true,"graph":{"mode":"table","height":300,"optionOpen":false,"keys":[],"values":[],"groups":[],"scatter":{}},"enabled":true},"settings":{"params":{},"forms":{}},"jobName":"paragraph_1492029271865_-1894131060","id":"20170314-112622_622475096","dateCreated":"Apr 12, 2017 4:34:31 PM","dateStarted":"Apr 12, 2017 4:53:28 PM","dateFinished":"Apr 12, 2017 4:53:31 PM","status":"FINISHED","errorMessage":"","progressUpdateIntervalMs":500,"$$hashKey":"object:245"},{"text":"%md\n#Before you continue...\n\nBefore you continue, be sure to run the paragraph above and check the output.  You should see the help text from the \"swift\" command at the bottom of the output.","dateUpdated":"Apr 12, 2017 4:34:31 PM","config":{"colWidth":12,"editorMode":"ace/mode/scala","editorHide":true,"graph":{"mode":"table","height":300,"optionOpen":false,"keys":[],"values":[],"groups":[],"scatter":{}},"enabled":true},"settings":{"params":{},"forms":{}},"jobName":"paragraph_1492029271865_-1894131060","id":"20170403-101232_1459292941","result":{"code":"SUCCESS","type":"HTML","msg":"<h1>Before you continue&hellip;</h1>\n<p>Before you continue, be sure to run the paragraph above and check the output.  You should see the help text from the &ldquo;swift&rdquo; command at the bottom of the output.</p>\n"},"dateCreated":"Apr 12, 2017 4:34:31 PM","status":"READY","errorMessage":"","progressUpdateIntervalMs":500,"$$hashKey":"object:246"},{"text":"%md\n#Next steps\n+ Proceed to the next tutorial where you will see examples of interacting with the Object Store, HDFS, and the local file system.\n+ (if desired) Install the \"swift\" command line tool on your own environment to easily upload/download files to the Object Store from your location.  Or, try out the Windows Cloudberry Explorer OpenStack Swift client as another tool to interact with the Oracle Object Store: <https://www.cloudberrylab.com/explorer/openstack.aspx>\n+ (if desired) Review the Oracle Object Store documentation to learn about its UploadCLI tool (very useful for large files) or about its other APIs (REST, Java, etc): <http://docs.oracle.com/en/cloud/iaas/storage-cloud/index.html>","dateUpdated":"Apr 12, 2017 4:34:31 PM","config":{"editorSetting":{"language":"text","editOnDblClick":false},"colWidth":12,"editorMode":"ace/mode/text","editorHide":true,"results":{},"enabled":true,"graph":{"mode":"table","height":300,"optionOpen":false,"keys":[],"values":[],"groups":[],"scatter":{}}},"settings":{"params":{},"forms":{}},"jobName":"paragraph_1492029271866_-1892976813","id":"20170310-122543_2101246987","result":{"code":"SUCCESS","type":"HTML","msg":"<h1>Next steps</h1>\n<ul>\n<li>Proceed to the next tutorial where you will see examples of interacting with the Object Store, HDFS, and the local file system.</li>\n<li>(if desired) Install the &ldquo;swift&rdquo; command line tool on your own environment to easily upload/download files to the Object Store from your location.  Or, try out the Windows Cloudberry Explorer OpenStack Swift client as another tool to interact with the Oracle Object Store: <a href=\"https://www.cloudberrylab.com/explorer/openstack.aspx\">https://www.cloudberrylab.com/explorer/openstack.aspx</a></li>\n<li>(if desired) Review the Oracle Object Store documentation to learn about its UploadCLI tool (very useful for large files) or about its other APIs (REST, Java, etc): <a href=\"http://docs.oracle.com/en/cloud/iaas/storage-cloud/index.html\">http://docs.oracle.com/en/cloud/iaas/storage-cloud/index.html</a></li>\n</ul>\n"},"dateCreated":"Apr 12, 2017 4:34:31 PM","status":"READY","errorMessage":"","progressUpdateIntervalMs":500,"$$hashKey":"object:247"},{"dateUpdated":"Apr 12, 2017 4:34:31 PM","config":{"colWidth":12,"editorMode":"ace/mode/scala","graph":{"mode":"table","height":300,"optionOpen":false,"keys":[],"values":[],"groups":[],"scatter":{}},"enabled":true},"settings":{"params":{},"forms":{}},"jobName":"paragraph_1492029271866_-1892976813","id":"20170314-113927_2095710219","result":{"code":"SUCCESS","type":"TEXT","msg":""},"dateCreated":"Apr 12, 2017 4:34:31 PM","status":"READY","errorMessage":"","progressUpdateIntervalMs":500,"$$hashKey":"object:248"}],"name":" Tutorial 2 Setting up your BDCSCE Environment 1721","id":"2CET1WK95","angularObjects":{"2CD6WYC7W":[],"2CCTXDSND":[],"2CE218DB1":[],"2CE9NPDKE":[],"2CGH7KD7M":[],"2CDTMCKYB":[],"2CEYWTAXZ":[],"2CDENCQNE":[],"2CFAR3AQG":[]},"config":{"looknfeel":"default"},"info":{}}