{"paragraphs":[{"text":"%md\n#Tutorial 1 - Notebook Basics\n\nWelcome to Oracle Big Data Cloud Service - Compute Edition (BDCS-CE).\n\nThis tutorial was built for BDCS-CE version 17.2.1.  If you are using a later version of BDCS-CE, please look for a newer version of this tutorial notebook in the New Data Lake section at <http://www.oracle.com/partners/en/products/cloud-solutions/paas/bigdata/index.html>.  Questions and feedback about the tutorial: <david.bayard@oracle.com>\n\n**Contents**\n+ About Zeppelin and Interpreters\n+ About the Markdown Interpreter\n+ About the Shell Interpreter\n+ A few Zepellin tricks (printing, restarting, viewing logs)\n+ Next Steps\n\nAs a reminder, the documentation for BDCS-CE can be found here: <http://docs.oracle.com/cloud/latest/big-data-compute-cloud/index.html>\n","authenticationInfo":{},"dateUpdated":"Apr 25, 2017 7:56:00 PM","config":{"editorSetting":{"language":"text","editOnDblClick":false},"colWidth":12,"editorMode":"ace/mode/text","editorHide":true,"results":{},"enabled":true,"graph":{"mode":"table","height":300,"optionOpen":false,"keys":[],"values":[],"groups":[],"scatter":{}}},"settings":{"params":{},"forms":{}},"jobName":"paragraph_1492029121657_510333383","id":"20170310-124403_2105432248","result":{"code":"SUCCESS","type":"HTML","msg":"<h1>Tutorial 1 - Notebook Basics</h1>\n<p>Welcome to Oracle Big Data Cloud Service - Compute Edition (BDCS-CE).</p>\n<p>This tutorial was built for BDCS-CE version 17.2.1.  If you are using a later version of BDCS-CE, please look for a newer version of this tutorial notebook in the New Data Lake section at <a href=\"http://www.oracle.com/partners/en/products/cloud-solutions/paas/bigdata/index.html\">http://www.oracle.com/partners/en/products/cloud-solutions/paas/bigdata/index.html</a>.  Questions and feedback about the tutorial: <a href=\"&#x6d;&#97;&#105;&#x6c;&#116;&#x6f;&#x3a;&#100;&#97;&#118;&#x69;&#x64;&#46;&#x62;&#x61;&#x79;&#x61;&#x72;&#100;&#x40;o&#114;&#x61;&#99;&#108;&#x65;&#46;&#x63;o&#109;\">&#x64;&#97;&#118;&#x69;&#x64;&#x2e;&#98;&#97;&#121;&#x61;&#114;&#100;&#x40;&#x6f;&#114;&#97;&#x63;&#108;&#101;&#x2e;&#99;&#x6f;&#x6d;</a></p>\n<p><strong>Contents</strong></p>\n<ul>\n<li>About Zeppelin and Interpreters</li>\n<li>About the Markdown Interpreter</li>\n<li>About the Shell Interpreter</li>\n<li>A few Zepellin tricks (printing, restarting, viewing logs)</li>\n<li>Next Steps</li>\n</ul>\n<p>As a reminder, the documentation for BDCS-CE can be found here: <a href=\"http://docs.oracle.com/cloud/latest/big-data-compute-cloud/index.html\">http://docs.oracle.com/cloud/latest/big-data-compute-cloud/index.html</a></p>\n"},"dateCreated":"Apr 12, 2017 4:32:01 PM","dateStarted":"Apr 25, 2017 7:55:51 PM","dateFinished":"Apr 25, 2017 7:55:51 PM","status":"FINISHED","progressUpdateIntervalMs":500,"$$hashKey":"object:234","focus":true},{"text":"%md\n#About Zeppelin and Interpreters\n\nBDCS-CE includes a built-in Zeppelin notebook.  Currently, BDCS-CE is using Zeppelin version 0.6.0.  You can more about Zeppelin here <https://zeppelin.apache.org/docs/0.6.0/>\n\n**To get started**, please review the quick overview about Notes and how to interact with them here: <https://zeppelin.apache.org/docs/0.6.0/quickstart/explorezeppelinui.html#note-layout>\n\n\n###About Interpreters\nThe Zeppelin notebook is powered by Interpreters, which allow various technologies to be combined into a single, easily documented environment.  The Interpreters currently offered with this version of BDCS-CE are\n+ Markdown (%md)\n+ Shell (%sh)\n+ Spark with Scala (%spark)\n+ Spark with Python (%pyspark)\n+ Spark SQL (%sql)\n+ Hive (%hive)\n+ JDBC (%jdbc)\n\nIn this first tutorial, we will introduce you to the Markdown and Shell Interpreters.\n","dateUpdated":"Apr 12, 2017 4:32:01 PM","config":{"colWidth":12,"editorMode":"ace/mode/markdown","editorHide":true,"graph":{"mode":"table","height":300,"optionOpen":false,"keys":[],"values":[],"groups":[],"scatter":{}},"enabled":true},"settings":{"params":{},"forms":{}},"jobName":"paragraph_1492029121658_511487629","id":"20170314-111138_1763825608","result":{"code":"SUCCESS","type":"HTML","msg":"<h1>About Zeppelin and Interpreters</h1>\n<p>BDCS-CE includes a built-in Zeppelin notebook.  Currently, BDCS-CE is using Zeppelin version 0.6.0.  You can more about Zeppelin here <a href=\"https://zeppelin.apache.org/docs/0.6.0/\">https://zeppelin.apache.org/docs/0.6.0/</a></p>\n<p><strong>To get started</strong>, please review the quick overview about Notes and how to interact with them here: <a href=\"https://zeppelin.apache.org/docs/0.6.0/quickstart/explorezeppelinui.html#note-layout\">https://zeppelin.apache.org/docs/0.6.0/quickstart/explorezeppelinui.html#note-layout</a></p>\n<h3>About Interpreters</h3>\n<p>The Zeppelin notebook is powered by Interpreters, which allow various technologies to be combined into a single, easily documented environment.  The Interpreters currently offered with this version of BDCS-CE are</p>\n<ul>\n<li>Markdown (%md)</li>\n<li>Shell (%sh)</li>\n<li>Spark with Scala (%spark)</li>\n<li>Spark with Python (%pyspark)</li>\n<li>Spark SQL (%sql)</li>\n<li>Hive (%hive)</li>\n<li>JDBC (%jdbc)</li>\n</ul>\n<p>In this first tutorial, we will introduce you to the Markdown and Shell Interpreters.</p>\n"},"dateCreated":"Apr 12, 2017 4:32:01 PM","status":"READY","errorMessage":"","progressUpdateIntervalMs":500,"$$hashKey":"object:235"},{"text":"%md\n#About the Markdown Interpreter (%md)\nThe Markdown interpreter is used to add documentation to your notebooks.  To create a paragraph using the Markdown interpreter, use %md for the first line in the code editor.\n\nDetails about the markdown interpreter can be found here: <https://zeppelin.apache.org/docs/0.6.0/interpreter/markdown.html>\n\n####Some simple examples...\n\n**Add Emphasis** using one or more \\*\n\nCreate a list using \\+\n+ item\n+ item\n+ item\n\n\n\nFor more, check out the Markdown cheatsheet at <https://github.com/adam-p/markdown-here/wiki/Markdown-Cheatsheet>\n\n_Hint: View the editor for this section to see the actual Markdown code used_\n","dateUpdated":"Apr 12, 2017 4:32:01 PM","config":{"colWidth":12,"editorMode":"ace/mode/markdown","editorHide":true,"graph":{"mode":"table","height":300,"optionOpen":false,"keys":[],"values":[],"groups":[],"scatter":{}},"enabled":true},"settings":{"params":{},"forms":{}},"jobName":"paragraph_1492029121658_511487629","id":"20170314-103234_1882629392","result":{"code":"SUCCESS","type":"HTML","msg":"<h1>About the Markdown Interpreter (%md)</h1>\n<p>The Markdown interpreter is used to add documentation to your notebooks.  To create a paragraph using the Markdown interpreter, use %md for the first line in the code editor.</p>\n<p>Details about the markdown interpreter can be found here: <a href=\"https://zeppelin.apache.org/docs/0.6.0/interpreter/markdown.html\">https://zeppelin.apache.org/docs/0.6.0/interpreter/markdown.html</a></p>\n<h4>Some simple examples&hellip;</h4>\n<p><strong>Add Emphasis</strong> using one or more *</p>\n<p>Create a list using +</p>\n<ul>\n<li>item</li>\n<li>item</li>\n<li>item</li>\n</ul>\n<p>For more, check out the Markdown cheatsheet at <a href=\"https://github.com/adam-p/markdown-here/wiki/Markdown-Cheatsheet\">https://github.com/adam-p/markdown-here/wiki/Markdown-Cheatsheet</a></p>\n<p><em>Hint: View the editor for this section to see the actual Markdown code used</em></p>\n"},"dateCreated":"Apr 12, 2017 4:32:01 PM","status":"READY","errorMessage":"","progressUpdateIntervalMs":500,"$$hashKey":"object:236"},{"text":"%md\n#Before you continue...\n\nBefore you continue, be sure you know how to work with Notes.  Here is quick tutorial on working with the Note layout: <https://zeppelin.apache.org/docs/0.6.0/quickstart/explorezeppelinui.html#note-layout>\n\nYou will want to make sure you know how to:\n+ Show the code editor for a paragraph\n+ Run a paragraph\n\nNow is a good time to **practice**.  Go ahead and show the code editor for this paragraph and your name to the line below.  Then run this paragraph to see the change.\n\n**Hello your_name_here**\n","dateUpdated":"Apr 12, 2017 4:32:01 PM","config":{"colWidth":12,"editorMode":"ace/mode/markdown","editorHide":true,"graph":{"mode":"table","height":300,"optionOpen":false,"keys":[],"values":[],"groups":[],"scatter":{}},"enabled":true},"settings":{"params":{},"forms":{}},"jobName":"paragraph_1492029121658_511487629","id":"20170330-165953_1590459004","result":{"code":"SUCCESS","type":"HTML","msg":"<h1>Before you continue&hellip;</h1>\n<p>Before you continue, be sure you know how to work with Notes.  Here is quick tutorial on working with the Note layout: <a href=\"https://zeppelin.apache.org/docs/0.6.0/quickstart/explorezeppelinui.html#note-layout\">https://zeppelin.apache.org/docs/0.6.0/quickstart/explorezeppelinui.html#note-layout</a></p>\n<p>You will want to make sure you know how to:</p>\n<ul>\n<li>Show the code editor for a paragraph</li>\n<li>Run a paragraph</li>\n</ul>\n<p>Now is a good time to <strong>practice</strong>.  Go ahead and show the code editor for this paragraph and your name to the line below.  Then run this paragraph to see the change.</p>\n<p><strong>Hello your_name_here</strong></p>\n"},"dateCreated":"Apr 12, 2017 4:32:01 PM","status":"READY","errorMessage":"","progressUpdateIntervalMs":500,"$$hashKey":"object:237"},{"text":"%md\n#About the Shell Interpreter (%sh)\n\nThe shell interpreter runs linux shell commands as the zeppelin user on the BDCS-CE server running zepellin.  It can be handy way to check zeppelin log files, pull files into BDCS-CE, interact with HDFS, or change/install software.  SSH can also be used, but running shell commands via the notebook can be more natural and self-documenting.\n\nBy default, the zeppelin user does not have sudo privileges.  But in the next Tutorial, we will show how you can add zeppelin to the authorized sudo users list.\n\nThe following paragraph has some sample shell command examples.","dateUpdated":"Apr 12, 2017 4:32:01 PM","config":{"colWidth":12,"editorMode":"ace/mode/markdown","editorHide":true,"graph":{"mode":"table","height":300,"optionOpen":false,"keys":[],"values":[],"groups":[],"scatter":{}},"enabled":true},"settings":{"params":{},"forms":{}},"jobName":"paragraph_1492029121658_511487629","id":"20170314-104354_917688288","result":{"code":"SUCCESS","type":"HTML","msg":"<h1>About the Shell Interpreter (%sh)</h1>\n<p>The shell interpreter runs linux shell commands as the zeppelin user on the BDCS-CE server running zepellin.  It can be handy way to check zeppelin log files, pull files into BDCS-CE, interact with HDFS, or change/install software.  SSH can also be used, but running shell commands via the notebook can be more natural and self-documenting.</p>\n<p>By default, the zeppelin user does not have sudo privileges.  But in the next Tutorial, we will show how you can add zeppelin to the authorized sudo users list.</p>\n<p>The following paragraph has some sample shell command examples.</p>\n"},"dateCreated":"Apr 12, 2017 4:32:01 PM","status":"READY","errorMessage":"","progressUpdateIntervalMs":500,"$$hashKey":"object:238"},{"title":"Example: Shell Interpreter commands","text":"%sh\necho \"running whoami\"\nwhoami\necho \"..\"\necho \"running pwd\"\npwd\necho \"..\"\necho \"running a hadoop command\"\nhadoop fs -ls /user\necho \"..\"\necho \"..\"\necho \"Note: shell interpreter only displays standard out.  It does not display standard error, which can be confusing at times.  Here is an example.\"\necho \"Running the yum command which will fail since we are not root\"\nyum install zasdasfa\necho \"..\"\necho \"Note that we only saw the Loaded plugins message, but no error message\"\necho \"..\"\necho \"..\"\necho \"Here is a technique to capture and display both standard out and standard error with the sh interpreter\"\nyum install zasdasfa 2>&1\necho \"..\"\necho \"Note that we now see the Loaded plugins message and the You need to be root message\"\necho \"..\"\necho \"done\"","authenticationInfo":{},"dateUpdated":"Apr 12, 2017 4:32:26 PM","config":{"colWidth":12,"editorMode":"ace/mode/sh","title":true,"graph":{"mode":"table","height":300,"optionOpen":false,"keys":[],"values":[],"groups":[],"scatter":{}},"enabled":true},"settings":{"params":{},"forms":{}},"jobName":"paragraph_1492029121659_511102880","id":"20170314-104726_1481029671","dateCreated":"Apr 12, 2017 4:32:01 PM","dateStarted":"Apr 12, 2017 4:32:26 PM","dateFinished":"Apr 12, 2017 4:32:29 PM","status":"FINISHED","errorMessage":"","progressUpdateIntervalMs":500,"$$hashKey":"object:239"},{"text":"%md\n#Before you continue...\n\nDid you notice that the above Shell example paragraph had no output?  (At least it didn't when you first imported it).  Go ahead and run the above paragraph to execute the sample shell commands and see the output.","dateUpdated":"Apr 12, 2017 4:32:01 PM","config":{"colWidth":12,"editorMode":"ace/mode/markdown","editorHide":true,"graph":{"mode":"table","height":300,"optionOpen":false,"keys":[],"values":[],"groups":[],"scatter":{}},"enabled":true},"settings":{"params":{},"forms":{}},"jobName":"paragraph_1492029121659_511102880","id":"20170330-170431_946339972","result":{"code":"SUCCESS","type":"HTML","msg":"<h1>Before you continue&hellip;</h1>\n<p>Did you notice that the above Shell example paragraph had no output?  (At least it didn't when you first imported it).  Go ahead and run the above paragraph to execute the sample shell commands and see the output.</p>\n"},"dateCreated":"Apr 12, 2017 4:32:01 PM","status":"READY","errorMessage":"","progressUpdateIntervalMs":500,"$$hashKey":"object:240"},{"text":"%md\n#Next Steps\n\n+ Review the above links to learn more about Zeppelin and Markdown\n+ Refer to the below tips for some additional tricks on working with Zeppelin in BDCS-CE\n+ Do the BDCS-CE Working with Notebook tutorial from the documentation if you have not yet done it: <http://www.oracle.com/webfolder/technetwork/tutorials/obe/cloud/bdcsce/notebook/notebook.html>\n+ Move on to the next tutorial","authenticationInfo":{},"dateUpdated":"Apr 13, 2017 10:31:02 AM","config":{"colWidth":12,"editorMode":"ace/mode/markdown","editorHide":true,"graph":{"mode":"table","height":300,"optionOpen":false,"keys":[],"values":[],"groups":[],"scatter":{}},"enabled":true},"settings":{"params":{},"forms":{}},"jobName":"paragraph_1492029121659_511102880","id":"20170314-103401_1689681646","result":{"code":"SUCCESS","type":"HTML","msg":"<h1>Next Steps</h1>\n<ul>\n<li>Review the above links to learn more about Zeppelin and Markdown</li>\n<li>Refer to the below tips for some additional tricks on working with Zeppelin in BDCS-CE</li>\n<li>Do the BDCS-CE Working with Notebook tutorial from the documentation if you have not yet done it: <a href=\"http://www.oracle.com/webfolder/technetwork/tutorials/obe/cloud/bdcsce/notebook/notebook.html\">http://www.oracle.com/webfolder/technetwork/tutorials/obe/cloud/bdcsce/notebook/notebook.html</a></li>\n<li>Move on to the next tutorial</li>\n</ul>\n"},"dateCreated":"Apr 12, 2017 4:32:01 PM","dateStarted":"Apr 13, 2017 10:30:57 AM","dateFinished":"Apr 13, 2017 10:30:57 AM","status":"FINISHED","progressUpdateIntervalMs":500,"$$hashKey":"object:241"},{"text":"%md\n#Tip: How to Print Notebooks (Save as PDF)\n\nHere is a trick to pretty print the Notebooks so that you can easily share them via email.  Note: you can also export notebooks, but the recipient would need to import the notebook into another Zepellin instance to view it.\n\nThe trick is that the main body of the notebook is enclosed in an iframe.  To best print the notebook, you want to just print the main iframe.  For instance, using the Firefox browser, right-click on the open area between the Notebook title and the set of action icons.  In the pop-up menu, then choose This Frame... Print Frame...   Then choose a printer driver that can print to PDF.\n\nFor illustration, here is a picture:\n![printing](https://gse00010212.storage.oraclecloud.com/v1/Storage-gse00010212/images/snap0011398.jpg \"Printing the Note Frame\")\n","dateUpdated":"Apr 12, 2017 4:32:01 PM","config":{"colWidth":12,"editorMode":"ace/mode/markdown","editorHide":true,"graph":{"mode":"table","height":300,"optionOpen":false,"keys":[],"values":[],"groups":[],"scatter":{}},"enabled":true},"settings":{"params":{},"forms":{}},"jobName":"paragraph_1492029121659_511102880","id":"20170314-105515_126797428","result":{"code":"SUCCESS","type":"HTML","msg":"<h1>Tip: How to Print Notebooks (Save as PDF)</h1>\n<p>Here is a trick to pretty print the Notebooks so that you can easily share them via email.  Note: you can also export notebooks, but the recipient would need to import the notebook into another Zepellin instance to view it.</p>\n<p>The trick is that the main body of the notebook is enclosed in an iframe.  To best print the notebook, you want to just print the main iframe.  For instance, using the Firefox browser, right-click on the open area between the Notebook title and the set of action icons.  In the pop-up menu, then choose This Frame&hellip; Print Frame&hellip;   Then choose a printer driver that can print to PDF.</p>\n<p>For illustration, here is a picture:\n<br  /><img src=\"https://gse00010212.storage.oraclecloud.com/v1/Storage-gse00010212/images/snap0011398.jpg\" alt=\"printing\" title=\"Printing the Note Frame\" /></p>\n"},"dateCreated":"Apr 12, 2017 4:32:01 PM","status":"READY","errorMessage":"","progressUpdateIntervalMs":500,"$$hashKey":"object:242"},{"text":"%md\n#Tip: How (and when) to Restart Zeppelin Notebooks\n\nFrom time to time, you may want to restart the Zepellin Notebook process.  To do so, \n+ Click on the Settings tab at the top of the browser\n+ Then, click on Notebook on the left-hand column\n+ Then click Restart\n\nReasons why you may want to restart the Zeppelin process.\n+ You changed a configuration and want to pick up the new value.  For instance, once you set certain swiftfs parameters (as would be needed to reference the Oracle Storage Cloud Object Store), these values will be used for the rest of the session.  You restart Zeppelin to pick up the new value.\n\n","dateUpdated":"Apr 12, 2017 4:32:01 PM","config":{"colWidth":12,"editorMode":"ace/mode/markdown","editorHide":true,"graph":{"mode":"table","height":300,"optionOpen":false,"keys":[],"values":[],"groups":[],"scatter":{}},"enabled":true},"settings":{"params":{},"forms":{}},"jobName":"paragraph_1492029121659_511102880","id":"20170314-110314_455035664","result":{"code":"SUCCESS","type":"HTML","msg":"<h1>Tip: How (and when) to Restart Zeppelin Notebooks</h1>\n<p>From time to time, you may want to restart the Zepellin Notebook process.  To do so,</p>\n<ul>\n<li>Click on the Settings tab at the top of the browser</li>\n<li>Then, click on Notebook on the left-hand column</li>\n<li>Then click Restart</li>\n</ul>\n<p>Reasons why you may want to restart the Zeppelin process.</p>\n<ul>\n<li>You changed a configuration and want to pick up the new value.  For instance, once you set certain swiftfs parameters (as would be needed to reference the Oracle Storage Cloud Object Store), these values will be used for the rest of the session.  You restart Zeppelin to pick up the new value.</li>\n</ul>\n"},"dateCreated":"Apr 12, 2017 4:32:01 PM","status":"READY","errorMessage":"","progressUpdateIntervalMs":500,"$$hashKey":"object:243"},{"text":"%md\n#Tip: How to look at the Zeppelin log\n\nThe zeppelin log is at /u01/bdcsce/data/var/log/zeppelin\n\nThe following paragraph has some examples showing how to review the logs.","dateUpdated":"Apr 12, 2017 4:32:01 PM","config":{"colWidth":12,"editorMode":"ace/mode/markdown","editorHide":true,"graph":{"mode":"table","height":300,"optionOpen":false,"keys":[],"values":[],"groups":[],"scatter":{}},"enabled":true},"settings":{"params":{},"forms":{}},"jobName":"paragraph_1492029121659_511102880","id":"20170314-103202_1623627021","result":{"code":"SUCCESS","type":"HTML","msg":"<h1>Tip: How to look at the Zeppelin log</h1>\n<p>The zeppelin log is at /u01/bdcsce/data/var/log/zeppelin</p>\n<p>The following paragraph has some examples showing how to review the logs.</p>\n"},"dateCreated":"Apr 12, 2017 4:32:01 PM","status":"READY","errorMessage":"","progressUpdateIntervalMs":500,"$$hashKey":"object:244"},{"title":"Example: Viewing the Zeppelin Log File","text":"%sh\ncd /u01/bdcsce/data/var/log/zeppelin\nls -ltr\necho \"..\"\necho \"..\"\ntail -30 zeppelin-zeppelin-*.log","authenticationInfo":{},"dateUpdated":"Apr 12, 2017 4:32:48 PM","config":{"colWidth":12,"editorMode":"ace/mode/sh","title":true,"graph":{"mode":"table","height":300,"optionOpen":false,"keys":[],"values":[],"groups":[],"scatter":{}},"enabled":true},"settings":{"params":{},"forms":{}},"jobName":"paragraph_1492029121660_509179136","id":"20170314-103516_2010480345","result":{"code":"SUCCESS","type":"TEXT","msg":"total 1128\n-rw-r--r-- 1 zeppelin zeppelin     485 Apr 12 08:41 zeppelin-setup.log\n-rw-rw-r-- 1 zeppelin zeppelin     699 Apr 12 15:38 zeppelin-interpreter-md-zeppelin-dcb-bdcs-apr12-bdcsce-1.log\n-rw-rw-r-- 1 zeppelin zeppelin    4431 Apr 12 15:39 zeppelin-zeppelin-dcb-bdcs-apr12-bdcsce-1.out\n-rw-rw-r-- 1 zeppelin zeppelin 1076037 Apr 12 16:19 zeppelin-interpreter-spark-zeppelin-dcb-bdcs-apr12-bdcsce-1.log\n-rw-rw-r-- 1 zeppelin zeppelin   49959 Apr 12 16:32 zeppelin-zeppelin-dcb-bdcs-apr12-bdcsce-1.log\n-rw-rw-r-- 1 zeppelin zeppelin    3972 Apr 12 16:32 zeppelin-interpreter-sh-zeppelin-dcb-bdcs-apr12-bdcsce-1.log\n..\n..\n INFO [2017-04-12 16:16:36,576] ({pool-1-thread-16} Paragraph.java[jobRun]:235) - run paragraph 20150507-003750_2126368247 using null org.apache.zeppelin.interpreter.LazyOpenInterpreter@46c36b2\n INFO [2017-04-12 16:16:36,777] ({pool-1-thread-16} NotebookServer.java[afterStatusChange]:1092) - Job 20150507-003750_2126368247 is finished\n INFO [2017-04-12 16:16:36,965] ({pool-1-thread-16} SchedulerFactory.java[jobFinished]:137) - Job paragraph_1430926670129_1617064439 finished by scheduler org.apache.zeppelin.interpreter.remote.RemoteInterpretershared_session1465513367\n INFO [2017-04-12 16:17:39,943] ({pool-1-thread-10} SchedulerFactory.java[jobStarted]:131) - Job paragraph_1430926670129_1617064439 started by scheduler org.apache.zeppelin.interpreter.remote.RemoteInterpretershared_session1465513367\n INFO [2017-04-12 16:17:39,944] ({pool-1-thread-10} Paragraph.java[jobRun]:235) - run paragraph 20150507-003750_2126368247 using null org.apache.zeppelin.interpreter.LazyOpenInterpreter@46c36b2\n INFO [2017-04-12 16:17:40,180] ({pool-1-thread-10} NotebookServer.java[afterStatusChange]:1092) - Job 20150507-003750_2126368247 is finished\n INFO [2017-04-12 16:17:40,302] ({pool-1-thread-10} SchedulerFactory.java[jobFinished]:137) - Job paragraph_1430926670129_1617064439 finished by scheduler org.apache.zeppelin.interpreter.remote.RemoteInterpretershared_session1465513367\n INFO [2017-04-12 16:18:09,132] ({qtp1397616978-43} NotebookServer.java[onClose]:213) - Closed connection to 127.0.0.1 : 44512. (1001) null\n INFO [2017-04-12 16:18:13,204] ({qtp1397616978-41} NotebookServer.java[onOpen]:92) - New connection from 0:0:0:0:0:0:0:1 : 56760\n INFO [2017-04-12 16:18:13,488] ({qtp1397616978-44} NotebookServer.java[sendNote]:402) - New operation from 0:0:0:0:0:0:0:1 : 56760 : anonymous : GET_NOTE : 2APFTN3NY\n INFO [2017-04-12 16:19:32,565] ({pool-1-thread-17} SchedulerFactory.java[jobStarted]:131) - Job paragraph_1430926670129_1617064439 started by scheduler org.apache.zeppelin.interpreter.remote.RemoteInterpretershared_session1465513367\n INFO [2017-04-12 16:19:32,566] ({pool-1-thread-17} Paragraph.java[jobRun]:235) - run paragraph 20150507-003750_2126368247 using null org.apache.zeppelin.interpreter.LazyOpenInterpreter@46c36b2\n INFO [2017-04-12 16:19:32,762] ({pool-1-thread-17} NotebookServer.java[afterStatusChange]:1092) - Job 20150507-003750_2126368247 is finished\n INFO [2017-04-12 16:19:32,860] ({pool-1-thread-17} SchedulerFactory.java[jobFinished]:137) - Job paragraph_1430926670129_1617064439 finished by scheduler org.apache.zeppelin.interpreter.remote.RemoteInterpretershared_session1465513367\n INFO [2017-04-12 16:19:39,986] ({qtp1397616978-41} NotebookServer.java[onClose]:213) - Closed connection to 0:0:0:0:0:0:0:1 : 56760. (1001) null\n INFO [2017-04-12 16:19:42,467] ({qtp1397616978-41} NotebookServer.java[onOpen]:92) - New connection from 127.0.0.1 : 45643\n INFO [2017-04-12 16:19:44,973] ({qtp1397616978-40} NotebookServer.java[onClose]:213) - Closed connection to 127.0.0.1 : 45643. (1006) null\n INFO [2017-04-12 16:19:48,500] ({qtp1397616978-40} NotebookServer.java[onOpen]:92) - New connection from 0:0:0:0:0:0:0:1 : 56891\n INFO [2017-04-12 16:19:48,705] ({qtp1397616978-43} NotebookServer.java[sendNote]:402) - New operation from 0:0:0:0:0:0:0:1 : 56891 : anonymous : GET_NOTE : 2APFTN3NY\n INFO [2017-04-12 16:22:01,767] ({qtp1397616978-43} NotebookServer.java[onClose]:213) - Closed connection to 0:0:0:0:0:0:0:1 : 56891. (1001) null\nERROR [2017-04-12 16:32:01,177] ({qtp1397616978-43} InterpreterSettingProcessor.java[serialize]:171) - Error storing kylin.api.password for interpreter kylin: java.io.IOException: Credential kylin.kylin.api.password already exists in jceks://hdfs/user/zeppelin/interpreter-store.jks.  Password is not persisted.\n WARN [2017-04-12 16:32:02,567] ({qtp1397616978-40} SecurityRestApi.java[ticket]:79) - {\"status\":\"OK\",\"message\":\"\",\"body\":{\"principal\":\"anonymous\",\"ticket\":\"anonymous\",\"roles\":\"[]\"}}\n INFO [2017-04-12 16:32:03,430] ({qtp1397616978-42} NotebookServer.java[onOpen]:92) - New connection from 0:0:0:0:0:0:0:1 : 57683\n INFO [2017-04-12 16:32:03,656] ({qtp1397616978-41} NotebookServer.java[sendNote]:402) - New operation from 0:0:0:0:0:0:0:1 : 57683 : anonymous : GET_NOTE : 2CEXDU5HU\n INFO [2017-04-12 16:32:26,663] ({pool-1-thread-7} SchedulerFactory.java[jobStarted]:131) - Job paragraph_1492029121659_511102880 started by scheduler org.apache.zeppelin.interpreter.remote.RemoteInterpretershared_session600135376\n INFO [2017-04-12 16:32:26,664] ({pool-1-thread-7} Paragraph.java[jobRun]:235) - run paragraph 20170314-104726_1481029671 using sh org.apache.zeppelin.interpreter.LazyOpenInterpreter@586c0a7a\n INFO [2017-04-12 16:32:29,353] ({pool-1-thread-7} NotebookServer.java[afterStatusChange]:1092) - Job 20170314-104726_1481029671 is finished\n INFO [2017-04-12 16:32:29,414] ({pool-1-thread-7} SchedulerFactory.java[jobFinished]:137) - Job paragraph_1492029121659_511102880 finished by scheduler org.apache.zeppelin.interpreter.remote.RemoteInterpretershared_session600135376\n INFO [2017-04-12 16:32:48,208] ({pool-1-thread-18} SchedulerFactory.java[jobStarted]:131) - Job paragraph_1492029121660_509179136 started by scheduler org.apache.zeppelin.interpreter.remote.RemoteInterpretershared_session600135376\n INFO [2017-04-12 16:32:48,209] ({pool-1-thread-18} Paragraph.java[jobRun]:235) - run paragraph 20170314-103516_2010480345 using sh org.apache.zeppelin.interpreter.LazyOpenInterpreter@586c0a7a\n"},"dateCreated":"Apr 12, 2017 4:32:01 PM","dateStarted":"Apr 12, 2017 4:32:48 PM","dateFinished":"Apr 12, 2017 4:32:48 PM","status":"FINISHED","progressUpdateIntervalMs":500,"$$hashKey":"object:245"},{"dateUpdated":"Apr 12, 2017 4:32:01 PM","config":{"colWidth":12,"editorMode":"ace/mode/scala","graph":{"mode":"table","height":300,"optionOpen":false,"keys":[],"values":[],"groups":[],"scatter":{}},"enabled":true},"settings":{"params":{},"forms":{}},"jobName":"paragraph_1492029121660_509179136","id":"20170314-111355_401235007","dateCreated":"Apr 12, 2017 4:32:01 PM","status":"READY","errorMessage":"","progressUpdateIntervalMs":500,"$$hashKey":"object:246"}],"name":" Tutorial 1 Notebook Basics 1721","id":"2CEXDU5HU","angularObjects":{"2CD6WYC7W":[],"2CCTXDSND":[],"2CE218DB1":[],"2CE9NPDKE":[],"2CGH7KD7M":[],"2CDTMCKYB":[],"2CEYWTAXZ":[],"2CDENCQNE":[],"2CFAR3AQG":[]},"config":{"looknfeel":"default"},"info":{}}