﻿{"paragraphs":[{"text":"%md\n# Welcome to the Big Data User Journeys\n\nThe Big Data User Journeys help users get started using Oracle Cloud services with a purpose. This particular journey is designed to show you techniques you can use to build your own New Data Lake.\n\n\n![](https://raw.githubusercontent.com/millerhoo/journey2-new-data-lake/master/workshops/journey2-new-data-lake/images/snap0012028.jpg)\n\n## How to View the Lab Guides\n\n- The Labguides are best viewed using the Workshop's [GitHub Pages Website URL](https://oracle.github.io/learning-library/workshops/journey2-new-data-lake/) \n\n- Once you are viewing the Workshop's GitHub Pages website, you can see a list of Lab Guides at any time by clicking on the **Menu Icon**\n\n    ![](https://raw.githubusercontent.com/millerhoo/journey2-new-data-lake/master/workshops/journey2-new-data-lake/images/WorkshopMenu.png)  \n\n- At this point you should be able to navigate to the Lab 200 guide at the GitHub Pages website. Or follow the quick start next steps below.","user":"anonymous","dateUpdated":"2018-01-04T15:27:29+0000","config":{"colWidth":12,"enabled":true,"results":{},"editorSetting":{"language":"markdown","editOnDblClick":"true"},"editorMode":"ace/mode/markdown","editorHide":true,"tableHide":false},"settings":{"params":{},"forms":{}},"results":{"code":"SUCCESS","msg":[{"type":"HTML","data":"<div class=\"markdown-body\">\n<h1>Welcome to the Big Data User Journeys</h1>\n<p>The Big Data User Journeys help users get started using Oracle Cloud services with a purpose. This particular journey is designed to show you techniques you can use to build your own New Data Lake.</p>\n<p><img src=\"https://raw.githubusercontent.com/millerhoo/journey2-new-data-lake/master/workshops/journey2-new-data-lake/images/snap0012028.jpg\" /></p>\n<h2>How to View the Lab Guides</h2>\n<ul>\n  <li>\n  <p>The Labguides are best viewed using the Workshop&rsquo;s <a href=\"https://oracle.github.io/learning-library/workshops/journey2-new-data-lake/\">GitHub Pages Website URL</a></p></li>\n  <li>\n    <p>Once you are viewing the Workshop&rsquo;s GitHub Pages website, you can see a list of Lab Guides at any time by clicking on the <strong>Menu Icon</strong></p>\n    <p><img src=\"https://raw.githubusercontent.com/millerhoo/journey2-new-data-lake/master/workshops/journey2-new-data-lake/images/WorkshopMenu.png\" /> </p>\n  </li>\n  <li>\n  <p>At this point you should be able to navigate to the Lab 200 guide at the GitHub Pages website. Or follow the quick start next steps below.</p></li>\n</ul>\n</div>"}]},"apps":[],"jobName":"paragraph_1515079103714_-1291161734","id":"20180104-151823_1224958003","dateCreated":"2018-01-04T15:18:23+0000","dateStarted":"2018-01-04T15:27:29+0000","dateFinished":"2018-01-04T15:27:29+0000","status":"FINISHED","progressUpdateIntervalMs":500,"focus":true,"$$hashKey":"object:236"},{"text":"%md\n# Quick Start Next Steps\n\n\n### **STEP 1**: Click on the Notebook tab.\n\n\n\n### **STEP 2**: Expand the Journeys folder.  Then expand the New Data Lake folder.  Then click on the title of the \"Tutorial 1 Notebook Basics\" note.\n\n\n![](https://raw.githubusercontent.com/millerhoo/journey2-new-data-lake/master/workshops/journey2-new-data-lake/images/200/snap0012200.jpg) \n\n\n\n### **STEP 3**: Read and follow the instructions in Tutorial 1\n\n- The paragraphs of the note are displayed. \n\nPlease walk through the paragraphs one by one. Read through the content of the paragraphs as you get to them. There is much useful information in the paragraphs that is not reproduced into these instructions.\n![](https://raw.githubusercontent.com/millerhoo/journey2-new-data-lake/master/workshops/journey2-new-data-lake/images/200/snap0012202.jpg) \n\n\n","user":"anonymous","dateUpdated":"2018-01-04T15:27:08+0000","config":{"colWidth":12,"enabled":true,"results":{},"editorSetting":{"language":"markdown","editOnDblClick":"true"},"editorMode":"ace/mode/markdown","editorHide":true,"tableHide":false},"settings":{"params":{},"forms":{}},"apps":[],"jobName":"paragraph_1515079277659_-1336483838","id":"20180104-152117_767507930","dateCreated":"2018-01-04T15:21:17+0000","status":"FINISHED","progressUpdateIntervalMs":500,"$$hashKey":"object:237","dateFinished":"2018-01-04T15:27:08+0000","dateStarted":"2018-01-04T15:27:08+0000","results":{"code":"SUCCESS","msg":[{"type":"HTML","data":"<div class=\"markdown-body\">\n<h1>Quick Start Next Steps</h1>\n<h3><strong>STEP 1</strong>: Click on the Notebook tab.</h3>\n<h3><strong>STEP 2</strong>: Expand the Journeys folder. Then expand the New Data Lake folder. Then click on the title of the &ldquo;Tutorial 1 Notebook Basics&rdquo; note.</h3>\n<p><img src=\"https://raw.githubusercontent.com/millerhoo/journey2-new-data-lake/master/workshops/journey2-new-data-lake/images/200/snap0012200.jpg\" /> </p>\n<h3><strong>STEP 3</strong>: Read and follow the instructions in Tutorial 1</h3>\n<ul>\n  <li>The paragraphs of the note are displayed.</li>\n</ul>\n<p>Please walk through the paragraphs one by one. Read through the content of the paragraphs as you get to them. There is much useful information in the paragraphs that is not reproduced into these instructions.<br/><img src=\"https://raw.githubusercontent.com/millerhoo/journey2-new-data-lake/master/workshops/journey2-new-data-lake/images/200/snap0012202.jpg\" /></p>\n</div>"}]}},{"text":"%md\n","user":"anonymous","dateUpdated":"2018-01-04T15:26:02+0000","config":{"colWidth":12,"enabled":true,"results":{},"editorSetting":{"language":"markdown","editOnDblClick":"true"},"editorMode":"ace/mode/markdown"},"settings":{"params":{},"forms":{}},"apps":[],"jobName":"paragraph_1515079562187_-431925495","id":"20180104-152602_1439624593","dateCreated":"2018-01-04T15:26:02+0000","status":"READY","progressUpdateIntervalMs":500,"focus":true,"$$hashKey":"object:446"}],"name":"Big Data User Journeys - START HERE","id":"2D2BHW144","angularObjects":{"2D1TJSV9V:shared_process":[],"2D46JFPJG:shared_process":[],"2D2YE91QH:shared_process":[],"2CZX4RY25:shared_process":[],"2D2TS63QB:shared_process":[],"2D2URAWGN:shared_process":[],"2C4U48MY3_spark2:shared_process":[],"2CZX56P84:shared_process":[]},"config":{"looknfeel":"default","personalizedMode":"false"},"info":{}}