﻿{"paragraphs":[{"text":"%md\n# xtra tutorial: How to use Cloudberry Explorer with Oracle Object Store\n\nBefore starting this tutorial, you should have:\n- Oracle Storage Cloud Service account and login credentials\n- A computer with Windows OS\n- Download and install [CloudBerry Explorer for OpenStack freeware](https://www.cloudberrylab.com/explorer/openstack.aspx)\n\n\n\n# Setting up Cloudberry Explorer with Object Store\n\n![](https://oracle.github.io/learning-library/workshops/journey3-data-science/images/200/image8.png) \n\nGo back to the My Services Dashboard page. It lists the services that are assigned to your account.\n\nLook for and click **Storage**.\n\n![](https://oracle.github.io/learning-library/workshops/journey3-data-science/images/200/image9.png) \n\nThe Service Details page is displayed.\n\nLook at the identity domain name, data jurisdiction, and URLs displayed in the REST Endpoint and Auth V\nEndpoint fields under Additional Information.\n\nYou will need to refer back to the information in this page when you setup CloudBerry for Oracle Storage\nCloud Service in the following steps.\n\n![](https://oracle.github.io/learning-library/workshops/journey3-data-science/images/200/image10.png) \n\nCloudBerry Explorer for OpenStack provides a user interface to cloud storage accounts allowing managing\nand moving data across your local and cloud storage.\n\nLaunch CloudBerry Explorer if you have installed it, click **File** , and select **New Oracle Cloud Account** option.\n\n![](https://oracle.github.io/learning-library/workshops/journey3-data-science/images/200/image11.png)\n\nTo complete the setup in the Add New Oracle Cloud Storage Account dialog, you may need to copy the\nidentity domain and URLs from the Service Details: Oracle Storage Cloud Service page we mentioned at\nthe beginning of this section.\n- Insert a **display name** of your choice.\n- Insert the user name, the **user name** is in the format **Storage-\\<identity-domain\\>:\\<username\\>** ,\nwhere <username> is the username of your Oracle Public Cloud, that has the correct rights to the\nOracle Storage Cloud Service. For example, _Storage-myDomainID555:myCloudAdminName_\n- Insert the **password** that matches the previous username.\n- Insert the **Authentication Service URL** , it will look like this:\n\n    https://<identity-domain>.storage.oraclecloud.com/auth/v1\n    \n- In the **account location** select the Data Jurisdiction, for example, US Commercial 2(us2).\n\nClick **Test Connection** to validate your setup. Then click **OK**.\n\n![](https://oracle.github.io/learning-library/workshops/journey3-data-science/images/200/image12.png)\n\nOnce you set up the Oracle Storage Cloud account successfully, you can manage and move data across\nyour local and cloud storage. You can drag and drop a data file from your local computer to the cloud\nstorage easily.\n\n\nYou can also move data across your local and cloud storage with [Oracle Storage Cloud Service - File Transfer Manager CLI](http://www.oracle.com/technetwork/topics/cloud/downloads/storage-cloud-upload-cli-3424297.html). It is a Java-based command line tool (CLI) that simplifies uploading to and downloading from Oracle Storage Cloud Service. Please refer [here](https://docs.oracle.com/en/cloud/iaas/storage-cloud/csclr/preparing-use-oracle-storage-cloud-file-transfer-manager-cli.html#GUID-5BB8647F-DDAD-4371-A519-1116402245FB) for more details about it.\n","dateUpdated":"2017-11-15T18:10:58+0000","config":{"tableHide":false,"editorSetting":{"language":"markdown","editOnDblClick":"true"},"colWidth":12,"editorMode":"ace/mode/markdown","editorHide":true,"results":{},"enabled":true},"settings":{"params":{},"forms":{}},"results":{"code":"SUCCESS","msg":[{"type":"HTML","data":"<div class=\"markdown-body\">\n<h1>xtra tutorial: How to use Cloudberry Explorer with Oracle Object Store</h1>\n<p>Before starting this tutorial, you should have:<br/>- Oracle Storage Cloud Service account and login credentials<br/>- A computer with Windows OS<br/>- Download and install <a href=\"https://www.cloudberrylab.com/explorer/openstack.aspx\">CloudBerry Explorer for OpenStack freeware</a></p>\n<h1>Setting up Cloudberry Explorer with Object Store</h1>\n<p><img src=\"https://oracle.github.io/learning-library/workshops/journey3-data-science/images/200/image8.png\" /> </p>\n<p>Go back to the My Services Dashboard page. It lists the services that are assigned to your account.</p>\n<p>Look for and click <strong>Storage</strong>.</p>\n<p><img src=\"https://oracle.github.io/learning-library/workshops/journey3-data-science/images/200/image9.png\" /> </p>\n<p>The Service Details page is displayed.</p>\n<p>Look at the identity domain name, data jurisdiction, and URLs displayed in the REST Endpoint and Auth V<br/>Endpoint fields under Additional Information.</p>\n<p>You will need to refer back to the information in this page when you setup CloudBerry for Oracle Storage<br/>Cloud Service in the following steps.</p>\n<p><img src=\"https://oracle.github.io/learning-library/workshops/journey3-data-science/images/200/image10.png\" /> </p>\n<p>CloudBerry Explorer for OpenStack provides a user interface to cloud storage accounts allowing managing<br/>and moving data across your local and cloud storage.</p>\n<p>Launch CloudBerry Explorer if you have installed it, click <strong>File</strong> , and select <strong>New Oracle Cloud Account</strong> option.</p>\n<p><img src=\"https://oracle.github.io/learning-library/workshops/journey3-data-science/images/200/image11.png\" /></p>\n<p>To complete the setup in the Add New Oracle Cloud Storage Account dialog, you may need to copy the<br/>identity domain and URLs from the Service Details: Oracle Storage Cloud Service page we mentioned at<br/>the beginning of this section.<br/>- Insert a <strong>display name</strong> of your choice.<br/>- Insert the user name, the <strong>user name</strong> is in the format <strong>Storage-&lt;identity-domain&gt;:&lt;username&gt;</strong> ,<br/>where <username> is the username of your Oracle Public Cloud, that has the correct rights to the<br/>Oracle Storage Cloud Service. For example, <em>Storage-myDomainID555:myCloudAdminName</em><br/>- Insert the <strong>password</strong> that matches the previous username.<br/>- Insert the <strong>Authentication Service URL</strong> , it will look like this:</p>\n<pre><code>https://&lt;identity-domain&gt;.storage.oraclecloud.com/auth/v1\n</code></pre>\n<ul>\n  <li>In the <strong>account location</strong> select the Data Jurisdiction, for example, US Commercial 2(us2).</li>\n</ul>\n<p>Click <strong>Test Connection</strong> to validate your setup. Then click <strong>OK</strong>.</p>\n<p><img src=\"https://oracle.github.io/learning-library/workshops/journey3-data-science/images/200/image12.png\" /></p>\n<p>Once you set up the Oracle Storage Cloud account successfully, you can manage and move data across<br/>your local and cloud storage. You can drag and drop a data file from your local computer to the cloud<br/>storage easily.</p>\n<p>You can also move data across your local and cloud storage with <a href=\"http://www.oracle.com/technetwork/topics/cloud/downloads/storage-cloud-upload-cli-3424297.html\">Oracle Storage Cloud Service - File Transfer Manager CLI</a>. It is a Java-based command line tool (CLI) that simplifies uploading to and downloading from Oracle Storage Cloud Service. Please refer <a href=\"https://docs.oracle.com/en/cloud/iaas/storage-cloud/csclr/preparing-use-oracle-storage-cloud-file-transfer-manager-cli.html#GUID-5BB8647F-DDAD-4371-A519-1116402245FB\">here</a> for more details about it.</p>\n</div>"}]},"apps":[],"jobName":"paragraph_1510769458192_811986790","id":"20170813-170943_232618480","dateCreated":"2017-11-15T18:10:58+0000","status":"READY","errorMessage":"","progressUpdateIntervalMs":500,"focus":true,"$$hashKey":"object:236"},{"text":"%md\n","dateUpdated":"2017-11-15T18:10:58+0000","config":{"colWidth":12,"editorMode":"ace/mode/markdown","results":{},"enabled":true,"editorSetting":{"language":"markdown","editOnDblClick":"true"}},"settings":{"params":{},"forms":{}},"apps":[],"jobName":"paragraph_1510769458193_811602041","id":"20170813-171007_1495676357","dateCreated":"2017-11-15T18:10:58+0000","status":"READY","errorMessage":"","progressUpdateIntervalMs":500,"$$hashKey":"object:237"}],"name":"Extras/Cloudberry with Object Store","id":"2CZBUGR3F","angularObjects":{"2CYSDQRTD:shared_process":[],"2CXZGEME1:shared_process":[],"2CYUAMVSY:shared_process":[],"2CZXWA6ZX:shared_process":[],"2CX2H9AR3:shared_process":[],"2C4U48MY3_spark2:shared_process":[],"2CXNDMXPX:shared_process":[],"2CXEDJX5E:shared_process":[]},"config":{"looknfeel":"default","personalizedMode":"false"},"info":{}}