﻿{"paragraphs":[{"text":"%md\n# Working with Event Hub Connectors for Oracle Database and Oracle Object Store\n\nThis is a placeholder note.\n\nDocumentation with examples that you can use.\n\nJDBC Source : <a href=\"https://docs.oracle.com/en/cloud/paas/event-hub-cloud/admin-guide/jdbc-source-connector.html\" target=\"_blank\">https:  //docs.oracle.com/en/cloud/paas/event-hub-cloud/admin-guide/jdbc-source-connector.html</a>\n\nJDBC Sink Connector: <a href=\"https://docs.oracle.com/en/cloud/paas/event-hub-cloud/admin-guide/jdbc-sink-connector.html\" target=\"_blank\">https:  //docs.oracle.com/en/cloud/paas/event-hub-cloud/admin-guide/jdbc-sink-connector.html</a> \n\nObject Storage Sink Connector: <a href=\"https://docs.oracle.com/en/cloud/paas/event-hub-cloud/admin-guide/ocs-sink-connector.html\" target=\"_blank\">https:  //docs.oracle.com/en/cloud/paas/event-hub-cloud/admin-guide/ocs-sink-connector.html</a> \n\n","user":"anonymous","dateUpdated":"2018-02-01T15:57:00+0000","config":{"colWidth":12,"enabled":true,"results":{},"editorSetting":{"language":"markdown","editOnDblClick":"true"},"editorMode":"ace/mode/markdown","editorHide":true,"tableHide":false},"settings":{"params":{},"forms":{}},"results":{"code":"SUCCESS","msg":[{"type":"HTML","data":"<div class=\"markdown-body\">\n<h1>Working with Event Hub Connectors for Oracle Database and Oracle Object Store</h1>\n<p>This is a placeholder note.</p>\n<p>Documentation with examples that you can use.</p>\n<p>JDBC Source : <a href=\"https://docs.oracle.com/en/cloud/paas/event-hub-cloud/admin-guide/jdbc-source-connector.html\" target=\"_blank\">https: //docs.oracle.com/en/cloud/paas/event-hub-cloud/admin-guide/jdbc-source-connector.html</a></p>\n<p>JDBC Sink Connector: <a href=\"https://docs.oracle.com/en/cloud/paas/event-hub-cloud/admin-guide/jdbc-sink-connector.html\" target=\"_blank\">https: //docs.oracle.com/en/cloud/paas/event-hub-cloud/admin-guide/jdbc-sink-connector.html</a> </p>\n<p>Object Storage Sink Connector: <a href=\"https://docs.oracle.com/en/cloud/paas/event-hub-cloud/admin-guide/ocs-sink-connector.html\" target=\"_blank\">https: //docs.oracle.com/en/cloud/paas/event-hub-cloud/admin-guide/ocs-sink-connector.html</a></p>\n</div>"}]},"apps":[],"jobName":"paragraph_1517499953734_327005633","id":"20180201-154553_1586452162","dateCreated":"2018-02-01T15:45:53+0000","dateStarted":"2018-02-01T15:57:00+0000","dateFinished":"2018-02-01T15:57:00+0000","status":"FINISHED","progressUpdateIntervalMs":500,"focus":true,"$$hashKey":"object:254"},{"text":"%md\n","user":"anonymous","dateUpdated":"2018-02-01T15:47:19+0000","config":{"colWidth":12,"enabled":true,"results":{},"editorSetting":{"language":"markdown","editOnDblClick":"true"},"editorMode":"ace/mode/markdown"},"settings":{"params":{},"forms":{}},"apps":[],"jobName":"paragraph_1517500039767_665690290","id":"20180201-154719_271776982","dateCreated":"2018-02-01T15:47:19+0000","status":"READY","progressUpdateIntervalMs":500,"$$hashKey":"object:255"}],"name":"Extras/Working With OEHCS Connectors","id":"2D5PG2WME","angularObjects":{"2D7AG6DRJ:shared_process":[],"2D5F2RENJ:shared_process":[],"2D4A2Y22C:shared_process":[],"2D7MAKX2Q:shared_process":[],"2D7YC4S1W:shared_process":[],"2D5PGP84N:shared_process":[],"2C4U48MY3_spark2:shared_process":[],"2D72FH4V7:shared_process":[]},"config":{"looknfeel":"default","personalizedMode":"false"},"info":{}}