﻿{"paragraphs":[{"text":"%md\n# xtra Connecting to Ambari\n\nThis note describes how to connect to the Ambari web console for your BDCS-CE instance.\n\nThese instructions will show you how to connect to Ambari using SSH tunneling.  Alternatively, you could use an Access Rule to open up Ambari to the public internet and access it directly.\n\nThese instructions assume you are running Windows and using the Putty SSH tool.\n","dateUpdated":"2018-04-25T21:12:55+0000","config":{"tableHide":false,"editorSetting":{"language":"markdown","editOnDblClick":"true"},"colWidth":12,"editorMode":"ace/mode/markdown","editorHide":true,"results":{},"enabled":true},"settings":{"params":{},"forms":{}},"results":{"code":"SUCCESS","msg":[{"type":"HTML","data":"<div class=\"markdown-body\">\n<h1>xtra Connecting to Ambari</h1>\n<p>This note describes how to connect to the Ambari web console for your BDCS-CE instance.</p>\n<p>These instructions will show you how to connect to Ambari using SSH tunneling. Alternatively, you could use an Access Rule to open up Ambari to the public internet and access it directly.</p>\n<p>These instructions assume you are running Windows and using the Putty SSH tool.</p>\n</div>"}]},"apps":[],"jobName":"paragraph_1524690775206_1870676572","id":"20170823-202048_130724929","dateCreated":"2018-04-25T21:12:55+0000","status":"READY","errorMessage":"","progressUpdateIntervalMs":500,"focus":true,"$$hashKey":"object:2040"},{"text":"%md\n# Steps\n\n+ Connect to BDCS-CE via SSH\n+ Setup a SSH Tunnel (port forwarding)\n+ Connect to Ambari","dateUpdated":"2018-04-25T21:12:55+0000","config":{"tableHide":false,"editorSetting":{"language":"markdown","editOnDblClick":"true"},"colWidth":12,"editorMode":"ace/mode/markdown","editorHide":true,"results":{},"enabled":true},"settings":{"params":{},"forms":{}},"results":{"code":"SUCCESS","msg":[{"type":"HTML","data":"<div class=\"markdown-body\">\n<h1>Steps</h1>\n<ul>\n  <li>Connect to BDCS-CE via SSH</li>\n  <li>Setup a SSH Tunnel (port forwarding)</li>\n  <li>Connect to Ambari</li>\n</ul>\n</div>"}]},"apps":[],"jobName":"paragraph_1524690775207_1870291824","id":"20170823-202247_1224518297","dateCreated":"2018-04-25T21:12:55+0000","status":"READY","errorMessage":"","progressUpdateIntervalMs":500,"$$hashKey":"object:2041"},{"text":"%md\n# Connect to BDCS-CE via SSH\n\nPlease follow the steps in the note \"xtra Connecting via SSH\" to open up a connection to BDCS-CE via SSH.  Once you have a running SSH connection, proceed to the next step.","dateUpdated":"2018-04-25T21:12:55+0000","config":{"tableHide":false,"editorSetting":{"language":"markdown","editOnDblClick":"true"},"colWidth":12,"editorMode":"ace/mode/markdown","editorHide":true,"results":{},"enabled":true},"settings":{"params":{},"forms":{}},"results":{"code":"SUCCESS","msg":[{"type":"HTML","data":"<div class=\"markdown-body\">\n<h1>Connect to BDCS-CE via SSH</h1>\n<p>Please follow the steps in the note &ldquo;xtra Connecting via SSH&rdquo; to open up a connection to BDCS-CE via SSH. Once you have a running SSH connection, proceed to the next step.</p>\n</div>"}]},"apps":[],"jobName":"paragraph_1524690775207_1870291824","id":"20170823-204416_18284854","dateCreated":"2018-04-25T21:12:55+0000","status":"READY","errorMessage":"","progressUpdateIntervalMs":500,"$$hashKey":"object:2042"},{"text":"%md\n# Setup a SSH tunnel (port forwarding)\n\nAmbari runs on port 8080 on the master server of your BDCS-CE cluster.  We will setup a SSH tunnel from port 8080 on the BDCS-CE master server to our local computer's port 8080.\n\n+ In Putty, choose Change Settings from the top-left icon menu.\n+ Click on Tunnels under SSH under Connection in the Category box\n+ Enter 8080 for the Source Port\n+ Enter 127.0.0.1:8080 for the Destination\n+ Click the Add button\n+ Click the Apply button\n+ Leave your Putty window open.  If the Putty window is closed or the connection in Putty drops, then your connection to Ambari will drop as well.\n \n\n![SSH Tunnel](https://raw.githubusercontent.com/oracle/learning-library/master/workshops/journey2-new-data-lake/images/200/SSHtunnel.gif)\n\n","dateUpdated":"2018-04-25T21:12:55+0000","config":{"tableHide":false,"editorSetting":{"language":"markdown","editOnDblClick":"true"},"colWidth":12,"editorMode":"ace/mode/markdown","editorHide":true,"results":{},"enabled":true},"settings":{"params":{},"forms":{}},"results":{"code":"SUCCESS","msg":[{"type":"HTML","data":"<div class=\"markdown-body\">\n<h1>Setup a SSH tunnel (port forwarding)</h1>\n<p>Ambari runs on port 8080 on the master server of your BDCS-CE cluster. We will setup a SSH tunnel from port 8080 on the BDCS-CE master server to our local computer&rsquo;s port 8080.</p>\n<ul>\n  <li>In Putty, choose Change Settings from the top-left icon menu.</li>\n  <li>Click on Tunnels under SSH under Connection in the Category box</li>\n  <li>Enter 8080 for the Source Port</li>\n  <li>Enter 127.0.0.1:8080 for the Destination</li>\n  <li>Click the Add button</li>\n  <li>Click the Apply button</li>\n  <li>Leave your Putty window open. If the Putty window is closed or the connection in Putty drops, then your connection to Ambari will drop as well.</li>\n</ul>\n<p><img src=\"https://raw.githubusercontent.com/oracle/learning-library/master/workshops/journey2-new-data-lake/images/200/SSHtunnel.gif\" alt=\"SSH Tunnel\" /></p>\n</div>"}]},"apps":[],"jobName":"paragraph_1524690775208_1868368079","id":"20170823-202347_1701701082","dateCreated":"2018-04-25T21:12:55+0000","status":"READY","errorMessage":"","progressUpdateIntervalMs":500,"$$hashKey":"object:2043"},{"text":"%md\n# Connect to Ambari\n\n+ Open up a local browser window to <a href=\"https://127.0.0.1:8080/\" target=\"_blank\">https ://127.0.0.1:8080/</a>\n+ Accept the self-signed certificate on your first connection\n+ Login using the username/password you specified when you created BDCS-CE.  The default username is bdcsce_admin.\n+ Leave your Putty window open. If the Putty window is closed or the connection in Putty drops, then your connection to Ambari will drop as well.\n\n![Ambari](https://raw.githubusercontent.com/oracle/learning-library/master/workshops/journey2-new-data-lake/images/200/Ambari.gif)\n\n\n","dateUpdated":"2018-04-25T21:12:55+0000","config":{"tableHide":false,"editorSetting":{"language":"markdown","editOnDblClick":"true"},"colWidth":12,"editorMode":"ace/mode/markdown","editorHide":true,"results":{},"enabled":true},"settings":{"params":{},"forms":{}},"results":{"code":"SUCCESS","msg":[{"type":"HTML","data":"<div class=\"markdown-body\">\n<h1>Connect to Ambari</h1>\n<ul>\n  <li>Open up a local browser window to <a href=\"https://127.0.0.1:8080/\" target=\"_blank\">https ://127.0.0.1:8080/</a></li>\n  <li>Accept the self-signed certificate on your first connection</li>\n  <li>Login using the username/password you specified when you created BDCS-CE. The default username is bdcsce_admin.</li>\n  <li>Leave your Putty window open. If the Putty window is closed or the connection in Putty drops, then your connection to Ambari will drop as well.</li>\n</ul>\n<p><img src=\"https://raw.githubusercontent.com/oracle/learning-library/master/workshops/journey2-new-data-lake/images/200/Ambari.gif\" alt=\"Ambari\" /></p>\n</div>"}]},"apps":[],"jobName":"paragraph_1524690775208_1868368079","id":"20170823-202408_1156728113","dateCreated":"2018-04-25T21:12:55+0000","status":"READY","errorMessage":"","progressUpdateIntervalMs":500,"$$hashKey":"object:2044"},{"text":"%md\n# Extra Credit - More about BDC, Ambari, and Ambari Views\n\nTo learn more about BDC and Ambari, check out this third-party blog post which has some useful information and ideas: <a href=\"http://gokhanatil.com/2017/06/introduction-to-oracle-big-data-cloud-service-compute-edition-part-iii-ambari.html\" target=\"_blank\">http: //gokhanatil.com/2017/06/introduction-to-oracle-big-data-cloud-service-compute-edition-part-iii-ambari.html</a>","user":"anonymous","dateUpdated":"2018-05-17T12:41:26+0000","config":{"colWidth":12,"editorMode":"ace/mode/markdown","results":{},"enabled":true,"editorSetting":{"language":"markdown","editOnDblClick":"true"},"editorHide":true,"tableHide":false},"settings":{"params":{},"forms":{}},"results":{"code":"SUCCESS","msg":[{"type":"HTML","data":"<div class=\"markdown-body\">\n<h1>Extra Credit - More about BDC, Ambari, and Ambari Views</h1>\n<p>To learn more about BDC and Ambari, check out this third-party blog post which has some useful information and ideas: <a href=\"http://gokhanatil.com/2017/06/introduction-to-oracle-big-data-cloud-service-compute-edition-part-iii-ambari.html\" target=\"_blank\">http: //gokhanatil.com/2017/06/introduction-to-oracle-big-data-cloud-service-compute-edition-part-iii-ambari.html</a></p>\n</div>"}]},"apps":[],"jobName":"paragraph_1524690775208_1868368079","id":"20170823-203154_2138806556","dateCreated":"2018-04-25T21:12:55+0000","dateStarted":"2018-05-17T12:41:26+0000","dateFinished":"2018-05-17T12:41:26+0000","status":"FINISHED","progressUpdateIntervalMs":500,"$$hashKey":"object:2045"},{"text":"%md\n","user":"anonymous","dateUpdated":"2018-05-17T12:38:59+0000","config":{"colWidth":12,"enabled":true,"results":{},"editorSetting":{"language":"markdown","editOnDblClick":"true"},"editorMode":"ace/mode/markdown"},"settings":{"params":{},"forms":{}},"apps":[],"jobName":"paragraph_1526560739109_-87946002","id":"20180517-123859_1974461201","dateCreated":"2018-05-17T12:38:59+0000","status":"READY","progressUpdateIntervalMs":500,"$$hashKey":"object:2046"}],"name":"Extras/Connecting to Ambari","id":"2DE8MEXSA","angularObjects":{"2DD6NF1GD:shared_process":[],"2DEYRE5Z7:shared_process":[],"2DBHU1VH8:shared_process":[],"2DBJEDYUY:shared_process":[],"2DB4EM98X:shared_process":[],"2DBXRFZ9E:shared_process":[],"2DCJFVXZH:shared_process":[],"2C4U48MY3_spark2:shared_process":[]},"config":{"looknfeel":"default","personalizedMode":"false"},"info":{}}