﻿{"paragraphs":[{"text":"%md\n# xtra tutorial: Working with Oracle Data Visualization Desktop 3.0 and Spark\n\nThis tutorial was built for BDCS-CE version 17.3.5-20 and Data Visualization Desktop 3.0 as part of the New Data Lake User Journey: <a href=\"https://github.com/oracle/learning-library/tree/master/workshops/journey2-new-data-lake\" target=\"_blank\">here</a>.  Questions and feedback about the tutorial: <david.bayard@oracle.com>\n\n\nOracle Data Visualization Desktop ( <a href=\"https://docs.oracle.com/middleware/bidv1221/desktop/index.html\" target=\"_blank\">here</a> ) is a lightweight, single-file download tool to easily analyze data.  Data Visualization Desktop can connect to a variety of data sources.  In this tutorial, we will show you how you can setup the Spark thrift server in BDCS-CE so that DVD can connect to it.\n\n    NOTE: As of DVD4.0, there is now a native DVD connection type called \"Oracle Big Data Cloud\" built for BDCS-CE.  If you use that, you do NOT need to follow these instructions.\n    These instructions are for use when you want to use the older \"Spark\" connection type.","dateUpdated":"2017-11-16T16:16:06+0000","config":{"tableHide":false,"editorSetting":{"editOnDblClick":"true","language":"markdown"},"colWidth":12,"editorMode":"ace/mode/markdown","editorHide":true,"results":[{"graph":{"mode":"table","height":300,"optionOpen":false,"keys":[],"values":[],"groups":[],"scatter":{}}}],"enabled":true},"settings":{"params":{},"forms":{}},"results":{"code":"SUCCESS","msg":[{"type":"HTML","data":"<div class=\"markdown-body\">\n<h1>xtra tutorial: Working with Oracle Data Visualization Desktop 3.0 and Spark</h1>\n<p>This tutorial was built for BDCS-CE version 17.3.5-20 and Data Visualization Desktop 3.0 as part of the New Data Lake User Journey: <a href=\"https://github.com/oracle/learning-library/tree/master/workshops/journey2-new-data-lake\" target=\"_blank\">here</a>. Questions and feedback about the tutorial: <a href=\"mailto:&#100;&#x61;&#x76;&#x69;&#100;.&#98;&#x61;&#121;&#x61;&#114;d&#x40;&#x6f;r&#97;&#99;&#x6c;&#101;.c&#x6f;m\">&#100;&#x61;&#x76;&#x69;&#100;.&#98;&#x61;&#121;&#x61;&#114;d&#x40;&#x6f;r&#97;&#99;&#x6c;&#101;.c&#x6f;m</a></p>\n<p>Oracle Data Visualization Desktop ( <a href=\"https://docs.oracle.com/middleware/bidv1221/desktop/index.html\" target=\"_blank\">here</a> ) is a lightweight, single-file download tool to easily analyze data. Data Visualization Desktop can connect to a variety of data sources. In this tutorial, we will show you how you can setup the Spark thrift server in BDCS-CE so that DVD can connect to it.</p>\n<pre><code>NOTE: As of DVD4.0, there is now a native DVD connection type called &quot;Oracle Big Data Cloud&quot; built for BDCS-CE.  If you use that, you do NOT need to follow these instructions.\nThese instructions are for use when you want to use the older &quot;Spark&quot; connection type.\n</code></pre>\n</div>"}]},"apps":[],"jobName":"paragraph_1510848839744_-337775229","id":"20170504-171842_974565851","dateCreated":"2017-11-16T16:13:59+0000","status":"FINISHED","progressUpdateIntervalMs":500,"focus":true,"$$hashKey":"object:1623","user":"anonymous","dateFinished":"2017-11-16T16:16:06+0000","dateStarted":"2017-11-16T16:16:06+0000"},{"text":"%md\n# Configuring the Spark Thrift Server process to use binary transport\n\nIn order to connect to Spark from DVD, we need to configure BDCS-CE's Spark Thrift Server to use the binary transport protocol.  By default, BDCS-CE's spark thrift server is configured to use the http transport protocol.  These changes are done using the Ambari web console.\n\nHere are the steps:\n\n1.Follow the note \"xtra Connecting to Ambari\" to login to Ambari.\n2.Once connected to Ambari, click on \"Spark2\" on the left-hand list of services\n3.Then click on the \"Configs\" tab\n4.In the search box, type \"server2\"\n5.In the Advanced spark2-hive-site-override section, change the \"hive.server2.transport.mode\" to binary.\n6.In the Custom spark2-hive-site-override section, remove the property \"hive.server2.thrift.bind.host\" (by clicking on the red - symbol)\n7.Clear out the search box.  Then navigate down to the Custom spark2-thrift-sparkconf section\n8.In the Custom spark2-thrift-sparkconf section, click on the \"Add Property...\" link and then add the property \"spark.sql.shuffle.partitions=4\" and click Add. \n9.Expand the Advanced spark2-env section and change spark_daemon_memory to 2048 MB. **This step is not yet shown in the animation.**\n10.Also in the Advanced spark2-env section in the \"content\" field, add the following uncommented line: **This step is not yet shown in the animation.**\n    SPARK_EXECUTOR_MEMORY=\"2G\" \n11.Click Save at the top of the screen.\n12.In the notes field, enter \"switch to binary transport\"\n13.Click save again\n14.If you see a \"Configurations\" pop-up, click \"Proceed Anyway\"\n15.Click OK to acknowledge that changes were made successfully\n16.Then click Restart, then Restart All Affected\n17.Then click Confirm Restart All\n\n![AmbariSparkBinary](https://raw.githubusercontent.com/millerhoo/journey2-new-data-lake/master/workshops/journey2-new-data-lake/images/300/AmbariSparkBinary.gif)\n\n\n","dateUpdated":"2017-11-16T16:13:59+0000","config":{"tableHide":false,"editorSetting":{"language":"markdown","editOnDblClick":"true"},"colWidth":12,"editorMode":"ace/mode/markdown","editorHide":true,"results":{},"enabled":true},"settings":{"params":{},"forms":{}},"results":{"code":"SUCCESS","msg":[{"type":"HTML","data":"<div class=\"markdown-body\">\n<h1>Configuring the Spark Thrift Server process to use binary transport</h1>\n<p>In order to connect to Spark from DVD, we need to configure BDCS-CE&rsquo;s Spark Thrift Server to use the binary transport protocol. By default, BDCS-CE&rsquo;s spark thrift server is configured to use the http transport protocol. These changes are done using the Ambari web console.</p>\n<p>Here are the steps:</p>\n<p>1.Follow the note &ldquo;xtra Connecting to Ambari&rdquo; to login to Ambari.<br/>2.Once connected to Ambari, click on &ldquo;Spark2&rdquo; on the left-hand list of services<br/>3.Then click on the &ldquo;Configs&rdquo; tab<br/>4.In the search box, type &ldquo;server2&rdquo;<br/>5.In the Advanced spark2-hive-site-override section, change the &ldquo;hive.server2.transport.mode&rdquo; to binary.<br/>6.In the Custom spark2-hive-site-override section, remove the property &ldquo;hive.server2.thrift.bind.host&rdquo; (by clicking on the red - symbol)<br/>7.Clear out the search box. Then navigate down to the Custom spark2-thrift-sparkconf section<br/>8.In the Custom spark2-thrift-sparkconf section, click on the &ldquo;Add Property&hellip;&rdquo; link and then add the property &ldquo;spark.sql.shuffle.partitions=4&rdquo; and click Add.<br/>9.Expand the Advanced spark2-env section and change spark_daemon_memory to 2048 MB. <strong>This step is not yet shown in the animation.</strong><br/>10.Also in the Advanced spark2-env section in the &ldquo;content&rdquo; field, add the following uncommented line: <strong>This step is not yet shown in the animation.</strong><br/> SPARK_EXECUTOR_MEMORY=&ldquo;2G&rdquo;<br/>11.Click Save at the top of the screen.<br/>12.In the notes field, enter &ldquo;switch to binary transport&rdquo;<br/>13.Click save again<br/>14.If you see a &ldquo;Configurations&rdquo; pop-up, click &ldquo;Proceed Anyway&rdquo;<br/>15.Click OK to acknowledge that changes were made successfully<br/>16.Then click Restart, then Restart All Affected<br/>17.Then click Confirm Restart All</p>\n<p><img src=\"https://raw.githubusercontent.com/millerhoo/journey2-new-data-lake/master/workshops/journey2-new-data-lake/images/300/AmbariSparkBinary.gif\" alt=\"AmbariSparkBinary\" /></p>\n</div>"}]},"apps":[],"jobName":"paragraph_1510848839745_-338159978","id":"20170911-203514_1066756941","dateCreated":"2017-11-16T16:13:59+0000","status":"READY","errorMessage":"","progressUpdateIntervalMs":500,"$$hashKey":"object:1624"},{"text":"%md\n# Connecting to the Spark Thrift Server port (10016)\n\nNow, you need to decide how you want to connect to the Spark Thrift Server port, which is port 10016.  You can either choose to use a SSH tunnel (which is very secure) or choose to open port 10016 to the outside world (which can be less secure).\n\n+ If you want to use a SSH tunnel, refer to the note \"xtra Connecting to Ambari\" which has an example of setting up a SSH tunnel (but you would use port 10016 instead of Ambari's 8080).\n![SSHSparkBinary](https://raw.githubusercontent.com/millerhoo/journey2-new-data-lake/master/workshops/journey2-new-data-lake/images/300/SSHSparkBinary.gif)\n+ If instead of a SSH tunnel, you want to open up port 10016 to the internet, then you will need to create a new access rule for port 10016.  Refer to the note \"xtra Connecting via SSH\" or \"OEHCS Tutorial 1\" for examples of working with network access rules.\n\n","dateUpdated":"2017-11-16T16:13:59+0000","config":{"tableHide":false,"editorSetting":{"language":"markdown","editOnDblClick":"true"},"colWidth":12,"editorMode":"ace/mode/markdown","editorHide":true,"results":{},"enabled":true},"settings":{"params":{},"forms":{}},"results":{"code":"SUCCESS","msg":[{"type":"HTML","data":"<div class=\"markdown-body\">\n<h1>Connecting to the Spark Thrift Server port (10016)</h1>\n<p>Now, you need to decide how you want to connect to the Spark Thrift Server port, which is port 10016. You can either choose to use a SSH tunnel (which is very secure) or choose to open port 10016 to the outside world (which can be less secure).</p>\n<ul>\n  <li>If you want to use a SSH tunnel, refer to the note &ldquo;xtra Connecting to Ambari&rdquo; which has an example of setting up a SSH tunnel (but you would use port 10016 instead of Ambari&rsquo;s 8080).<br/><img src=\"https://raw.githubusercontent.com/millerhoo/journey2-new-data-lake/master/workshops/journey2-new-data-lake/images/300/SSHSparkBinary.gif\" alt=\"SSHSparkBinary\" /></li>\n  <li>If instead of a SSH tunnel, you want to open up port 10016 to the internet, then you will need to create a new access rule for port 10016. Refer to the note &ldquo;xtra Connecting via SSH&rdquo; or &ldquo;OEHCS Tutorial 1&rdquo; for examples of working with network access rules.</li>\n</ul>\n</div>"}]},"apps":[],"jobName":"paragraph_1510848839745_-338159978","id":"20170911-204125_1313643018","dateCreated":"2017-11-16T16:13:59+0000","status":"READY","errorMessage":"","progressUpdateIntervalMs":500,"$$hashKey":"object:1625"},{"text":"%md\n# Define a connection in DV Desktop for the Spark connection\n\n+ Open up DV Desktop\n+ Click on Data Sources\n+ Click on Connection (Under Create)\n+ Click on Spark\n+ Enter the Connection Name\n+ Enter the Host Name.  If you are using SSH tunneling, then enter 127.0.0.1 or localhost.  If you have opened up port 10016, then use the IP for your BDCSCE instance.\n+ Enter the Port. It should now be 10016.\n+ Enter spark for the username\n+ Enter x for the password\n\n![DVDconnection](https://raw.githubusercontent.com/millerhoo/journey2-new-data-lake/master/workshops/journey2-new-data-lake/images/300/snap0012378.jpg)\n\n\n\n\n","dateUpdated":"2017-11-16T16:13:59+0000","config":{"tableHide":false,"editorSetting":{"language":"markdown","editOnDblClick":"true"},"colWidth":12,"editorMode":"ace/mode/markdown","editorHide":true,"results":{},"enabled":true},"settings":{"params":{},"forms":{}},"results":{"code":"SUCCESS","msg":[{"type":"HTML","data":"<div class=\"markdown-body\">\n<h1>Define a connection in DV Desktop for the Spark connection</h1>\n<ul>\n  <li>Open up DV Desktop</li>\n  <li>Click on Data Sources</li>\n  <li>Click on Connection (Under Create)</li>\n  <li>Click on Spark</li>\n  <li>Enter the Connection Name</li>\n  <li>Enter the Host Name. If you are using SSH tunneling, then enter 127.0.0.1 or localhost. If you have opened up port 10016, then use the IP for your BDCSCE instance.</li>\n  <li>Enter the Port. It should now be 10016.</li>\n  <li>Enter spark for the username</li>\n  <li>Enter x for the password</li>\n</ul>\n<p><img src=\"https://raw.githubusercontent.com/millerhoo/journey2-new-data-lake/master/workshops/journey2-new-data-lake/images/300/snap0012378.jpg\" alt=\"DVDconnection\" /></p>\n</div>"}]},"apps":[],"jobName":"paragraph_1510848839746_-337005731","id":"20170728-174228_1743240708","dateCreated":"2017-11-16T16:13:59+0000","status":"READY","errorMessage":"","progressUpdateIntervalMs":500,"$$hashKey":"object:1626"},{"text":"%md\n# Create a DV Desktop Data Source for your connection\n\n**NOTE: With BDCS 17.3.5 and DVD3, you might need to follow the workaround in the following paragraph**\n\n+ Invoke the pop-up menu on your new Data Source and choose Create Data Source\n+ Navigate through the database, tables, and columns to choose the elements you want to add.\n+ Once you have selected your table and columns, click on the rightmost icon in the dataflow pipeline (it will be the icon after the filter icon).  Then, click on the Refresh property.  Change this to be \"Live - Always use the database\".  \n+ Name the new data source and Add it\n\n![DVDdatasource](https://raw.githubusercontent.com/oracle/learning-library/master/workshops/journey2-new-data-lake/images/300/SparkDataSource.jpg \"HODBC\")\n","dateUpdated":"2017-11-16T16:13:59+0000","config":{"tableHide":false,"editorSetting":{"language":"markdown","editOnDblClick":"true"},"colWidth":12,"editorMode":"ace/mode/markdown","editorHide":true,"results":{},"enabled":true},"settings":{"params":{},"forms":{}},"results":{"code":"SUCCESS","msg":[{"type":"HTML","data":"<div class=\"markdown-body\">\n<h1>Create a DV Desktop Data Source for your connection</h1>\n<p><strong>NOTE: With BDCS 17.3.5 and DVD3, you might need to follow the workaround in the following paragraph</strong></p>\n<ul>\n  <li>Invoke the pop-up menu on your new Data Source and choose Create Data Source</li>\n  <li>Navigate through the database, tables, and columns to choose the elements you want to add.</li>\n  <li>Once you have selected your table and columns, click on the rightmost icon in the dataflow pipeline (it will be the icon after the filter icon). Then, click on the Refresh property. Change this to be &ldquo;Live - Always use the database&rdquo;.</li>\n  <li>Name the new data source and Add it</li>\n</ul>\n<p><img src=\"https://raw.githubusercontent.com/oracle/learning-library/master/workshops/journey2-new-data-lake/images/300/SparkDataSource.jpg\" alt=\"DVDdatasource\" title=\"HODBC\" /></p>\n</div>"}]},"apps":[],"jobName":"paragraph_1510848839746_-337005731","id":"20170731-202416_1602004865","dateCreated":"2017-11-16T16:13:59+0000","status":"READY","errorMessage":"","progressUpdateIntervalMs":500,"$$hashKey":"object:1627"},{"text":"%md\n# Tip - DVD 3.0 with Spark 2.1 no databases appear\n\nThis may be https://issues.apache.org/jira/browse/SPARK-9686\n\nIn any case, we have noticed that no databases appear when querying Spark2.1 from DVD 3.0.\n\nThere is a workaround...\n\nWhen you create your data source, use the \"Enter SQL\" feature to define your sql.  It can be as simple as a \"select * from tablename\" or more complex.  \n\nAnd once you have entered your sql, be sure to click on the rightmost icon in the dataflow pipeline (it will be the icon after the filter icon). Then, click on the Refresh property. Change this to be “Live - Always use the database”. \n\nHere is a video:\n![SparkCatalogWorkaround](https://raw.githubusercontent.com/oracle/learning-library/master/workshops/journey2-new-data-lake/images/300/SparkCatalogWorkaround.gif)\n\n\n\n","dateUpdated":"2017-11-16T16:13:59+0000","config":{"tableHide":false,"editorSetting":{"language":"markdown","editOnDblClick":"true"},"colWidth":12,"editorMode":"ace/mode/markdown","editorHide":true,"results":{},"enabled":true},"settings":{"params":{},"forms":{}},"results":{"code":"SUCCESS","msg":[{"type":"HTML","data":"<div class=\"markdown-body\">\n<h1>Tip - DVD 3.0 with Spark 2.1 no databases appear</h1>\n<p>This may be <a href=\"https://issues.apache.org/jira/browse/SPARK-9686\">https://issues.apache.org/jira/browse/SPARK-9686</a></p>\n<p>In any case, we have noticed that no databases appear when querying Spark2.1 from DVD 3.0.</p>\n<p>There is a workaround&hellip;</p>\n<p>When you create your data source, use the &ldquo;Enter SQL&rdquo; feature to define your sql. It can be as simple as a &ldquo;select * from tablename&rdquo; or more complex. </p>\n<p>And once you have entered your sql, be sure to click on the rightmost icon in the dataflow pipeline (it will be the icon after the filter icon). Then, click on the Refresh property. Change this to be “Live - Always use the database”. </p>\n<p>Here is a video:<br/><img src=\"https://raw.githubusercontent.com/oracle/learning-library/master/workshops/journey2-new-data-lake/images/300/SparkCatalogWorkaround.gif\" alt=\"SparkCatalogWorkaround\" /></p>\n</div>"}]},"apps":[],"jobName":"paragraph_1510848839747_-337390480","id":"20170911-210523_432676084","dateCreated":"2017-11-16T16:13:59+0000","status":"READY","errorMessage":"","progressUpdateIntervalMs":500,"$$hashKey":"object:1628"},{"text":"%md\n# Tip - Tracking Spark queries\n\nRun the following shell paragraph to peak at queries sent to the Spark thrift server.\n\n\n","dateUpdated":"2017-11-16T16:13:59+0000","config":{"tableHide":false,"editorSetting":{"language":"markdown","editOnDblClick":"true"},"colWidth":12,"editorMode":"ace/mode/markdown","editorHide":true,"results":{},"enabled":true},"settings":{"params":{},"forms":{}},"results":{"code":"SUCCESS","msg":[{"type":"HTML","data":"<div class=\"markdown-body\">\n<h1>Tip - Tracking Spark queries</h1>\n<p>Run the following shell paragraph to peak at queries sent to the Spark thrift server.</p>\n</div>"}]},"apps":[],"jobName":"paragraph_1510848839747_-337390480","id":"20170911-204536_1923836389","dateCreated":"2017-11-16T16:13:59+0000","status":"READY","errorMessage":"","progressUpdateIntervalMs":500,"$$hashKey":"object:1629"},{"title":"Shell command to peak at queries sent to Spark Thrift Server","text":"%sh\negrep $'Running|\\x0d|limit' /data/var/log/spark2-thrift/spark-hive-org.apache.spark.sql.hive.thriftserver.HiveThriftServer2-1-*-1.out | tail -400\n","dateUpdated":"2017-11-16T16:13:59+0000","config":{"tableHide":false,"editorSetting":{"language":"sh","editOnDblClick":"false"},"colWidth":12,"editorMode":"ace/mode/sh","editorHide":false,"title":true,"results":{},"enabled":true},"settings":{"params":{},"forms":{}},"apps":[],"jobName":"paragraph_1510848839748_-339314224","id":"20170911-204553_822044476","dateCreated":"2017-11-16T16:13:59+0000","status":"READY","errorMessage":"","progressUpdateIntervalMs":500,"$$hashKey":"object:1630"},{"text":"","dateUpdated":"2017-11-16T16:13:59+0000","config":{"editorSetting":{"language":"scala"},"colWidth":12,"editorMode":"ace/mode/scala","editorHide":false,"results":{},"graph":{"mode":"table","height":300,"optionOpen":false,"keys":[],"values":[],"groups":[],"scatter":{}},"enabled":true},"settings":{"params":{},"forms":{}},"apps":[],"jobName":"paragraph_1510848839748_-339314224","id":"20170504-171816_753503470","dateCreated":"2017-11-16T16:13:59+0000","status":"READY","errorMessage":"","progressUpdateIntervalMs":500,"$$hashKey":"object:1631"},{"dateUpdated":"2017-11-16T16:13:59+0000","config":{"colWidth":12,"editorMode":"ace/mode/scala","results":{},"enabled":true,"editorSetting":{"language":"scala"}},"settings":{"params":{},"forms":{}},"apps":[],"jobName":"paragraph_1510848839749_-339698973","id":"20170921-124733_1996309865","dateCreated":"2017-11-16T16:13:59+0000","status":"READY","errorMessage":"","progressUpdateIntervalMs":500,"$$hashKey":"object:1632"}],"name":"Extras/Connecting DV Desktop3.0 and Spark","id":"2CXQCAZF8","angularObjects":{"2CYSDQRTD:shared_process":[],"2CXZGEME1:shared_process":[],"2CYUAMVSY:shared_process":[],"2CZXWA6ZX:shared_process":[],"2CX2H9AR3:shared_process":[],"2C4U48MY3_spark2:shared_process":[],"2CXNDMXPX:shared_process":[],"2CXEDJX5E:shared_process":[]},"config":{"looknfeel":"default","personalizedMode":"false"},"info":{}}