﻿{"paragraphs":[{"text":"%md\n# Working with Oracle Loader for Hadoop (OLH) and Oracle Copy To Hadoop (C2H)\n\nThis is a placeholder for a more expanded note.\n\nFor now, check out this blog post: <a href=\"https://blogs.oracle.com/bigdataconnectors/oracle-big-data-cloud-and-oracle-database\" target=\"_blank\">https ://blogs.oracle.com/bigdataconnectors/oracle-big-data-cloud-and-oracle-database</a>\n\nand this section of the documentation: <a href=\"https://docs.oracle.com/en/cloud/paas/big-data-compute-cloud/csspc/connecting-oracle-database.html\" target=\"_blank\">https ://docs.oracle.com/en/cloud/paas/big-data-compute-cloud/csspc/connecting-oracle-database.html</a>\n","dateUpdated":"2018-05-11T14:29:28+0000","config":{"tableHide":false,"editorSetting":{"language":"markdown","editOnDblClick":"true"},"colWidth":12,"editorMode":"ace/mode/markdown","editorHide":true,"results":{},"enabled":true},"settings":{"params":{},"forms":{}},"results":{"code":"SUCCESS","msg":[{"type":"HTML","data":"<div class=\"markdown-body\">\n<h1>Working with Oracle Loader for Hadoop (OLH) and Oracle Copy To Hadoop (C2H)</h1>\n<p>This is a placeholder for a more expanded note.</p>\n<p>For now, check out this blog post: <a href=\"https://blogs.oracle.com/bigdataconnectors/oracle-big-data-cloud-and-oracle-database\" target=\"_blank\">https ://blogs.oracle.com/bigdataconnectors/oracle-big-data-cloud-and-oracle-database</a></p>\n<p>and this section of the documentation: <a href=\"https://docs.oracle.com/en/cloud/paas/big-data-compute-cloud/csspc/connecting-oracle-database.html\" target=\"_blank\">https ://docs.oracle.com/en/cloud/paas/big-data-compute-cloud/csspc/connecting-oracle-database.html</a></p>\n</div>"}]},"apps":[],"jobName":"paragraph_1525975703226_1528565392","id":"20180126-210805_1291169346","dateCreated":"2018-05-10T18:08:23+0000","status":"FINISHED","progressUpdateIntervalMs":500,"focus":true,"$$hashKey":"object:254","user":"anonymous","dateFinished":"2018-05-11T14:29:28+0000","dateStarted":"2018-05-11T14:29:28+0000"},{"text":"%md\n","dateUpdated":"2018-05-10T18:08:23+0000","config":{"colWidth":12,"editorMode":"ace/mode/markdown","results":{},"enabled":true,"editorSetting":{"language":"markdown","editOnDblClick":"true"}},"settings":{"params":{},"forms":{}},"apps":[],"jobName":"paragraph_1525975703227_1528180643","id":"20180126-210907_1266167344","dateCreated":"2018-05-10T18:08:23+0000","status":"READY","errorMessage":"","progressUpdateIntervalMs":500,"$$hashKey":"object:255"}],"name":"Extras/Working with OLH and C2H","id":"2DDGEXYMW","angularObjects":{"2DF2ZCZWG:shared_process":[],"2DDKEV2YH:shared_process":[],"2DEJTENB1:shared_process":[],"2DFFEBEEY:shared_process":[],"2DCYCMYY9:shared_process":[],"2C4U48MY3_spark2:shared_process":[],"2DE4GPD3G:shared_process":[],"2DEB4Z9Y2:shared_process":[]},"config":{"looknfeel":"default","personalizedMode":"false"},"info":{}}