﻿{"paragraphs":[{"text":"%md\n# Reference: How to connect via SSH to BDC\n\nThis note describes how to connect via SSH to your BDC instance.\n\n**Contents**\n\n+ Enabling SSH Network Access\n+ Connecting via SSH\n\n**NOTE: You need to run all of the steps *one at a time, in order* in this notebook from top to bottom.  Some steps are performed outside the notebook, so be sure to carefully read through the notebook and follow all instructions.**\n","dateUpdated":"2018-03-08T14:33:45+0000","config":{"tableHide":false,"editorSetting":{"language":"markdown","editOnDblClick":"true"},"colWidth":12,"editorMode":"ace/mode/markdown","editorHide":true,"results":[{"graph":{"mode":"table","height":300,"optionOpen":false,"keys":[],"values":[],"groups":[],"scatter":{}}}],"enabled":true},"settings":{"params":{},"forms":{}},"results":{"code":"SUCCESS","msg":[{"type":"HTML","data":"<div class=\"markdown-body\">\n<h1>Reference: How to connect via SSH to BDC</h1>\n<p>This note describes how to connect via SSH to your BDC instance.</p>\n<p><strong>Contents</strong></p>\n<ul>\n  <li>Enabling SSH Network Access</li>\n  <li>Connecting via SSH</li>\n</ul>\n<p><strong>NOTE: You need to run all of the steps <em>one at a time, in order</em> in this notebook from top to bottom. Some steps are performed outside the notebook, so be sure to carefully read through the notebook and follow all instructions.</strong></p>\n</div>"}]},"apps":[],"jobName":"paragraph_1520514502641_185146803","id":"20170310-121811_1837500639","dateCreated":"2018-03-08T13:08:22+0000","status":"FINISHED","progressUpdateIntervalMs":500,"focus":true,"$$hashKey":"object:737","user":"anonymous","dateFinished":"2018-03-08T14:33:45+0000","dateStarted":"2018-03-08T14:33:45+0000"},{"text":"%md\n# Enabling SSH Network Access (if using OCI-Classic)\n\nIf you are running BDC in OCI-Classic, then you will need to authorize network access to the SSH port.  If you are running BDC in OCI, then typically the SSH network port is already open (assuming you created a default VCN).\n\nHere are the instructions for OCI-Classic to enable network access to our BDC server via the SSH protocol.  You will do this from the BDC Service Console.  Here are the steps:\n\n + From the BDC Service Console, navigate to Access Rules for your BDC instance.  \n\n + Then, on the Access Rules page, enable the ssh (port 22) access rule by choosing Enable from the clickable menu under the Actions column as shown below.\n\n + Also, be sure to make a note of the Public IP address.  You will use this when you open up your SSH connection.\n \n![Enable SSH](https://raw.githubusercontent.com/oracle/learning-library/master/workshops/journey2-new-data-lake/images/300/AllowSSH.gif \"Enabling SSH\")\n","dateUpdated":"2018-03-08T14:36:21+0000","config":{"tableHide":false,"editorSetting":{"language":"markdown","editOnDblClick":"true"},"colWidth":12,"editorMode":"ace/mode/markdown","editorHide":true,"results":[{"graph":{"mode":"table","height":300,"optionOpen":false,"keys":[],"values":[],"groups":[],"scatter":{}}}],"enabled":true},"settings":{"params":{},"forms":{}},"results":{"code":"SUCCESS","msg":[{"type":"HTML","data":"<div class=\"markdown-body\">\n<h1>Enabling SSH Network Access (if using OCI-Classic)</h1>\n<p>If you are running BDC in OCI-Classic, then you will need to authorize network access to the SSH port. If you are running BDC in OCI, then typically the SSH network port is already open (assuming you created a default VCN).</p>\n<p>Here are the instructions for OCI-Classic to enable network access to our BDC server via the SSH protocol. You will do this from the BDC Service Console. Here are the steps:</p>\n<ul>\n  <li>\n  <p>From the BDC Service Console, navigate to Access Rules for your BDC instance.</p></li>\n  <li>\n  <p>Then, on the Access Rules page, enable the ssh (port 22) access rule by choosing Enable from the clickable menu under the Actions column as shown below.</p></li>\n  <li>\n  <p>Also, be sure to make a note of the Public IP address. You will use this when you open up your SSH connection.</p></li>\n</ul>\n<p><img src=\"https://raw.githubusercontent.com/oracle/learning-library/master/workshops/journey2-new-data-lake/images/300/AllowSSH.gif\" alt=\"Enable SSH\" title=\"Enabling SSH\" /></p>\n</div>"}]},"apps":[],"jobName":"paragraph_1520514502642_186301050","id":"20170310-122115_1671252701","dateCreated":"2018-03-08T13:08:22+0000","status":"FINISHED","progressUpdateIntervalMs":500,"$$hashKey":"object:738","user":"anonymous","dateFinished":"2018-03-08T14:36:21+0000","dateStarted":"2018-03-08T14:36:21+0000"},{"text":"%md\n# Connecting to your BDCS-CE Master Server via SSH\n\nNow that the network access is setup, we will proceed to connect to the BDCS-CE server via SSH.  \n\n\n\n### If you do not know how to connect to BDCS-CE via SSH and private keys, you can review the documentation here:\n\n+ Navigate to the product documentation  <a href=\"http://docs.oracle.com/cloud/latest/big-data-compute-cloud/bigdata-compute-cloud-tasks.html\" target=\"_blank\">here</a> .  \n+ Click “Tasks” in the navigation bar on the left hands side of the screen.  \n+ Then click the “Connect to a node through SSH” topic under the “Access the Service” category.\n\n![ssh](https://raw.githubusercontent.com/oracle/learning-library/master/workshops/journey2-new-data-lake/images/300/SSH.gif \"SSH Instructions\")\n\n\n\n**Note: if you are using Windows, we have included some Windows instructions here (they might be easier to follow then the more generic documentation above):**\n\n\n#### Instructions for Windows Users: \nWindows users typically use Putty for SSH.  If you generated a private key via the web console during BDCS-CE instance creation, the downloaded private key will be in openSSH format, which can not be used directly with Putty.  Therefore, you will need to run the puttygen command (which gets installed with Putty) on your private key to convert it to ppk format.  Here is an example:\n\n![ssh1](https://raw.githubusercontent.com/oracle/learning-library/master/workshops/journey2-new-data-lake/images/300/PuttyPrivateKey.gif \"Windows-create ppk\")\n\nNext, Windows users will specify the location of the private key (in .ppk format) when connecting.  Here is an example:\n![ssh2](https://raw.githubusercontent.com/oracle/learning-library/master/workshops/journey2-new-data-lake/images/300/PuttySSH.gif \"Windows-putty connect\")\n\n\n","dateUpdated":"2018-03-08T13:08:22+0000","config":{"tableHide":false,"editorSetting":{"editOnDblClick":"true","language":"markdown"},"colWidth":12,"editorMode":"ace/mode/markdown","editorHide":true,"results":[{"graph":{"mode":"table","height":300,"optionOpen":false,"keys":[],"values":[],"groups":[],"scatter":{}}}],"enabled":true},"settings":{"params":{},"forms":{}},"results":{"code":"SUCCESS","msg":[{"type":"HTML","data":"<div class=\"markdown-body\">\n<h1>Connecting to your BDCS-CE Master Server via SSH</h1>\n<p>Now that the network access is setup, we will proceed to connect to the BDCS-CE server via SSH. </p>\n<h3>If you do not know how to connect to BDCS-CE via SSH and private keys, you can review the documentation here:</h3>\n<ul>\n  <li>Navigate to the product documentation <a href=\"http://docs.oracle.com/cloud/latest/big-data-compute-cloud/bigdata-compute-cloud-tasks.html\" target=\"_blank\">here</a> .</li>\n  <li>Click “Tasks” in the navigation bar on the left hands side of the screen.</li>\n  <li>Then click the “Connect to a node through SSH” topic under the “Access the Service” category.</li>\n</ul>\n<p><img src=\"https://raw.githubusercontent.com/oracle/learning-library/master/workshops/journey2-new-data-lake/images/300/SSH.gif\" alt=\"ssh\" title=\"SSH Instructions\" /></p>\n<p><strong>Note: if you are using Windows, we have included some Windows instructions here (they might be easier to follow then the more generic documentation above):</strong></p>\n<h4>Instructions for Windows Users:</h4>\n<p>Windows users typically use Putty for SSH. If you generated a private key via the web console during BDCS-CE instance creation, the downloaded private key will be in openSSH format, which can not be used directly with Putty. Therefore, you will need to run the puttygen command (which gets installed with Putty) on your private key to convert it to ppk format. Here is an example:</p>\n<p><img src=\"https://raw.githubusercontent.com/oracle/learning-library/master/workshops/journey2-new-data-lake/images/300/PuttyPrivateKey.gif\" alt=\"ssh1\" title=\"Windows-create ppk\" /></p>\n<p>Next, Windows users will specify the location of the private key (in .ppk format) when connecting. Here is an example:<br/><img src=\"https://raw.githubusercontent.com/oracle/learning-library/master/workshops/journey2-new-data-lake/images/300/PuttySSH.gif\" alt=\"ssh2\" title=\"Windows-putty connect\" /></p>\n</div>"}]},"apps":[],"jobName":"paragraph_1520514502643_185916301","id":"20170314-112051_789947299","dateCreated":"2018-03-08T13:08:22+0000","status":"READY","errorMessage":"","progressUpdateIntervalMs":500,"$$hashKey":"object:739"},{"text":"%md\n## Use the above instructions and connect now via SSH to your BDCS-CE Master Server.\n\nUse \"opc\" for the login as: username\n\n![ssh](https://raw.githubusercontent.com/oracle/learning-library/master/workshops/journey2-new-data-lake/images/300/snap0011403.jpg \"Connect as opc via ssh\")\n","dateUpdated":"2018-03-08T13:08:22+0000","config":{"editorSetting":{"language":"scala"},"colWidth":12,"editorMode":"ace/mode/scala","editorHide":true,"results":{},"enabled":true},"settings":{"params":{},"forms":{}},"results":{"code":"SUCCESS","msg":[{"type":"HTML","data":"<div class=\"markdown-body\">\n<h2>Use the above instructions and connect now via SSH to your BDCS-CE Master Server.</h2>\n<p>Use &ldquo;opc&rdquo; for the login as: username</p>\n<p><img src=\"https://raw.githubusercontent.com/oracle/learning-library/master/workshops/journey2-new-data-lake/images/300/snap0011403.jpg\" alt=\"ssh\" title=\"Connect as opc via ssh\" /></p>\n</div>"}]},"apps":[],"jobName":"paragraph_1520514502643_185916301","id":"20170823-204940_1217265923","dateCreated":"2018-03-08T13:08:22+0000","status":"READY","errorMessage":"","progressUpdateIntervalMs":500,"$$hashKey":"object:740"},{"text":"%md\n### If you want to also do some SSH Tunneling (port forwarding)\n\nIf you want to also do some SSH Tunneling (port forwarding), then check out the example in the note \"xtra Connecting to Ambari\".  You can follow that example and also tunnel other ports.  For instance, you could forward the Resource Manager web UI port (8088) and access it on your local desktop via <a href=\"http://127.0.0.1:8088/\" target=\"_blank\">http: //127.0.0.1:8088/</a>.","dateUpdated":"2018-03-08T13:08:22+0000","config":{"tableHide":false,"editorSetting":{"language":"markdown","editOnDblClick":"true"},"colWidth":12,"editorMode":"ace/mode/markdown","editorHide":true,"results":{},"enabled":true},"settings":{"params":{},"forms":{}},"results":{"code":"SUCCESS","msg":[{"type":"HTML","data":"<div class=\"markdown-body\">\n<h3>If you want to also do some SSH Tunneling (port forwarding)</h3>\n<p>If you want to also do some SSH Tunneling (port forwarding), then check out the example in the note &ldquo;xtra Connecting to Ambari&rdquo;. You can follow that example and also tunnel other ports. For instance, you could forward the Resource Manager web UI port (8088) and access it on your local desktop via <a href=\"http://127.0.0.1:8088/\" target=\"_blank\">http: //127.0.0.1:8088/</a>.</p>\n</div>"}]},"apps":[],"jobName":"paragraph_1520514502643_185916301","id":"20170823-205046_1259625050","dateCreated":"2018-03-08T13:08:22+0000","status":"READY","errorMessage":"","progressUpdateIntervalMs":500,"$$hashKey":"object:741"},{"text":"%md\n### Change Log\nMarch 8, 2018 - Tweaked parts of the instructions to identify them as OCI-Classic specific\nAugust 23, 2017 - Added some tweaks. \nJuly 28, 2017 - Updated for 17.3.1-20.  Refreshed some images/animations. ","dateUpdated":"2018-03-08T14:37:22+0000","config":{"tableHide":false,"editorSetting":{"language":"markdown","editOnDblClick":"true"},"colWidth":12,"editorMode":"ace/mode/markdown","editorHide":true,"results":[],"enabled":true},"settings":{"params":{},"forms":{}},"results":{"code":"SUCCESS","msg":[{"type":"HTML","data":"<div class=\"markdown-body\">\n<h3>Change Log</h3>\n<p>March 8, 2018 - Tweaked parts of the instructions to identify them as OCI-Classic specific<br/>August 23, 2017 - Added some tweaks.<br/>July 28, 2017 - Updated for 17.3.1-20. Refreshed some images/animations.</p>\n</div>"}]},"apps":[],"jobName":"paragraph_1520514502644_183992556","id":"20170314-113927_2095710219","dateCreated":"2018-03-08T13:08:22+0000","status":"FINISHED","progressUpdateIntervalMs":500,"$$hashKey":"object:742","user":"anonymous","dateFinished":"2018-03-08T14:37:22+0000","dateStarted":"2018-03-08T14:37:22+0000"},{"text":"%md\n","dateUpdated":"2018-03-08T13:08:22+0000","config":{"colWidth":12,"editorMode":"ace/mode/markdown","results":{},"enabled":true,"editorSetting":{"language":"markdown","editOnDblClick":"true"}},"settings":{"params":{},"forms":{}},"apps":[],"jobName":"paragraph_1520514502644_183992556","id":"20170728-123007_991716003","dateCreated":"2018-03-08T13:08:22+0000","status":"READY","errorMessage":"","progressUpdateIntervalMs":500,"$$hashKey":"object:743"}],"name":"Extras/Connecting via SSH","id":"2DAAXXBFM","angularObjects":{"2D9GP2FG2:shared_process":[],"2D88VWR7S:shared_process":[],"2D9YN3AGB:shared_process":[],"2D94JQH3J:shared_process":[],"2C4U48MY3_spark2:shared_process":[],"2D7VVR3AY:shared_process":[],"2DA7BPW87:shared_process":[],"2DAJDDCMP:shared_process":[]},"config":{"looknfeel":"default","personalizedMode":"false"},"info":{}}