﻿{"paragraphs":[{"text":"%md\n# Tutorial: Connecting Oracle Data Visualization Desktop 4.0 and BDCS-CE\n\nThis tutorial was built for BDCS-CE version 17.4.1 and Data Visualization Desktop 4.0 as part of the New Data Lake User Journey: <a href=\"https://github.com/oracle/learning-library/tree/master/workshops/journey2-new-data-lake\" target=\"_blank\">here</a>.  Questions and feedback about the tutorial: <david.bayard@oracle.com>\n\n\nOracle Data Visualization Desktop ( <a href=\"https://docs.oracle.com/middleware/bidv1221/desktop/index.html\" target=\"_blank\">here</a> ) is a lightweight, single-file download tool to easily analyze data.  Data Visualization Desktop can connect to a variety of data sources.  In this tutorial, we will show you how you can use DVD's \"Oracle Big Data Cloud (beta)\" Connection type to connect to your BDCS-CE instance.\n\n    NOTE: This tutorial shows you how to connect using the \"Oracle Big Data Cloud (beta)\" connection type.  Alternatively, you can still also connect via the \"Spark\" or \"Hive\" connection types.\n    To connect using one of these older methods, look for the other notebooks in the Extras folder containing the instructions for Connecting DV Desktop3.0.\n","user":"anonymous","dateUpdated":"2017-11-16T14:03:47+0000","config":{"tableHide":false,"editorSetting":{"editOnDblClick":"true","language":"markdown"},"colWidth":12,"editorMode":"ace/mode/markdown","editorHide":true,"results":[{"graph":{"mode":"table","height":300,"optionOpen":false,"keys":[],"values":[],"groups":[],"scatter":{}}}],"enabled":true},"settings":{"params":{},"forms":{}},"results":{"code":"SUCCESS","msg":[{"type":"HTML","data":"<div class=\"markdown-body\">\n<h1>Tutorial: Connecting Oracle Data Visualization Desktop 4.0 and BDCS-CE</h1>\n<p>This tutorial was built for BDCS-CE version 17.4.1 and Data Visualization Desktop 4.0 as part of the New Data Lake User Journey: <a href=\"https://github.com/oracle/learning-library/tree/master/workshops/journey2-new-data-lake\" target=\"_blank\">here</a>. Questions and feedback about the tutorial: <a href=\"mailto:&#x64;&#x61;&#x76;&#x69;d&#46;&#x62;&#x61;&#121;&#97;&#x72;&#100;@o&#114;&#x61;c&#108;&#x65;&#46;&#x63;&#x6f;&#x6d;\">&#x64;&#x61;&#x76;&#x69;d&#46;&#x62;&#x61;&#121;&#97;&#x72;&#100;@o&#114;&#x61;c&#108;&#x65;&#46;&#x63;&#x6f;&#x6d;</a></p>\n<p>Oracle Data Visualization Desktop ( <a href=\"https://docs.oracle.com/middleware/bidv1221/desktop/index.html\" target=\"_blank\">here</a> ) is a lightweight, single-file download tool to easily analyze data. Data Visualization Desktop can connect to a variety of data sources. In this tutorial, we will show you how you can use DVD&rsquo;s &ldquo;Oracle Big Data Cloud (beta)&rdquo; Connection type to connect to your BDCS-CE instance.</p>\n<pre><code>NOTE: This tutorial shows you how to connect using the &quot;Oracle Big Data Cloud (beta)&quot; connection type.  Alternatively, you can still also connect via the &quot;Spark&quot; or &quot;Hive&quot; connection types.\nTo connect using one of these older methods, look for the other notebooks in the Extras folder containing the instructions for Connecting DV Desktop3.0.\n</code></pre>\n</div>"}]},"apps":[],"jobName":"paragraph_1510769458746_600374895","id":"20170504-171842_974565851","dateCreated":"2017-11-15T18:10:58+0000","dateStarted":"2017-11-16T14:03:47+0000","dateFinished":"2017-11-16T14:03:47+0000","status":"FINISHED","progressUpdateIntervalMs":500,"focus":true,"$$hashKey":"object:404"},{"text":"%md\n# About DVD4.0's \"Oracle Big Data Cloud (beta)\" Connection Type\n\nDVD4.0 instroduces a new connection type called \"Oracle Big Data Cloud (beta)\".  This connection type is built for BDCS-CE.\n\nSpecifically, the connection type is built to use BDCS-CE's default configuration of running the Spark Thrift Server in http transport mode behind the standard BDCS-CE firewall/proxy running on port 1080.  This provides security and load-balancing features.   \n\n    Note: The DVD connection type for Oracle Big Data Cloud does not currently allow you to specify a http proxy.  So, please make sure there is no firewall between where you run DVD \n    and port 1080 on the BDCS-CE instance.\n\nTo use this connection type, we require that you setup the DVD client with a \"trust store\" that contains the BDCS-CE server's self-signed certificate.\n\nFor full details, see <a href=\"https://docs.oracle.com/en/cloud/paas/big-data-compute-cloud/csspc/accessing-thrift.html\" target=\"_blank\">https: //docs.oracle.com/en/cloud/paas/big-data-compute-cloud/csspc/accessing-thrift.html</a>\n\nThis note will walk you through the exact procedure...\n\n","user":"anonymous","dateUpdated":"2017-11-16T14:31:17+0000","config":{"colWidth":12,"enabled":true,"results":{},"editorSetting":{"language":"markdown","editOnDblClick":"true"},"editorMode":"ace/mode/markdown","editorHide":true,"tableHide":false},"settings":{"params":{},"forms":{}},"results":{"code":"SUCCESS","msg":[{"type":"HTML","data":"<div class=\"markdown-body\">\n<h1>About DVD4.0&rsquo;s &ldquo;Oracle Big Data Cloud (beta)&rdquo; Connection Type</h1>\n<p>DVD4.0 instroduces a new connection type called &ldquo;Oracle Big Data Cloud (beta)&rdquo;. This connection type is built for BDCS-CE.</p>\n<p>Specifically, the connection type is built to use BDCS-CE&rsquo;s default configuration of running the Spark Thrift Server in http transport mode behind the standard BDCS-CE firewall/proxy running on port 1080. This provides security and load-balancing features. </p>\n<pre><code>Note: The DVD connection type for Oracle Big Data Cloud does not currently allow you to specify a http proxy.  So, please make sure there is no firewall between where you run DVD \nand port 1080 on the BDCS-CE instance.\n</code></pre>\n<p>To use this connection type, we require that you setup the DVD client with a &ldquo;trust store&rdquo; that contains the BDCS-CE server&rsquo;s self-signed certificate.</p>\n<p>For full details, see <a href=\"https://docs.oracle.com/en/cloud/paas/big-data-compute-cloud/csspc/accessing-thrift.html\" target=\"_blank\">https: //docs.oracle.com/en/cloud/paas/big-data-compute-cloud/csspc/accessing-thrift.html</a></p>\n<p>This note will walk you through the exact procedure&hellip;</p>\n</div>"}]},"apps":[],"jobName":"paragraph_1510777221690_-1899896140","id":"20171115-202021_1670110847","dateCreated":"2017-11-15T20:20:21+0000","dateStarted":"2017-11-16T14:31:17+0000","dateFinished":"2017-11-16T14:31:17+0000","status":"FINISHED","progressUpdateIntervalMs":500,"$$hashKey":"object:405"},{"text":"%md\n# Create the Trust Store file\n\nThe following shell script will create the trust store file that is needed on the DVD client.  Simply run the following paragraph to continue.","user":"anonymous","dateUpdated":"2017-11-16T14:05:13+0000","config":{"colWidth":12,"enabled":true,"results":{},"editorSetting":{"language":"scala"},"editorMode":"ace/mode/scala","editorHide":true},"settings":{"params":{},"forms":{}},"results":{"code":"SUCCESS","msg":[{"type":"HTML","data":"<div class=\"markdown-body\">\n<h1>Create the Trust Store file</h1>\n<p>The following shell script will create the trust store file that is needed on the DVD client. Simply run the following paragraph to continue.</p>\n</div>"}]},"apps":[],"jobName":"paragraph_1510841043508_-1727087586","id":"20171116-140403_608176540","dateCreated":"2017-11-16T14:04:03+0000","dateStarted":"2017-11-16T14:05:10+0000","dateFinished":"2017-11-16T14:05:10+0000","status":"FINISHED","progressUpdateIntervalMs":500,"$$hashKey":"object:406"},{"title":"Script to create Trust Store file for your BDSC-CE instance","text":"%sh\n#script to create a truststore file with your BDCS-CE self-signed certificate\n\nrm -r /tmp/dvd\nmkdir /tmp/dvd\ncd /tmp/dvd\n\necho \"Gathering the self-signed certificate\"\n# it is also stored at /u01/bdcsce/etc/nginx/nginx.crt\necho | \\\n  openssl s_client -connect 127.0.0.1:1080 2>/dev/null | \\\n  openssl x509 >nginx.crt\n\necho \"Creating bdcsce.jks trust store file\"  \n/usr/java/default/bin/keytool -import -trustcacerts \\\n  -keystore /tmp/dvd/bdcsce.jks \\\n    -storepass welcome -noprompt \\\n  -alias bdcsce \\\n  -file nginx.crt;\n\necho \"Validating bdcsce.jks trust store contents\"  \n/usr/java/default/bin/keytool \\\n  -keystore /tmp/dvd/bdcsce.jks \\\n  -storepass welcome \\\n  -list -v\n  \n#copy the truststore to somewhere we can download it\necho \"Copying bdcsce.jks trust store to browser accessible location\"  \nsudo cp /tmp/dvd/bdcsce.jks /data/tmp/spocui/spoccs/webapp/css/images/bdcsce/bdcsce.jks\n\necho \"done\"","user":"anonymous","dateUpdated":"2017-11-15T20:53:43+0000","config":{"colWidth":12,"enabled":true,"results":{"0":{"graph":{"mode":"table","height":474,"optionOpen":false}}},"editorSetting":{"language":"sh","editOnDblClick":"false"},"editorMode":"ace/mode/sh","editorHide":false,"tableHide":false,"title":true},"settings":{"params":{},"forms":{}},"apps":[],"jobName":"paragraph_1510777691503_-510693744","id":"20171115-202811_1825621654","dateCreated":"2017-11-15T20:28:11+0000","dateStarted":"2017-11-15T20:53:05+0000","dateFinished":"2017-11-15T20:53:06+0000","status":"FINISHED","errorMessage":"","progressUpdateIntervalMs":500,"$$hashKey":"object:407"},{"text":"%md\n# Download the Trust Store file to the laptop where DVD 4.0 is installed.\n\nNow that we have created the necessary Trust Store file, you will need to download it to where DVD is installed.  To download it, click on this link: <a href=\"/css/images/bdcsce/bdcsce.jks\" target=\"_blank\">Trust Store File</a>\n\nWhen prompted, save the file as bdcsce.jks\n","user":"anonymous","dateUpdated":"2017-11-16T14:05:54+0000","config":{"colWidth":12,"enabled":true,"results":{},"editorSetting":{"language":"markdown","editOnDblClick":"true"},"editorMode":"ace/mode/markdown","editorHide":true,"tableHide":false},"settings":{"params":{},"forms":{}},"results":{"code":"SUCCESS","msg":[{"type":"HTML","data":"<div class=\"markdown-body\">\n<h1>Download the Trust Store file to the laptop where DVD 4.0 is installed.</h1>\n<p>Now that we have created the necessary Trust Store file, you will need to download it to where DVD is installed. To download it, click on this link: <a href=\"/css/images/bdcsce/bdcsce.jks\" target=\"_blank\">Trust Store File</a></p>\n<p>When prompted, save the file as bdcsce.jks</p>\n</div>"}]},"apps":[],"jobName":"paragraph_1510778173295_-1085247566","id":"20171115-203613_2123290403","dateCreated":"2017-11-15T20:36:13+0000","dateStarted":"2017-11-16T14:05:54+0000","dateFinished":"2017-11-16T14:05:54+0000","status":"FINISHED","progressUpdateIntervalMs":500,"$$hashKey":"object:408"},{"text":"%md\n# Copy the downloaded Trust Store File (bdcsce.jks) to the proper DVD directory\n\nNow, (on the computer where DVD is installed) copy the downloaded bdcsce.jks file to this location: C:/Users/USERNAME/AppData/Local/DVDesktop/components/OBIS/bdcsce/bdcsce.jks\n\n    Where USERNAME is your Windows username\n    NOTE: You will need to create the bdcsce subdirectory the first time you do this.","user":"anonymous","dateUpdated":"2017-11-16T14:06:37+0000","config":{"colWidth":12,"enabled":true,"results":{},"editorSetting":{"language":"markdown","editOnDblClick":"true"},"editorMode":"ace/mode/markdown","editorHide":true,"tableHide":false},"settings":{"params":{},"forms":{}},"results":{"code":"SUCCESS","msg":[{"type":"HTML","data":"<div class=\"markdown-body\">\n<h1>Copy the downloaded Trust Store File (bdcsce.jks) to the proper DVD directory</h1>\n<p>Now, (on the computer where DVD is installed) copy the downloaded bdcsce.jks file to this location: C:/Users/USERNAME/AppData/Local/DVDesktop/components/OBIS/bdcsce/bdcsce.jks</p>\n<pre><code>Where USERNAME is your Windows username\nNOTE: You will need to create the bdcsce subdirectory the first time you do this.\n</code></pre>\n</div>"}]},"apps":[],"jobName":"paragraph_1510778702802_-119177015","id":"20171115-204502_57558095","dateCreated":"2017-11-15T20:45:02+0000","dateStarted":"2017-11-16T14:06:37+0000","dateFinished":"2017-11-16T14:06:37+0000","status":"FINISHED","progressUpdateIntervalMs":500,"$$hashKey":"object:409"},{"text":"%md\n# Configuring the memory settings for the Spark Thrift Server process\n\nThe default memory settings for the Spark Thrift Server are too small for tables like the Citi bike data.  In order to query these size of tables effectively, we need to increase a few memory settings on the Spark Thrift Server.  These changes are done using the Ambari web console.\n\nHere are the steps:\n\n1.Follow the note \"xtra Connecting to Ambari\" to login to Ambari.\n2.Once connected to Ambari, click on \"Spark2\" on the left-hand list of services\n3.Then click on the \"Configs\" tab\n4.Navigate down to the **Custom spark2-thrift-sparkconf** section\n5.In the Custom spark2-thrift-sparkconf section, click on the \"Add Property...\" link and then add the property \"spark.sql.shuffle.partitions=4\" and click Add. \n6.Expand the **Advanced spark2-env** section and change spark_daemon_memory to 4096 MB. \n7.Also in the Advanced spark2-env section in the \"content\" field, edit and uncomment the line about SPARK_EXECUTOR_MEMORY.  When finished, it should read:\n    SPARK_EXECUTOR_MEMORY=\"2G\" \n8.Click Save at the top of the screen.\n9.In the notes field, enter \"memory\"\n10.Click save again\n11.If you see a \"Configurations\" pop-up, click \"Proceed Anyway\"\n12.Click OK to acknowledge that changes were made successfully\n13.Then click Restart, then Restart All Affected\n14.Then click Confirm Restart All\n\n![AmbariSparkBinary](https://raw.githubusercontent.com/millerhoo/journey2-new-data-lake/master/workshops/journey2-new-data-lake/images/300/DVD4AmbariSparkBinary.gif)\n\n\n","user":"anonymous","dateUpdated":"2017-11-16T15:13:44+0000","config":{"tableHide":false,"editorSetting":{"language":"markdown","editOnDblClick":"true"},"colWidth":12,"editorMode":"ace/mode/markdown","editorHide":true,"results":{},"enabled":true},"settings":{"params":{},"forms":{}},"results":{"code":"SUCCESS","msg":[{"type":"HTML","data":"<div class=\"markdown-body\">\n<h1>Configuring the memory settings for the Spark Thrift Server process</h1>\n<p>The default memory settings for the Spark Thrift Server are too small for tables like the Citi bike data. In order to query these size of tables effectively, we need to increase a few memory settings on the Spark Thrift Server. These changes are done using the Ambari web console.</p>\n<p>Here are the steps:</p>\n<p>1.Follow the note &ldquo;xtra Connecting to Ambari&rdquo; to login to Ambari.<br/>2.Once connected to Ambari, click on &ldquo;Spark2&rdquo; on the left-hand list of services<br/>3.Then click on the &ldquo;Configs&rdquo; tab<br/>4.Navigate down to the <strong>Custom spark2-thrift-sparkconf</strong> section<br/>5.In the Custom spark2-thrift-sparkconf section, click on the &ldquo;Add Property&hellip;&rdquo; link and then add the property &ldquo;spark.sql.shuffle.partitions=4&rdquo; and click Add.<br/>6.Expand the <strong>Advanced spark2-env</strong> section and change spark_daemon_memory to 4096 MB.<br/>7.Also in the Advanced spark2-env section in the &ldquo;content&rdquo; field, edit and uncomment the line about SPARK_EXECUTOR_MEMORY. When finished, it should read:<br/> SPARK_EXECUTOR_MEMORY=&ldquo;2G&rdquo;<br/>8.Click Save at the top of the screen.<br/>9.In the notes field, enter &ldquo;memory&rdquo;<br/>10.Click save again<br/>11.If you see a &ldquo;Configurations&rdquo; pop-up, click &ldquo;Proceed Anyway&rdquo;<br/>12.Click OK to acknowledge that changes were made successfully<br/>13.Then click Restart, then Restart All Affected<br/>14.Then click Confirm Restart All</p>\n<p><img src=\"https://raw.githubusercontent.com/millerhoo/journey2-new-data-lake/master/workshops/journey2-new-data-lake/images/300/DVD4AmbariSparkBinary.gif\" alt=\"AmbariSparkBinary\" /></p>\n</div>"}]},"apps":[],"jobName":"paragraph_1510769458747_599990146","id":"20170911-203514_1066756941","dateCreated":"2017-11-15T18:10:58+0000","dateStarted":"2017-11-16T15:13:44+0000","dateFinished":"2017-11-16T15:13:44+0000","status":"FINISHED","progressUpdateIntervalMs":500,"$$hashKey":"object:410"},{"text":"%md\n# Look up the Public IP address for your BDCS-CE instance\n\nIf you have not written down the Public IP address of your BDCS-CE instance, you will need to do so now.  You can find this information on Oracle Cloud My Services detail page for your BDCS-CE instance.\n\n![IP](https://raw.githubusercontent.com/millerhoo/journey2-new-data-lake/master/workshops/journey2-new-data-lake/images/300/snap0013056.jpg)\n\n","user":"anonymous","dateUpdated":"2017-11-16T15:59:12+0000","config":{"colWidth":12,"enabled":true,"results":{},"editorSetting":{"language":"markdown","editOnDblClick":"true"},"editorMode":"ace/mode/markdown","editorHide":true,"tableHide":false},"settings":{"params":{},"forms":{}},"results":{"code":"SUCCESS","msg":[{"type":"HTML","data":"<div class=\"markdown-body\">\n<h1>Look up the Public IP address for your BDCS-CE instance</h1>\n<p>If you have not written down the Public IP address of your BDCS-CE instance, you will need to do so now. You can find this information on Oracle Cloud My Services detail page for your BDCS-CE instance.</p>\n<p><img src=\"https://raw.githubusercontent.com/millerhoo/journey2-new-data-lake/master/workshops/journey2-new-data-lake/images/300/snap0013056.jpg\" alt=\"IP\" /></p>\n</div>"}]},"apps":[],"jobName":"paragraph_1510839948660_-196322189","id":"20171116-134548_1848576755","dateCreated":"2017-11-16T13:45:48+0000","dateStarted":"2017-11-16T14:09:34+0000","dateFinished":"2017-11-16T14:09:34+0000","status":"FINISHED","progressUpdateIntervalMs":500,"$$hashKey":"object:411"},{"text":"%md\n# Define a connection in DV Desktop for the Oracle Big Data Cloud\n\n+ Open up DV Desktop 4.0\n+ Click on the menu in the upper left and choose Data\n+ Click on the Create button and choose Connection\n+ Click on Oracle Big Data Cloud (Beta)\n+ Enter the Connection Name\n+ Enter the Host Name.  Use the public IP address of your BDCS-CE master server.  This is the same IP address you use to SSH to the cluster.\n+ Enter the Port.  Use 1080\n+ Enter the Username.  Use bdcsce_admin\n+ Enter the Password.  Use the password you defined for the bdcsce_admin user when you created the cluser\n+ Optionally enter the Database Name.  Typically, you would leave this empty.\n\n![DVD4connection](https://raw.githubusercontent.com/millerhoo/journey2-new-data-lake/master/workshops/journey2-new-data-lake/images/300/DVD4connection.gif)\n\n\n\n","user":"anonymous","dateUpdated":"2017-11-16T15:59:49+0000","config":{"tableHide":false,"editorSetting":{"language":"markdown","editOnDblClick":"true"},"colWidth":12,"editorMode":"ace/mode/markdown","editorHide":true,"results":{},"enabled":true},"settings":{"params":{},"forms":{}},"results":{"code":"SUCCESS","msg":[{"type":"HTML","data":"<div class=\"markdown-body\">\n<h1>Define a connection in DV Desktop for the Oracle Big Data Cloud</h1>\n<ul>\n  <li>Open up DV Desktop 4.0</li>\n  <li>Click on the menu in the upper left and choose Data</li>\n  <li>Click on the Create button and choose Connection</li>\n  <li>Click on Oracle Big Data Cloud (Beta)</li>\n  <li>Enter the Connection Name</li>\n  <li>Enter the Host Name. Use the public IP address of your BDCS-CE master server. This is the same IP address you use to SSH to the cluster.</li>\n  <li>Enter the Port. Use 1080</li>\n  <li>Enter the Username. Use bdcsce_admin</li>\n  <li>Enter the Password. Use the password you defined for the bdcsce_admin user when you created the cluser</li>\n  <li>Optionally enter the Database Name. Typically, you would leave this empty.</li>\n</ul>\n<p><img src=\"https://raw.githubusercontent.com/millerhoo/journey2-new-data-lake/master/workshops/journey2-new-data-lake/images/300/DVD4connection.gif\" alt=\"DVD4connection\" /></p>\n</div>"}]},"apps":[],"jobName":"paragraph_1510769458748_598066401","id":"20170728-174228_1743240708","dateCreated":"2017-11-15T18:10:58+0000","dateStarted":"2017-11-16T15:59:49+0000","dateFinished":"2017-11-16T15:59:49+0000","status":"FINISHED","progressUpdateIntervalMs":500,"$$hashKey":"object:412"},{"text":"%md\n# Create a DV Desktop Data Set using your connection\n\n+ Click on Create and choose \"Data Set\"\n+ Select the connection you just created\n+ Navigate through the database, tables, and columns to choose the elements you want to add.\n++ For instance, click on the Default database then click on the \"bike_trips\" table.  And click on \"Add All\" to add all the columns.\n+ Once you have selected your table and columns, click on the rightmost icon in the dataflow pipeline (it will be the icon after the filter icon).  Then, click on the Refresh property.  Change this to be \"Live - Always use the database\".  \n+ Name the new data source and Click the Add button.  It may take a minute for DVD to inspect the data before continuing.\n\n![DVDdatasource](https://raw.githubusercontent.com/millerhoo/journey2-new-data-lake/master/workshops/journey2-new-data-lake/images/300/DVD4dataset.gif)\n","user":"anonymous","dateUpdated":"2017-11-16T16:00:07+0000","config":{"tableHide":false,"editorSetting":{"language":"markdown","editOnDblClick":"true"},"colWidth":12,"editorMode":"ace/mode/markdown","editorHide":true,"results":{},"enabled":true},"settings":{"params":{},"forms":{}},"results":{"code":"SUCCESS","msg":[{"type":"HTML","data":"<div class=\"markdown-body\">\n<h1>Create a DV Desktop Data Set using your connection</h1>\n<ul>\n  <li>Click on Create and choose &ldquo;Data Set&rdquo;</li>\n  <li>Select the connection you just created</li>\n  <li>Navigate through the database, tables, and columns to choose the elements you want to add.<br/>++ For instance, click on the Default database then click on the &ldquo;bike_trips&rdquo; table. And click on &ldquo;Add All&rdquo; to add all the columns.</li>\n  <li>Once you have selected your table and columns, click on the rightmost icon in the dataflow pipeline (it will be the icon after the filter icon). Then, click on the Refresh property. Change this to be &ldquo;Live - Always use the database&rdquo;.</li>\n  <li>Name the new data source and Click the Add button. It may take a minute for DVD to inspect the data before continuing.</li>\n</ul>\n<p><img src=\"https://raw.githubusercontent.com/millerhoo/journey2-new-data-lake/master/workshops/journey2-new-data-lake/images/300/DVD4dataset.gif\" alt=\"DVDdatasource\" /></p>\n</div>"}]},"apps":[],"jobName":"paragraph_1510769458748_598066401","id":"20170731-202416_1602004865","dateCreated":"2017-11-15T18:10:58+0000","dateStarted":"2017-11-16T16:00:07+0000","dateFinished":"2017-11-16T16:00:07+0000","status":"FINISHED","progressUpdateIntervalMs":500,"$$hashKey":"object:413"},{"text":"%md\n# Tip - Tracking Spark queries\n\nRun the following shell paragraph to peak at queries sent to the Spark thrift server.\n\n\n","dateUpdated":"2017-11-15T18:10:58+0000","config":{"tableHide":false,"editorSetting":{"language":"markdown","editOnDblClick":"true"},"colWidth":12,"editorMode":"ace/mode/markdown","editorHide":true,"results":{},"enabled":true},"settings":{"params":{},"forms":{}},"results":{"code":"SUCCESS","msg":[{"type":"HTML","data":"<div class=\"markdown-body\">\n<h1>Tip - Tracking Spark queries</h1>\n<p>Run the following shell paragraph to peak at queries sent to the Spark thrift server.</p>\n</div>"}]},"apps":[],"jobName":"paragraph_1510769458750_598835899","id":"20170911-204536_1923836389","dateCreated":"2017-11-15T18:10:58+0000","status":"READY","errorMessage":"","progressUpdateIntervalMs":500,"$$hashKey":"object:414"},{"title":"Shell command to peak at queries sent to Spark Thrift Server","text":"%sh\negrep $'Running|\\x0d|limit' /data/var/log/spark2-thrift/spark-hive-org.apache.spark.sql.hive.thriftserver.HiveThriftServer2-1-*-1.out | tail -400\n","user":"anonymous","dateUpdated":"2017-11-16T15:06:20+0000","config":{"tableHide":false,"editorSetting":{"language":"sh","editOnDblClick":"false"},"colWidth":12,"editorMode":"ace/mode/sh","editorHide":false,"title":true,"results":{},"enabled":true},"settings":{"params":{},"forms":{}},"apps":[],"jobName":"paragraph_1510769458750_598835899","id":"20170911-204553_822044476","dateCreated":"2017-11-15T18:10:58+0000","dateStarted":"2017-11-16T15:06:04+0000","dateFinished":"2017-11-16T15:06:04+0000","status":"FINISHED","errorMessage":"","progressUpdateIntervalMs":500,"$$hashKey":"object:415"},{"text":"","dateUpdated":"2017-11-15T18:10:58+0000","config":{"editorSetting":{"language":"scala"},"colWidth":12,"editorMode":"ace/mode/scala","editorHide":false,"results":{},"graph":{"mode":"table","height":300,"optionOpen":false,"keys":[],"values":[],"groups":[],"scatter":{}},"enabled":true},"settings":{"params":{},"forms":{}},"apps":[],"jobName":"paragraph_1510769458751_598451150","id":"20170504-171816_753503470","dateCreated":"2017-11-15T18:10:58+0000","status":"READY","errorMessage":"","progressUpdateIntervalMs":500,"$$hashKey":"object:416"},{"dateUpdated":"2017-11-15T18:10:58+0000","config":{"colWidth":12,"editorMode":"ace/mode/scala","results":{},"enabled":true,"editorSetting":{"language":"scala"}},"settings":{"params":{},"forms":{}},"apps":[],"jobName":"paragraph_1510769458751_598451150","id":"20170921-124733_1996309865","dateCreated":"2017-11-15T18:10:58+0000","status":"READY","errorMessage":"","progressUpdateIntervalMs":500,"$$hashKey":"object:417"}],"name":"Extras/Connecting DV Desktop4.0 and BDCS-CE","id":"2CYFZZQ1X","angularObjects":{"2CYSDQRTD:shared_process":[],"2CXZGEME1:shared_process":[],"2CYUAMVSY:shared_process":[],"2CZXWA6ZX:shared_process":[],"2CX2H9AR3:shared_process":[],"2C4U48MY3_spark2:shared_process":[],"2CXNDMXPX:shared_process":[],"2CXEDJX5E:shared_process":[]},"config":{"looknfeel":"default","personalizedMode":"false"},"info":{}}