﻿{"paragraphs":[{"text":"%md\n# Understanding how Python is configured with BDC\n\nThe servers in your BDC cluster have two separate installations of Python: \"system\" and \"user\"\n\n+ System Python: This is version 2.6.6. This is the version that is shipped and standard with the version of Oracle Linux currently used in BDC.  This version is left unchanged to not disrupt other operating system processes and procedures which depend on it.\n+ User Python : This is version 2.7.x. BDC configures this version for PySpark and Zeppelin.  It is located at /u01/bdcsce/usr/local/bin/python\n    \nIt should be noted that the default PATH for shell sessions will pickup the system python installation, but the BDC tools (like Zeppelin and pySpark) are configured for the user python installation.\n\nYou should be using the User Python.  See below for examples on how to add packages to the User python installation.\n\n","user":"anonymous","dateUpdated":"2018-03-01T20:32:53+0000","config":{"colWidth":12,"enabled":true,"results":{},"editorSetting":{"language":"markdown","editOnDblClick":"true"},"editorMode":"ace/mode/markdown","editorHide":true,"tableHide":false},"settings":{"params":{},"forms":{}},"results":{"code":"SUCCESS","msg":[{"type":"HTML","data":"<div class=\"markdown-body\">\n<h1>Understanding how Python is configured with BDC</h1>\n<p>The servers in your BDC cluster have two separate installations of Python: &ldquo;system&rdquo; and &ldquo;user&rdquo;</p>\n<ul>\n  <li>System Python: This is version 2.6.6. This is the version that is shipped and standard with the version of Oracle Linux currently used in BDC. This version is left unchanged to not disrupt other operating system processes and procedures which depend on it.</li>\n  <li>User Python : This is version 2.7.x. BDC configures this version for PySpark and Zeppelin. It is located at /u01/bdcsce/usr/local/bin/python</li>\n</ul>\n<p>It should be noted that the default PATH for shell sessions will pickup the system python installation, but the BDC tools (like Zeppelin and pySpark) are configured for the user python installation.</p>\n<p>You should be using the User Python. See below for examples on how to add packages to the User python installation.</p>\n</div>"}]},"apps":[],"jobName":"paragraph_1519919798748_-881189142","id":"20180301-155638_1186862773","dateCreated":"2018-03-01T15:56:38+0000","dateStarted":"2018-03-01T20:32:53+0000","dateFinished":"2018-03-01T20:32:53+0000","status":"FINISHED","progressUpdateIntervalMs":500,"focus":true,"$$hashKey":"object:568"},{"text":"%sh\necho \"System python versions.\"\npython -V\npip -V\n\nsleep 8\n# use a sleep so that output does not appear out of order\necho \"..\"\necho \"..\"\n\necho \"User python versions.\"\n/u01/bdcsce/usr/local/bin/python -V\n/u01/bdcsce/usr/local/bin/pip -V","user":"anonymous","dateUpdated":"2018-03-01T20:27:17+0000","config":{"colWidth":12,"enabled":true,"results":{},"editorSetting":{"language":"sh","editOnDblClick":"false"},"editorMode":"ace/mode/sh","editorHide":false,"tableHide":false,"title":true},"settings":{"params":{},"forms":{}},"results":{"code":"SUCCESS","msg":[{"type":"TEXT","data":"Python 2.6.6\nSystem python versions.\npip 9.0.1 from /usr/lib/python2.6/site-packages (python 2.6)\n..\n..\nUser python versions.\nPython 2.7.14\npip 9.0.1 from /u01/bdcsce/usr/local/lib/python2.7/site-packages (python 2.7)\n"}]},"apps":[],"jobName":"paragraph_1519919974781_-2030774528","id":"20180301-155934_1713208046","dateCreated":"2018-03-01T15:59:34+0000","dateStarted":"2018-03-01T16:12:25+0000","dateFinished":"2018-03-01T16:12:34+0000","status":"FINISHED","progressUpdateIntervalMs":500,"$$hashKey":"object:569","title":"Illustration of the 2 Python installations"},{"text":"%pyspark\nimport sys\nprint (sys.version)","user":"anonymous","dateUpdated":"2018-03-01T20:28:00+0000","config":{"colWidth":12,"enabled":true,"results":{},"editorSetting":{"language":"python"},"editorMode":"ace/mode/python","title":true},"settings":{"params":{},"forms":{}},"results":{"code":"SUCCESS","msg":[{"type":"TEXT","data":"2.7.14 (default, Oct  6 2017, 22:49:22) \n[GCC 4.4.7 20120313 (Red Hat 4.4.7-18)]\n"}]},"apps":[],"jobName":"paragraph_1517499620441_-1886361200","id":"20180201-154020_1076413551","dateCreated":"2018-02-01T15:40:20+0000","dateStarted":"2018-03-01T16:03:00+0000","dateFinished":"2018-03-01T16:03:44+0000","status":"FINISHED","progressUpdateIntervalMs":500,"$$hashKey":"object:570","title":"Illustration that Zeppelin and Pyspark are configured for the user Python installation (2.7)"},{"text":"%sh\n# This will put packages into /u01/bdcsce/usr/local/lib/python2.7/site-packages/\n\nsudo /u01/bdcsce/usr/local/bin/pip install numpy\n","user":"anonymous","dateUpdated":"2018-03-01T20:29:55+0000","config":{"colWidth":12,"enabled":true,"results":{},"editorSetting":{"language":"sh","editOnDblClick":"false"},"editorMode":"ace/mode/sh","editorHide":false,"tableHide":false,"title":true},"settings":{"params":{},"forms":{}},"results":{"code":"SUCCESS","msg":[{"type":"TEXT","data":"Requirement already satisfied: numpy in /u01/bdcsce/usr/local/lib/python2.7/site-packages\n"}]},"apps":[],"jobName":"paragraph_1519921965767_-1445938707","id":"20180301-163245_1843405770","dateCreated":"2018-03-01T16:32:45+0000","dateStarted":"2018-03-01T16:39:35+0000","dateFinished":"2018-03-01T16:39:35+0000","status":"FINISHED","progressUpdateIntervalMs":500,"$$hashKey":"object:574","title":"How to install additional packages for the User python installation"},{"text":"%pyspark\nimport numpy\na1 = numpy.array([1,2,3,4,5])\na1sum = a1.sum()\nprint(a1sum)","user":"anonymous","dateUpdated":"2018-03-01T20:30:24+0000","config":{"colWidth":12,"enabled":true,"results":{},"editorSetting":{"language":"python"},"editorMode":"ace/mode/python","title":true},"settings":{"params":{},"forms":{}},"results":{"code":"SUCCESS","msg":[{"type":"TEXT","data":"15\n"}]},"apps":[],"jobName":"paragraph_1519919505786_-363315478","id":"20180301-155145_960670457","dateCreated":"2018-03-01T15:51:45+0000","dateStarted":"2018-03-01T16:33:41+0000","dateFinished":"2018-03-01T16:33:41+0000","status":"FINISHED","progressUpdateIntervalMs":500,"$$hashKey":"object:575","title":"Example to show that your package was installed"},{"text":"%pyspark\n#simple example from https://gist.github.com/koverholt/a2cc2a0ab51acb13ae57\nimport numpy as np\n \ndef mult(x):\n    y = np.array([2])\n    return x*y\n \nx = np.arange(1000)\ndistData = sc.parallelize(x)\n \nresults = distData.map(mult).collect()\n \nprint results","user":"anonymous","dateUpdated":"2018-03-01T20:30:59+0000","config":{"colWidth":12,"enabled":true,"results":{},"editorSetting":{"language":"python"},"editorMode":"ace/mode/python","title":true},"settings":{"params":{},"forms":{}},"results":{"code":"SUCCESS","msg":[{"type":"TEXT","data":"[array([0]), array([2]), array([4]), array([6]), array([8]), array([10]), array([12]), array([14]), array([16]), array([18]), array([20]), array([22]), array([24]), array([26]), array([28]), array([30]), array([32]), array([34]), array([36]), array([38]), array([40]), array([42]), array([44]), array([46]), array([48]), array([50]), array([52]), array([54]), array([56]), array([58]), array([60]), array([62]), array([64]), array([66]), array([68]), array([70]), array([72]), array([74]), array([76]), array([78]), array([80]), array([82]), array([84]), array([86]), array([88]), array([90]), array([92]), array([94]), array([96]), array([98]), array([100]), array([102]), array([104]), array([106]), array([108]), array([110]), array([112]), array([114]), array([116]), array([118]), array([120]), array([122]), array([124]), array([126]), array([128]), array([130]), array([132]), array([134]), array([136]), array([138]), array([140]), array([142]), array([144]), array([146]), array([148]), array([150]), array([152]), array([154]), array([156]), array([158]), array([160]), array([162]), array([164]), array([166]), array([168]), array([170]), array([172]), array([174]), array([176]), array([178]), array([180]), array([182]), array([184]), array([186]), array([188]), array([190]), array([192]), array([194]), array([196]), array([198]), array([200]), array([202]), array([204]), array([206]), array([208]), array([210]), array([212]), array([214]), array([216]), array([218]), array([220]), array([222]), array([224]), array([226]), array([228]), array([230]), array([232]), array([234]), array([236]), array([238]), array([240]), array([242]), array([244]), array([246]), array([248]), array([250]), array([252]), array([254]), array([256]), array([258]), array([260]), array([262]), array([264]), array([266]), array([268]), array([270]), array([272]), array([274]), array([276]), array([278]), array([280]), array([282]), array([284]), array([286]), array([288]), array([290]), array([292]), array([294]), array([296]), array([298]), array([300]), array([302]), array([304]), array([306]), array([308]), array([310]), array([312]), array([314]), array([316]), array([318]), array([320]), array([322]), array([324]), array([326]), array([328]), array([330]), array([332]), array([334]), array([336]), array([338]), array([340]), array([342]), array([344]), array([346]), array([348]), array([350]), array([352]), array([354]), array([356]), array([358]), array([360]), array([362]), array([364]), array([366]), array([368]), array([370]), array([372]), array([374]), array([376]), array([378]), array([380]), array([382]), array([384]), array([386]), array([388]), array([390]), array([392]), array([394]), array([396]), array([398]), array([400]), array([402]), array([404]), array([406]), array([408]), array([410]), array([412]), array([414]), array([416]), array([418]), array([420]), array([422]), array([424]), array([426]), array([428]), array([430]), array([432]), array([434]), array([436]), array([438]), array([440]), array([442]), array([444]), array([446]), array([448]), array([450]), array([452]), array([454]), array([456]), array([458]), array([460]), array([462]), array([464]), array([466]), array([468]), array([470]), array([472]), array([474]), array([476]), array([478]), array([480]), array([482]), array([484]), array([486]), array([488]), array([490]), array([492]), array([494]), array([496]), array([498]), array([500]), array([502]), array([504]), array([506]), array([508]), array([510]), array([512]), array([514]), array([516]), array([518]), array([520]), array([522]), array([524]), array([526]), array([528]), array([530]), array([532]), array([534]), array([536]), array([538]), array([540]), array([542]), array([544]), array([546]), array([548]), array([550]), array([552]), array([554]), array([556]), array([558]), array([560]), array([562]), array([564]), array([566]), array([568]), array([570]), array([572]), array([574]), array([576]), array([578]), array([580]), array([582]), array([584]), array([586]), array([588]), array([590]), array([592]), array([594]), array([596]), array([598]), array([600]), array([602]), array([604]), array([606]), array([608]), array([610]), array([612]), array([614]), array([616]), array([618]), array([620]), array([622]), array([624]), array([626]), array([628]), array([630]), array([632]), array([634]), array([636]), array([638]), array([640]), array([642]), array([644]), array([646]), array([648]), array([650]), array([652]), array([654]), array([656]), array([658]), array([660]), array([662]), array([664]), array([666]), array([668]), array([670]), array([672]), array([674]), array([676]), array([678]), array([680]), array([682]), array([684]), array([686]), array([688]), array([690]), array([692]), array([694]), array([696]), array([698]), array([700]), array([702]), array([704]), array([706]), array([708]), array([710]), array([712]), array([714]), array([716]), array([718]), array([720]), array([722]), array([724]), array([726]), array([728]), array([730]), array([732]), array([734]), array([736]), array([738]), array([740]), array([742]), array([744]), array([746]), array([748]), array([750]), array([752]), array([754]), array([756]), array([758]), array([760]), array([762]), array([764]), array([766]), array([768]), array([770]), array([772]), array([774]), array([776]), array([778]), array([780]), array([782]), array([784]), array([786]), array([788]), array([790]), array([792]), array([794]), array([796]), array([798]), array([800]), array([802]), array([804]), array([806]), array([808]), array([810]), array([812]), array([814]), array([816]), array([818]), array([820]), array([822]), array([824]), array([826]), array([828]), array([830]), array([832]), array([834]), array([836]), array([838]), array([840]), array([842]), array([844]), array([846]), array([848]), array([850]), array([852]), array([854]), array([856]), array([858]), array([860]), array([862]), array([864]), array([866]), array([868]), array([870]), array([872]), array([874]), array([876]), array([878]), array([880]), array([882]), array([884]), array([886]), array([888]), array([890]), array([892]), array([894]), array([896]), array([898]), array([900]), array([902]), array([904]), array([906]), array([908]), array([910]), array([912]), array([914]), array([916]), array([918]), array([920]), array([922]), array([924]), array([926]), array([928]), array([930]), array([932]), array([934]), array([936]), array([938]), array([940]), array([942]), array([944]), array([946]), array([948]), array([950]), array([952]), array([954]), array([956]), array([958]), array([960]), array([962]), array([964]), array([966]), array([968]), array([970]), array([972]), array([974]), array([976]), array([978]), array([980]), array([982]), array([984]), array([986]), array([988]), array([990]), array([992]), array([994]), array([996]), array([998]), array([1000]), array([1002]), array([1004]), array([1006]), array([1008]), array([1010]), array([1012]), array([1014]), array([1016]), array([1018]), array([1020]), array([1022]), array([1024]), array([1026]), array([1028]), array([1030]), array([1032]), array([1034]), array([1036]), array([1038]), array([1040]), array([1042]), array([1044]), array([1046]), array([1048]), array([1050]), array([1052]), array([1054]), array([1056]), array([1058]), array([1060]), array([1062]), array([1064]), array([1066]), array([1068]), array([1070]), array([1072]), array([1074]), array([1076]), array([1078]), array([1080]), array([1082]), array([1084]), array([1086]), array([1088]), array([1090]), array([1092]), array([1094]), array([1096]), array([1098]), array([1100]), array([1102]), array([1104]), array([1106]), array([1108]), array([1110]), array([1112]), array([1114]), array([1116]), array([1118]), array([1120]), array([1122]), array([1124]), array([1126]), array([1128]), array([1130]), array([1132]), array([1134]), array([1136]), array([1138]), array([1140]), array([1142]), array([1144]), array([1146]), array([1148]), array([1150]), array([1152]), array([1154]), array([1156]), array([1158]), array([1160]), array([1162]), array([1164]), array([1166]), array([1168]), array([1170]), array([1172]), array([1174]), array([1176]), array([1178]), array([1180]), array([1182]), array([1184]), array([1186]), array([1188]), array([1190]), array([1192]), array([1194]), array([1196]), array([1198]), array([1200]), array([1202]), array([1204]), array([1206]), array([1208]), array([1210]), array([1212]), array([1214]), array([1216]), array([1218]), array([1220]), array([1222]), array([1224]), array([1226]), array([1228]), array([1230]), array([1232]), array([1234]), array([1236]), array([1238]), array([1240]), array([1242]), array([1244]), array([1246]), array([1248]), array([1250]), array([1252]), array([1254]), array([1256]), array([1258]), array([1260]), array([1262]), array([1264]), array([1266]), array([1268]), array([1270]), array([1272]), array([1274]), array([1276]), array([1278]), array([1280]), array([1282]), array([1284]), array([1286]), array([1288]), array([1290]), array([1292]), array([1294]), array([1296]), array([1298]), array([1300]), array([1302]), array([1304]), array([1306]), array([1308]), array([1310]), array([1312]), array([1314]), array([1316]), array([1318]), array([1320]), array([1322]), array([1324]), array([1326]), array([1328]), array([1330]), array([1332]), array([1334]), array([1336]), array([1338]), array([1340]), array([1342]), array([1344]), array([1346]), array([1348]), array([1350]), array([1352]), array([1354]), array([1356]), array([1358]), array([1360]), array([1362]), array([1364]), array([1366]), array([1368]), array([1370]), array([1372]), array([1374]), array([1376]), array([1378]), array([1380]), array([1382]), array([1384]), array([1386]), array([1388]), array([1390]), array([1392]), array([1394]), array([1396]), array([1398]), array([1400]), array([1402]), array([1404]), array([1406]), array([1408]), array([1410]), array([1412]), array([1414]), array([1416]), array([1418]), array([1420]), array([1422]), array([1424]), array([1426]), array([1428]), array([1430]), array([1432]), array([1434]), array([1436]), array([1438]), array([1440]), array([1442]), array([1444]), array([1446]), array([1448]), array([1450]), array([1452]), array([1454]), array([1456]), array([1458]), array([1460]), array([1462]), array([1464]), array([1466]), array([1468]), array([1470]), array([1472]), array([1474]), array([1476]), array([1478]), array([1480]), array([1482]), array([1484]), array([1486]), array([1488]), array([1490]), array([1492]), array([1494]), array([1496]), array([1498]), array([1500]), array([1502]), array([1504]), array([1506]), array([1508]), array([1510]), array([1512]), array([1514]), array([1516]), array([1518]), array([1520]), array([1522]), array([1524]), array([1526]), array([1528]), array([1530]), array([1532]), array([1534]), array([1536]), array([1538]), array([1540]), array([1542]), array([1544]), array([1546]), array([1548]), array([1550]), array([1552]), array([1554]), array([1556]), array([1558]), array([1560]), array([1562]), array([1564]), array([1566]), array([1568]), array([1570]), array([1572]), array([1574]), array([1576]), array([1578]), array([1580]), array([1582]), array([1584]), array([1586]), array([1588]), array([1590]), array([1592]), array([1594]), array([1596]), array([1598]), array([1600]), array([1602]), array([1604]), array([1606]), array([1608]), array([1610]), array([1612]), array([1614]), array([1616]), array([1618]), array([1620]), array([1622]), array([1624]), array([1626]), array([1628]), array([1630]), array([1632]), array([1634]), array([1636]), array([1638]), array([1640]), array([1642]), array([1644]), array([1646]), array([1648]), array([1650]), array([1652]), array([1654]), array([1656]), array([1658]), array([1660]), array([1662]), array([1664]), array([1666]), array([1668]), array([1670]), array([1672]), array([1674]), array([1676]), array([1678]), array([1680]), array([1682]), array([1684]), array([1686]), array([1688]), array([1690]), array([1692]), array([1694]), array([1696]), array([1698]), array([1700]), array([1702]), array([1704]), array([1706]), array([1708]), array([1710]), array([1712]), array([1714]), array([1716]), array([1718]), array([1720]), array([1722]), array([1724]), array([1726]), array([1728]), array([1730]), array([1732]), array([1734]), array([1736]), array([1738]), array([1740]), array([1742]), array([1744]), array([1746]), array([1748]), array([1750]), array([1752]), array([1754]), array([1756]), array([1758]), array([1760]), array([1762]), array([1764]), array([1766]), array([1768]), array([1770]), array([1772]), array([1774]), array([1776]), array([1778]), array([1780]), array([1782]), array([1784]), array([1786]), array([1788]), array([1790]), array([1792]), array([1794]), array([1796]), array([1798]), array([1800]), array([1802]), array([1804]), array([1806]), array([1808]), array([1810]), array([1812]), array([1814]), array([1816]), array([1818]), array([1820]), array([1822]), array([1824]), array([1826]), array([1828]), array([1830]), array([1832]), array([1834]), array([1836]), array([1838]), array([1840]), array([1842]), array([1844]), array([1846]), array([1848]), array([1850]), array([1852]), array([1854]), array([1856]), array([1858]), array([1860]), array([1862]), array([1864]), array([1866]), array([1868]), array([1870]), array([1872]), array([1874]), array([1876]), array([1878]), array([1880]), array([1882]), array([1884]), array([1886]), array([1888]), array([1890]), array([1892]), array([1894]), array([1896]), array([1898]), array([1900]), array([1902]), array([1904]), array([1906]), array([1908]), array([1910]), array([1912]), array([1914]), array([1916]), array([1918]), array([1920]), array([1922]), array([1924]), array([1926]), array([1928]), array([1930]), array([1932]), array([1934]), array([1936]), array([1938]), array([1940]), array([1942]), array([1944]), array([1946]), array([1948]), array([1950]), array([1952]), array([1954]), array([1956]), array([1958]), array([1960]), array([1962]), array([1964]), array([1966]), array([1968]), array([1970]), array([1972]), array([1974]), array([1976]), array([1978]), array([1980]), array([1982]), array([1984]), array([1986]), array([1988]), array([1990]), array([1992]), array([1994]), array([1996]), array([1998])]\n"}]},"apps":[],"jobName":"paragraph_1519923183903_1247495706","id":"20180301-165303_440510856","dateCreated":"2018-03-01T16:53:03+0000","dateStarted":"2018-03-01T20:30:59+0000","dateFinished":"2018-03-01T20:31:07+0000","status":"FINISHED","progressUpdateIntervalMs":500,"$$hashKey":"object:576","title":"Example to show that your package works with spark"},{"text":"%md\n","user":"anonymous","dateUpdated":"2018-03-01T20:22:32+0000","config":{"colWidth":12,"enabled":true,"results":{},"editorSetting":{"language":"markdown","editOnDblClick":"true"},"editorMode":"ace/mode/markdown"},"settings":{"params":{},"forms":{}},"apps":[],"jobName":"paragraph_1519935752850_-1966280463","id":"20180301-202232_1973884685","dateCreated":"2018-03-01T20:22:32+0000","status":"READY","progressUpdateIntervalMs":500,"focus":true,"$$hashKey":"object:1270"}],"name":"Extras/Understanding Python with BDC","id":"2D54TFDN8","angularObjects":{"2D7AG6DRJ:shared_process":[],"2D5F2RENJ:shared_process":[],"2D4A2Y22C:shared_process":[],"2D7MAKX2Q:shared_process":[],"2D7YC4S1W:shared_process":[],"2D5PGP84N:shared_process":[],"2C4U48MY3_spark2:shared_process":[],"2D72FH4V7:shared_process":[]},"config":{"looknfeel":"default","personalizedMode":"false"},"info":{}}