﻿{"paragraphs":[{"text":"%md\n# Tutorial 4c Getting Started with Oracle Data Visualization Desktop\n\nThis tutorial was built for BDCS-CE version 17.4.1 and Data Visualization Desktop 4.0 as part of the New Data Lake User Journey: <a href=\"https://github.com/oracle/learning-library/tree/master/workshops/journey2-new-data-lake\" target=\"_blank\">here</a>.  Questions and feedback about the tutorial: <david.bayard@oracle.com>\n\n\n    Note: Please complete the tutorial \"Adding more datasets\" before attempting this one as you will need the hive table bike_trips_weather_parquet to continue\n\n","dateUpdated":"2017-11-17T15:09:41+0000","config":{"tableHide":false,"editorSetting":{"editOnDblClick":"true","language":"markdown"},"colWidth":12,"editorMode":"ace/mode/markdown","editorHide":true,"results":[{"graph":{"mode":"table","height":300,"optionOpen":false,"keys":[],"values":[],"groups":[],"scatter":{}}}],"enabled":true},"settings":{"params":{},"forms":{}},"results":{"code":"SUCCESS","msg":[{"type":"HTML","data":"<div class=\"markdown-body\">\n<h1>Tutorial 4c Getting Started with Oracle Data Visualization Desktop</h1>\n<p>This tutorial was built for BDCS-CE version 17.4.1 and Data Visualization Desktop 4.0 as part of the New Data Lake User Journey: <a href=\"https://github.com/oracle/learning-library/tree/master/workshops/journey2-new-data-lake\" target=\"_blank\">here</a>. Questions and feedback about the tutorial: <a href=\"mailto:&#100;a&#118;&#x69;&#x64;&#46;&#x62;ay&#97;r&#x64;&#64;&#x6f;&#x72;&#x61;c&#108;e&#x2e;&#x63;&#111;&#x6d;\">&#100;a&#118;&#x69;&#x64;&#46;&#x62;ay&#97;r&#x64;&#64;&#x6f;&#x72;&#x61;c&#108;e&#x2e;&#x63;&#111;&#x6d;</a></p>\n<pre><code>Note: Please complete the tutorial &quot;Adding more datasets&quot; before attempting this one as you will need the hive table bike_trips_weather_parquet to continue\n</code></pre>\n</div>"}]},"apps":[],"jobName":"paragraph_1510931381202_875211067","id":"20170504-171842_974565851","dateCreated":"2017-11-17T15:09:41+0000","status":"READY","errorMessage":"","progressUpdateIntervalMs":500,"focus":true,"$$hashKey":"object:1858"},{"text":"%md\n# About Oracle Data Visualization Desktop\n\nOracle Data Visualization Desktop ( <a href=\"https://docs.oracle.com/middleware/bidv1221/desktop/index.html\" target=\"_blank\">here</a> ) is a lightweight, single-file download tool to easily analyze data.  Data Visualization Desktop can connect to a variety of data sources.  In this tutorial, we will show you how to install DV Desktop, connect it to BDCS-CE, and start to build visualizations on our Bike Trip dataset.\n\n","dateUpdated":"2017-11-17T15:09:41+0000","config":{"editorSetting":{"language":"scala"},"colWidth":12,"editorMode":"ace/mode/scala","editorHide":true,"results":{},"enabled":true},"settings":{"params":{},"forms":{}},"results":{"code":"SUCCESS","msg":[{"type":"HTML","data":"<div class=\"markdown-body\">\n<h1>About Oracle Data Visualization Desktop</h1>\n<p>Oracle Data Visualization Desktop ( <a href=\"https://docs.oracle.com/middleware/bidv1221/desktop/index.html\" target=\"_blank\">here</a> ) is a lightweight, single-file download tool to easily analyze data. Data Visualization Desktop can connect to a variety of data sources. In this tutorial, we will show you how to install DV Desktop, connect it to BDCS-CE, and start to build visualizations on our Bike Trip dataset.</p>\n</div>"}]},"apps":[],"jobName":"paragraph_1510931381203_874826318","id":"20171013-175002_1638821493","dateCreated":"2017-11-17T15:09:41+0000","status":"READY","errorMessage":"","progressUpdateIntervalMs":500,"$$hashKey":"object:1859"},{"text":"%md\n# Download Data Visualization Desktop\n\nIf you have not already downloaded DVD 4.0, you will need to do so before continuing.\n\n    **Please follow the instructions in the \"xtra Downloading DV Desktop\" notebook.  Then return here and continue.**","dateUpdated":"2017-11-17T15:09:41+0000","config":{"tableHide":false,"editorSetting":{"language":"markdown","editOnDblClick":"true"},"colWidth":12,"editorMode":"ace/mode/markdown","editorHide":true,"results":{},"enabled":true},"settings":{"params":{},"forms":{}},"results":{"code":"SUCCESS","msg":[{"type":"HTML","data":"<div class=\"markdown-body\">\n<h1>Download Data Visualization Desktop</h1>\n<p>If you have not already downloaded DVD 4.0, you will need to do so before continuing.</p>\n<pre><code>**Please follow the instructions in the &quot;xtra Downloading DV Desktop&quot; notebook.  Then return here and continue.**\n</code></pre>\n</div>"}]},"apps":[],"jobName":"paragraph_1510931381203_874826318","id":"20171018-145329_397934784","dateCreated":"2017-11-17T15:09:41+0000","status":"READY","errorMessage":"","progressUpdateIntervalMs":500,"$$hashKey":"object:1860"},{"text":"%md\n# Setting up DVD and BDCS-CE to connect\n\nAs of BDCS-CE 17.4.1 and DV Desktop 4.0, there are some specific steps you need to follow to connect.\n\n    **Please follow the instructions in the \"Connecting DV Desktop4.0 and BDCS-CE\" notebook.  Then return here and continue.**","dateUpdated":"2017-11-17T15:09:41+0000","config":{"tableHide":false,"editorSetting":{"language":"markdown","editOnDblClick":"true"},"colWidth":12,"editorMode":"ace/mode/markdown","editorHide":true,"results":{},"enabled":true},"settings":{"params":{},"forms":{}},"results":{"code":"SUCCESS","msg":[{"type":"HTML","data":"<div class=\"markdown-body\">\n<h1>Setting up DVD and BDCS-CE to connect</h1>\n<p>As of BDCS-CE 17.4.1 and DV Desktop 4.0, there are some specific steps you need to follow to connect.</p>\n<pre><code>**Please follow the instructions in the &quot;Connecting DV Desktop4.0 and BDCS-CE&quot; notebook.  Then return here and continue.**\n</code></pre>\n</div>"}]},"apps":[],"jobName":"paragraph_1510931381203_874826318","id":"20171013-175146_1816403068","dateCreated":"2017-11-17T15:09:41+0000","status":"READY","errorMessage":"","progressUpdateIntervalMs":500,"$$hashKey":"object:1861"},{"text":"%md\n# Defining a connection to BDCS-CE in DVD\n\nIf you completed the \"xtra Connecting DV Desktop4.0 and BDCS-CE\" notebook, then you should have defined a connection in DVD for Oracle Big Data Cloud (BDCS-CE).  If you did not do so yet, please finish up the instructions in the \"xtra Connecting DV Desktop and BDCS-CE\" notebook.\n","dateUpdated":"2017-11-17T15:09:41+0000","config":{"tableHide":false,"editorSetting":{"language":"markdown","editOnDblClick":"true"},"colWidth":12,"editorMode":"ace/mode/markdown","editorHide":true,"results":{},"enabled":true},"settings":{"params":{},"forms":{}},"results":{"code":"SUCCESS","msg":[{"type":"HTML","data":"<div class=\"markdown-body\">\n<h1>Defining a connection to BDCS-CE in DVD</h1>\n<p>If you completed the &ldquo;xtra Connecting DV Desktop4.0 and BDCS-CE&rdquo; notebook, then you should have defined a connection in DVD for Oracle Big Data Cloud (BDCS-CE). If you did not do so yet, please finish up the instructions in the &ldquo;xtra Connecting DV Desktop and BDCS-CE&rdquo; notebook.</p>\n</div>"}]},"apps":[],"jobName":"paragraph_1510931381204_872902573","id":"20170910-213057_586545895","dateCreated":"2017-11-17T15:09:41+0000","status":"READY","errorMessage":"","progressUpdateIntervalMs":500,"$$hashKey":"object:1862"},{"text":"%md\n# Create a DV Desktop Data Set for your Spark connection\n\n+ From the upper left menu, choose Data\n+ Click on Create and choose \"Data Set\"\n+ Select the connection you created for Oracle Big Data Cloud (BDCS-CE)\n+ Click on the Default database\n+ Select the \"bike_trips_weather_parquet\" table.  \n+ Click on \"Add All\" to add all the columns.\n+ Once you have selected your table and columns, click on the rightmost icon in the dataflow pipeline (it will be the icon after the filter icon).  Then, click on the Refresh property.  Change this to be \"Live - Always use the database\".  \n+ Name the new data source and click the Add button.  It will take a moment while DVD inspects the data.\n+ Once the preview data is showing, scroll to the PRECIPITATION column and invoke Properties from the column header menu.  Change \"Treat As\" to attribute\n+ Click Create Project\n\n![DVDdatasource](https://raw.githubusercontent.com/millerhoo/journey2-new-data-lake/master/workshops/journey2-new-data-lake/images/300/DVDbikesweatherconnection.gif)\n","dateUpdated":"2017-11-17T15:09:41+0000","config":{"tableHide":false,"editorSetting":{"language":"markdown","editOnDblClick":"true"},"colWidth":12,"editorMode":"ace/mode/markdown","editorHide":true,"results":{},"enabled":true},"settings":{"params":{},"forms":{}},"results":{"code":"SUCCESS","msg":[{"type":"HTML","data":"<div class=\"markdown-body\">\n<h1>Create a DV Desktop Data Set for your Spark connection</h1>\n<ul>\n  <li>From the upper left menu, choose Data</li>\n  <li>Click on Create and choose &ldquo;Data Set&rdquo;</li>\n  <li>Select the connection you created for Oracle Big Data Cloud (BDCS-CE)</li>\n  <li>Click on the Default database</li>\n  <li>Select the &ldquo;bike_trips_weather_parquet&rdquo; table.</li>\n  <li>Click on &ldquo;Add All&rdquo; to add all the columns.</li>\n  <li>Once you have selected your table and columns, click on the rightmost icon in the dataflow pipeline (it will be the icon after the filter icon). Then, click on the Refresh property. Change this to be &ldquo;Live - Always use the database&rdquo;.</li>\n  <li>Name the new data source and click the Add button. It will take a moment while DVD inspects the data.</li>\n  <li>Once the preview data is showing, scroll to the PRECIPITATION column and invoke Properties from the column header menu. Change &ldquo;Treat As&rdquo; to attribute</li>\n  <li>Click Create Project</li>\n</ul>\n<p><img src=\"https://raw.githubusercontent.com/millerhoo/journey2-new-data-lake/master/workshops/journey2-new-data-lake/images/300/DVDbikesweatherconnection.gif\" alt=\"DVDdatasource\" /></p>\n</div>"}]},"apps":[],"jobName":"paragraph_1510931381204_872902573","id":"20170731-202416_1602004865","dateCreated":"2017-11-17T15:09:41+0000","status":"READY","errorMessage":"","progressUpdateIntervalMs":500,"$$hashKey":"object:1863"},{"text":"%md\n# Create a first visualization in your project (Trips by Age by Gender)\n\n+ Right-click on My Calculations.. choose Add Calculation..\n+ Expand Aggregate and double-click on Count(*)\n+ Name the calculation \"num_trips\"\n+ Click Save\n+ Click on num_trips\n+ Ctrl-Click on RIDERAGE\n+ Drag RIDERAGE (and num_trips will drag with it) onto the Canvas\n+ Let the chart display\n+ Then drag GENDER on the Color section and let the chart update\n\n\n![DVDvisualize](https://raw.githubusercontent.com/millerhoo/journey2-new-data-lake/master/workshops/journey2-new-data-lake/images/300/DVDtripsbyagebygender.gif)\n","dateUpdated":"2017-11-17T15:09:41+0000","config":{"tableHide":false,"editorSetting":{"language":"markdown","editOnDblClick":"true"},"colWidth":12,"editorMode":"ace/mode/markdown","editorHide":true,"results":{},"enabled":true},"settings":{"params":{},"forms":{}},"apps":[],"jobName":"paragraph_1510931381204_872902573","id":"20170914-165849_168756499","dateCreated":"2017-11-17T15:09:41+0000","status":"READY","errorMessage":"","progressUpdateIntervalMs":500,"$$hashKey":"object:1864"},{"text":"%md\n# Create a second visualization (Trips per hour)\n\n+ Click the + sign next to Canvas1 to create a new canvas\n+ Click on num_trips\n+ Ctrl-click on STARTHOUR\n+ Drag STARTHOUR (and num_trips will drag with it) onto the canvas\n+ Change the visualization to Line\n+ Drag the STARTDATE to the Color Section\n\n![DVDvisualize2](https://raw.githubusercontent.com/millerhoo/journey2-new-data-lake/master/workshops/journey2-new-data-lake/images/300/DVDtripsperhour.gif)\n\n","dateUpdated":"2017-11-17T15:09:41+0000","config":{"tableHide":false,"editorSetting":{"language":"markdown","editOnDblClick":"true"},"colWidth":12,"editorMode":"ace/mode/markdown","editorHide":true,"results":{},"enabled":true},"settings":{"params":{},"forms":{}},"results":{"code":"SUCCESS","msg":[{"type":"HTML","data":"<div class=\"markdown-body\">\n<h1>Create a second visualization (Trips per hour)</h1>\n<ul>\n  <li>Click the + sign next to Canvas1 to create a new canvas</li>\n  <li>Click on num_trips</li>\n  <li>Ctrl-click on STARTHOUR</li>\n  <li>Drag STARTHOUR (and num_trips will drag with it) onto the canvas</li>\n  <li>Change the visualization to Line</li>\n  <li>Drag the STARTDATE to the Color Section</li>\n</ul>\n<p><img src=\"https://raw.githubusercontent.com/millerhoo/journey2-new-data-lake/master/workshops/journey2-new-data-lake/images/300/DVDtripsperhour.gif\" alt=\"DVDvisualize2\" /></p>\n</div>"}]},"apps":[],"jobName":"paragraph_1510931381204_872902573","id":"20171018-183156_498054804","dateCreated":"2017-11-17T15:09:41+0000","status":"READY","errorMessage":"","progressUpdateIntervalMs":500,"$$hashKey":"object:1865"},{"text":"%md\n# Extend the second visualization (Trips per hour based on workdays)\n\n+ Drag the WORKDAY to the Trellis Columns section\n\n![DVDvisualize3](https://raw.githubusercontent.com/millerhoo/journey2-new-data-lake/master/workshops/journey2-new-data-lake/images/300/DVDtripsperhourworkday.gif)\n\n","dateUpdated":"2017-11-17T15:09:41+0000","config":{"tableHide":false,"editorSetting":{"language":"markdown","editOnDblClick":"true"},"colWidth":12,"editorMode":"ace/mode/markdown","editorHide":true,"results":{},"enabled":true},"settings":{"params":{},"forms":{}},"results":{"code":"SUCCESS","msg":[{"type":"HTML","data":"<div class=\"markdown-body\">\n<h1>Extend the second visualization (Trips per hour based on workdays)</h1>\n<ul>\n  <li>Drag the WORKDAY to the Trellis Columns section</li>\n</ul>\n<p><img src=\"https://raw.githubusercontent.com/millerhoo/journey2-new-data-lake/master/workshops/journey2-new-data-lake/images/300/DVDtripsperhourworkday.gif\" alt=\"DVDvisualize3\" /></p>\n</div>"}]},"apps":[],"jobName":"paragraph_1510931381205_872517824","id":"20171018-183712_1979430648","dateCreated":"2017-11-17T15:09:41+0000","status":"READY","errorMessage":"","progressUpdateIntervalMs":500,"$$hashKey":"object:1866"},{"text":"%md\n# Further extend the second visualization (Trips per hour based on workdays and weather)\n\n+ Right Click on My Calculations and choose Add Calculation\n+ Expand Expressions and double-click on Case (If)\n+ Enter this expression\n    CASE WHEN PRECIPITATION>0.1 THEN 'WET' ELSE 'DRY' END\n+ Name the calculation \"weather\"\n+ Drag weather to the Trellis Columns section\n+ Drag PRECIPITATION to the Item (Detail) section\n+ Drag MAXTEMPERATURE to the Item (Detail) section\n\nWe can now hover over individual lines and see the Item detail like precipitation and daily max temperature.\n\nWhat observations do you make?  Notice that on non-workdays, if it is WET, then there seems to be visually fewer bike trips.  Notice also that on workdays, if it is WET, then the number of trips does not seem to change that much.  But there is one visual outlier.. on December 29, 2016, the wet weather seemed to possibly discourage some of the workers from making their usual commute and lunch hour trips.  Something that could be explored further if desired...\n\n\n![DVDvisualize4](https://raw.githubusercontent.com/millerhoo/journey2-new-data-lake/master/workshops/journey2-new-data-lake/images/300/DVDtripsperhourworkdayweather.gif)\n\n\n","dateUpdated":"2017-11-17T15:09:41+0000","config":{"tableHide":false,"editorSetting":{"language":"markdown","editOnDblClick":"true"},"colWidth":12,"editorMode":"ace/mode/markdown","editorHide":true,"results":{},"enabled":true},"settings":{"params":{},"forms":{}},"results":{"code":"SUCCESS","msg":[{"type":"HTML","data":"<div class=\"markdown-body\">\n<h1>Further extend the second visualization (Trips per hour based on workdays and weather)</h1>\n<ul>\n  <li>Right Click on My Calculations and choose Add Calculation</li>\n  <li>Expand Expressions and double-click on Case (If)</li>\n  <li>Enter this expression<br/>CASE WHEN PRECIPITATION&gt;0.1 THEN &lsquo;WET&rsquo; ELSE &lsquo;DRY&rsquo; END</li>\n  <li>Name the calculation &ldquo;weather&rdquo;</li>\n  <li>Drag weather to the Trellis Columns section</li>\n  <li>Drag PRECIPITATION to the Item (Detail) section</li>\n  <li>Drag MAXTEMPERATURE to the Item (Detail) section</li>\n</ul>\n<p>We can now hover over individual lines and see the Item detail like precipitation and daily max temperature.</p>\n<p>What observations do you make? Notice that on non-workdays, if it is WET, then there seems to be visually fewer bike trips. Notice also that on workdays, if it is WET, then the number of trips does not seem to change that much. But there is one visual outlier.. on December 29, 2016, the wet weather seemed to possibly discourage some of the workers from making their usual commute and lunch hour trips. Something that could be explored further if desired&hellip;</p>\n<p><img src=\"https://raw.githubusercontent.com/millerhoo/journey2-new-data-lake/master/workshops/journey2-new-data-lake/images/300/DVDtripsperhourworkdayweather.gif\" alt=\"DVDvisualize4\" /></p>\n</div>"}]},"apps":[],"jobName":"paragraph_1510931381205_872517824","id":"20171018-183948_1580355203","dateCreated":"2017-11-17T15:09:41+0000","status":"READY","errorMessage":"","progressUpdateIntervalMs":500,"$$hashKey":"object:1867"},{"text":"%md\n# Finishing up\n\nBefore exiting DVD, you probably will want to save your project.\n\n+ In the upper right, click on the Save button to save your project.\n\n![DVDsave](https://raw.githubusercontent.com/millerhoo/journey2-new-data-lake/master/workshops/journey2-new-data-lake/images/300/DVDsave.gif)\n","dateUpdated":"2017-11-17T15:09:41+0000","config":{"tableHide":false,"editorSetting":{"language":"markdown","editOnDblClick":"true"},"colWidth":12,"editorMode":"ace/mode/markdown","editorHide":true,"results":{},"enabled":true},"settings":{"params":{},"forms":{}},"results":{"code":"SUCCESS","msg":[{"type":"HTML","data":"<div class=\"markdown-body\">\n<h1>Finishing up</h1>\n<p>Before exiting DVD, you probably will want to save your project.</p>\n<ul>\n  <li>In the upper right, click on the Save button to save your project.</li>\n</ul>\n<p><img src=\"https://raw.githubusercontent.com/millerhoo/journey2-new-data-lake/master/workshops/journey2-new-data-lake/images/300/DVDsave.gif\" alt=\"DVDsave\" /></p>\n</div>"}]},"apps":[],"jobName":"paragraph_1510931381205_872517824","id":"20170920-211628_15062498","dateCreated":"2017-11-17T15:09:41+0000","status":"READY","errorMessage":"","progressUpdateIntervalMs":500,"$$hashKey":"object:1868"},{"text":"%md\n","dateUpdated":"2017-11-17T15:09:41+0000","config":{"colWidth":12,"editorMode":"ace/mode/markdown","results":{},"enabled":true,"editorSetting":{"language":"markdown","editOnDblClick":"true"}},"settings":{"params":{},"forms":{}},"apps":[],"jobName":"paragraph_1510931381206_873672071","id":"20171018-185449_1693928074","dateCreated":"2017-11-17T15:09:41+0000","status":"READY","errorMessage":"","progressUpdateIntervalMs":500,"$$hashKey":"object:1869"}],"name":"Journeys/New Data Lake/Tutorial 4c Getting Started with DV Desktop","id":"2CXFQ99YJ","angularObjects":{"2CXJR3AHX:shared_process":[],"2CXKU133T:shared_process":[],"2D19V2229:shared_process":[],"2CZAK1K32:shared_process":[],"2D163KRC5:shared_process":[],"2CZVT6YPM:shared_process":[],"2CY7WZWMD:shared_process":[],"2C4U48MY3_spark2:shared_process":[]},"config":{"looknfeel":"default","personalizedMode":"false"},"info":{}}