﻿{"paragraphs":[{"text":"%md\n# Working with Oracle Data Visualization Desktop and CitiBike Data\n\nThis tutorial was built for BDCS-CE version 17.3.3-20 as part of the Self Service BI User Journey: <a href=\"https://oracle.github.io/learning-library/workshops/journey1-self-service-bi/\" target=\"_blank\">here</a>.  Questions and feedback about the tutorial: <david.bayard@oracle.com>\n\n\n    Note: This tutorial assumes you have tables defined in the Hive metastore which you should have if you ran the earlier tutorials.\n\nOracle Data Visualization Desktop ( <a href=\"https://docs.oracle.com/middleware/bidv1221/desktop/index.html\" target=\"_blank\">here</a> ) is a lightweight, single-file download tool to easily analyze data.  Data Visualization Desktop can connect to a variety of data sources.  In this tutorial, we will show you how you can use it to securely connect to BDCS-CE.  We will connect via DV Desktop's support for Spark.  \n\nPlease follow the instructions in the xtra Connecting DV Desktop and Hive for the DVD download and install instructions.\n","dateUpdated":"2017-08-25T13:13:15+0000","config":{"tableHide":false,"editorSetting":{"editOnDblClick":"true","language":"markdown"},"colWidth":12,"editorMode":"ace/mode/markdown","editorHide":true,"results":[{"graph":{"mode":"table","height":300,"optionOpen":false,"keys":[],"values":[],"groups":[],"scatter":{}}}],"enabled":true},"settings":{"params":{},"forms":{}},"results":{"code":"SUCCESS","msg":[{"type":"HTML","data":"<div class=\"markdown-body\">\n<h1>Working with Oracle Data Visualization Desktop and CitiBike Data</h1>\n<p>This tutorial was built for BDCS-CE version 17.3.3-20 as part of the Self Service BI User Journey: <a href=\"https://oracle.github.io/learning-library/workshops/journey1-self-service-bi/\" target=\"_blank\">here</a>. Questions and feedback about the tutorial: <a href=\"mailto:&#100;&#97;&#118;&#x69;&#100;&#46;&#x62;&#97;&#x79;&#x61;&#x72;&#x64;&#64;&#x6f;&#114;&#97;c&#108;&#x65;&#x2e;c&#x6f;&#109;\">&#100;&#97;&#118;&#x69;&#100;&#46;&#x62;&#97;&#x79;&#x61;&#x72;&#x64;&#64;&#x6f;&#114;&#97;c&#108;&#x65;&#x2e;c&#x6f;&#109;</a></p>\n<pre><code>Note: This tutorial assumes you have tables defined in the Hive metastore which you should have if you ran the earlier tutorials.\n</code></pre>\n<p>Oracle Data Visualization Desktop ( <a href=\"https://docs.oracle.com/middleware/bidv1221/desktop/index.html\" target=\"_blank\">here</a> ) is a lightweight, single-file download tool to easily analyze data. Data Visualization Desktop can connect to a variety of data sources. In this tutorial, we will show you how you can use it to securely connect to BDCS-CE. We will connect via DV Desktop&rsquo;s support for Spark. </p>\n<p>Please follow the instructions in the xtra Connecting DV Desktop and Hive for the DVD download and install instructions.</p>\n</div>"}]},"apps":[],"jobName":"paragraph_1503666733122_1139707650","id":"20170504-171842_974565851","dateCreated":"2017-08-25T13:12:13+0000","status":"FINISHED","progressUpdateIntervalMs":500,"focus":true,"$$hashKey":"object:316","user":"anonymous","dateFinished":"2017-08-25T13:13:15+0000","dateStarted":"2017-08-25T13:13:15+0000"},{"text":"%md\n# Working with CitiBike Data Off Line\n\nThis first lab uses a starter project that has imported the CitiBike 12-2016 data in as a CSV file.  Take a look at the Prepare Tab. With CSV all data headers come in automatically. Longitude and Latitude come in as Doubles and much be converted to Attributes to work with the mapping functions.  Additional fields can be added in the Prepare Tab. Male/Female is an example of this.\n\nDownload the CitiBike DVD Project. There are three files. Download all three and unzip.\n<a href=\"https://raw.githubusercontent.com/oracle/learning-library/master/workshops/journey1-self-service-bi/DVData/CitiBikeOffline.zip.001\" target=\"_blank\">CitiBikeOffline.zip.001</a> \n<a href=\"https://raw.githubusercontent.com/oracle/learning-library/master/workshops/journey1-self-service-bi/DVData/CitiBikeOffline.zip.002\" target=\"_blank\">CitiBikeOffline.zip.002</a> \n<a href=\"https://raw.githubusercontent.com/oracle/learning-library/master/workshops/journey1-self-service-bi/DVData/CitiBikeOffline.zip.003\" target=\"_blank\">CitiBikeOffline.zip.003</a> \n**Note: the three files are pieces of the same zip file. To unzip using the 7-zip tool, right-click on the .001 file and choose 7-Zip->Open Archive. You only have to do this for the .001 file, the 7-Zip tool knows to look for the .002 and .003 piece in the same directory.**\n\nDownload the custom map plugins, there are 2 files used. Do not unzip.\n<a href=\"https://raw.githubusercontent.com/millerhoo/journey1-self-service-bi/master/workshops/journey1-self-service-bi/DVData/customviz-com-company-heatMapViz.zip\" target=\"_blank\">customviz-com-company-heatMapViz.zip</a> \n<a href=\"https://raw.githubusercontent.com/millerhoo/journey1-self-service-bi/master/workshops/journey1-self-service-bi/DVData/customviz-com-company-pointsMapViz.zip\" target=\"_blank\">customviz-com-company-pointsMapViz.zip</a> \n\n\n+ Open up DV Desktop\n+ From the home page click on the 3 dots on the top right and select Import\n+ Either drag and drop the file on the import page or find the CitiBikeOffline.dva\n+ Password is Admin123\n\n![Import Project](https://raw.githubusercontent.com/oracle/learning-library/master/workshops/journey1-self-service-bi/images/100/DVDImportCitiBikeProject1.jpg \"HODBC\")\n\n\nFrom the main screen go to the Console.  You can drag and drop the customer pugins or use the file feature to find them.\n\n![Add Custom Plugins](https://raw.githubusercontent.com/millerhoo/journey1-self-service-bi/master/workshops/journey1-self-service-bi/images/100/DVDCustomPlugins.jpg \"HODBC\")\n\n\n\n","dateUpdated":"2017-08-25T13:16:21+0000","config":{"tableHide":false,"editorSetting":{"language":"markdown","editOnDblClick":"true"},"colWidth":12,"editorMode":"ace/mode/markdown","editorHide":true,"results":{},"enabled":true},"settings":{"params":{},"forms":{}},"results":{"code":"SUCCESS","msg":[{"type":"HTML","data":"<div class=\"markdown-body\">\n<h1>Working with CitiBike Data Off Line</h1>\n<p>This first lab uses a starter project that has imported the CitiBike 12-2016 data in as a CSV file. Take a look at the Prepare Tab. With CSV all data headers come in automatically. Longitude and Latitude come in as Doubles and much be converted to Attributes to work with the mapping functions. Additional fields can be added in the Prepare Tab. Male/Female is an example of this.</p>\n<p>Download the CitiBike DVD Project. There are three files. Download all three and unzip.<br/><a href=\"https://raw.githubusercontent.com/oracle/learning-library/master/workshops/journey1-self-service-bi/DVData/CitiBikeOffline.zip.001\" target=\"_blank\">CitiBikeOffline.zip.001</a><br/><a href=\"https://raw.githubusercontent.com/oracle/learning-library/master/workshops/journey1-self-service-bi/DVData/CitiBikeOffline.zip.002\" target=\"_blank\">CitiBikeOffline.zip.002</a><br/><a href=\"https://raw.githubusercontent.com/oracle/learning-library/master/workshops/journey1-self-service-bi/DVData/CitiBikeOffline.zip.003\" target=\"_blank\">CitiBikeOffline.zip.003</a><br/><strong>Note: the three files are pieces of the same zip file. To unzip using the 7-zip tool, right-click on the .001 file and choose 7-Zip-&gt;Open Archive. You only have to do this for the .001 file, the 7-Zip tool knows to look for the .002 and .003 piece in the same directory.</strong></p>\n<p>Download the custom map plugins, there are 2 files used. Do not unzip.<br/><a href=\"https://raw.githubusercontent.com/millerhoo/journey1-self-service-bi/master/workshops/journey1-self-service-bi/DVData/customviz-com-company-heatMapViz.zip\" target=\"_blank\">customviz-com-company-heatMapViz.zip</a><br/><a href=\"https://raw.githubusercontent.com/millerhoo/journey1-self-service-bi/master/workshops/journey1-self-service-bi/DVData/customviz-com-company-pointsMapViz.zip\" target=\"_blank\">customviz-com-company-pointsMapViz.zip</a> </p>\n<ul>\n  <li>Open up DV Desktop</li>\n  <li>From the home page click on the 3 dots on the top right and select Import</li>\n  <li>Either drag and drop the file on the import page or find the CitiBikeOffline.dva</li>\n  <li>Password is Admin123</li>\n</ul>\n<p><img src=\"https://raw.githubusercontent.com/oracle/learning-library/master/workshops/journey1-self-service-bi/images/100/DVDImportCitiBikeProject1.jpg\" alt=\"Import Project\" title=\"HODBC\" /></p>\n<p>From the main screen go to the Console. You can drag and drop the customer pugins or use the file feature to find them.</p>\n<p><img src=\"https://raw.githubusercontent.com/millerhoo/journey1-self-service-bi/master/workshops/journey1-self-service-bi/images/100/DVDCustomPlugins.jpg\" alt=\"Add Custom Plugins\" title=\"HODBC\" /></p>\n</div>"}]},"apps":[],"jobName":"paragraph_1503666733122_1139707650","id":"20170728-174228_1743240708","dateCreated":"2017-08-25T13:12:13+0000","status":"FINISHED","progressUpdateIntervalMs":500,"$$hashKey":"object:317","user":"anonymous","dateFinished":"2017-08-25T13:16:21+0000","dateStarted":"2017-08-25T13:16:21+0000"},{"text":"%md\n# DVD Exploration\nThe purpose of this step is to become more familier with DVD. We can use this simple data set to learn how to work with filters and the basic visualizations.  Look at the data in different ways to see what pattens you can uncover.  Friday nights(early morning) at 2:00AM are revealing! \n\n+ Click on the Prepare Tab and reivew the imported data.  Take a look at the Male/Female column\n+ Click back on the Visualize Tab.  You should see 4 predefined view. Each view is a starter view for exploring the data.\n\n![DVD Prepare Tab](https://raw.githubusercontent.com/oracle/learning-library/master/workshops/journey1-self-service-bi/images/100/DVDPrepare.jpg \"HODBC\")\n\n+ From the Visualize tab take a look at MyCalculation. Calculated fields can range from simple to complex includeing the use of custom pluging, R scripts and other extensions.  Basic calcuations have been added to this project.\n\n![DVD Visualize Tab](https://raw.githubusercontent.com/oracle/learning-library/master/workshops/journey1-self-service-bi/images/100/DVDMyCalcs.jpg \"HODBC\")\n\n+ On the first tab experiment with the filters. Change Weekdays to Weekend -what does this tell you? Change Male/Female with Rider Age. DVD is a tool to explor the data. See what kind of patterns you can uncover!\n \n![DVD Explore](https://raw.githubusercontent.com/oracle/learning-library/master/workshops/journey1-self-service-bi/images/100/DVDExplore.jpg \"HODBC\")\n![DVD Filter](https://raw.githubusercontent.com/oracle/learning-library/master/workshops/journey1-self-service-bi/images/100/DVDFilter.jpg \"HODBC\")\n\n+ Contiune exploration on each tab\n+ The Timeline tab is slow to come up due to the number of points in the data. You can use filters to narrow it down.  It is a intersting visual.\n+ The Custom Maps are also very dense.  You can drill down to see more details.\n","dateUpdated":"2017-08-25T13:12:13+0000","config":{"tableHide":false,"editorSetting":{"language":"markdown","editOnDblClick":"true"},"colWidth":12,"editorMode":"ace/mode/markdown","editorHide":true,"results":{},"enabled":true},"settings":{"params":{},"forms":{}},"results":{"code":"SUCCESS","msg":[{"type":"HTML","data":"<div class=\"markdown-body\">\n<h1>DVD Exploration</h1>\n<p>The purpose of this step is to become more familier with DVD. We can use this simple data set to learn how to work with filters and the basic visualizations. Look at the data in different ways to see what pattens you can uncover. Friday nights(early morning) at 2:00AM are revealing! </p>\n<ul>\n  <li>Click on the Prepare Tab and reivew the imported data. Take a look at the Male/Female column</li>\n  <li>Click back on the Visualize Tab. You should see 4 predefined view. Each view is a starter view for exploring the data.</li>\n</ul>\n<p><img src=\"https://raw.githubusercontent.com/oracle/learning-library/master/workshops/journey1-self-service-bi/images/100/DVDPrepare.jpg\" alt=\"DVD Prepare Tab\" title=\"HODBC\" /></p>\n<ul>\n  <li>From the Visualize tab take a look at MyCalculation. Calculated fields can range from simple to complex includeing the use of custom pluging, R scripts and other extensions. Basic calcuations have been added to this project.</li>\n</ul>\n<p><img src=\"https://raw.githubusercontent.com/oracle/learning-library/master/workshops/journey1-self-service-bi/images/100/DVDMyCalcs.jpg\" alt=\"DVD Visualize Tab\" title=\"HODBC\" /></p>\n<ul>\n  <li>On the first tab experiment with the filters. Change Weekdays to Weekend -what does this tell you? Change Male/Female with Rider Age. DVD is a tool to explor the data. See what kind of patterns you can uncover!</li>\n</ul>\n<p><img src=\"https://raw.githubusercontent.com/oracle/learning-library/master/workshops/journey1-self-service-bi/images/100/DVDExplore.jpg\" alt=\"DVD Explore\" title=\"HODBC\" /><br/><img src=\"https://raw.githubusercontent.com/oracle/learning-library/master/workshops/journey1-self-service-bi/images/100/DVDFilter.jpg\" alt=\"DVD Filter\" title=\"HODBC\" /></p>\n<ul>\n  <li>Contiune exploration on each tab</li>\n  <li>The Timeline tab is slow to come up due to the number of points in the data. You can use filters to narrow it down. It is a intersting visual.</li>\n  <li>The Custom Maps are also very dense. You can drill down to see more details.</li>\n</ul>\n</div>"}]},"apps":[],"jobName":"paragraph_1503666733123_1139322901","id":"20170731-202416_1602004865","dateCreated":"2017-08-25T13:12:13+0000","status":"READY","errorMessage":"","progressUpdateIntervalMs":500,"$$hashKey":"object:318"},{"text":"%md\n# Working with CitiBike Data Using Spark\n\nThis nextlab uses a starter project that has connection to the CitiBike 12-2016 data in BDCSCE through Spark.  Take a look at the Prepare Tab. With Spark the hearders all need to be updated to make the names more readable. Each field should be reviewed to verify the data teyp. all data headers come in automatically.  Additional fields can be added in the Prepare Tab. Male/Female is an example of this.\n\nDownload the CitiBike DVD Project  <a href=\"https://raw.githubusercontent.com/oracle/learning-library/master/workshops/journey1-self-service-bi/DVData/CitiBikeSpark.dva\" target=\"_blank\">here</a>\n\n\n+ Open up DV Desktop\n+ From the home page click on the 3 dots on the top right and select Import\n+ Either drag and drop the file on the import page or find the CitiBikeSpark.dva\n+ Password is Admin123\n\n![DVD Import Spark Project](https://raw.githubusercontent.com/oracle/learning-library/master/workshops/journey1-self-service-bi/images/100/DVDImportCitiBikeProject1.jpg \"HODBC\")\n\n+ Once the project in imported, go into the Data Sources and Connections to change the host name and port to your BDCSCE instance.  User name and password will also need to be update.  \n+ Go into the data sources and verify that that table name that was imported matches your table name.\n\n![Connection](https://raw.githubusercontent.com/oracle/learning-library/master/workshops/journey1-self-service-bi/images/100/DVDSparkConnection.jpg \"HODBC\")\n![Spark Data Source](https://raw.githubusercontent.com/oracle/learning-library/master/workshops/journey1-self-service-bi/images/100/DVDSparkDataSource.jpg \"HODBC\")\n\n\n\n\n\n","dateUpdated":"2017-08-25T13:12:13+0000","config":{"tableHide":false,"editorSetting":{"language":"markdown","editOnDblClick":"true"},"colWidth":12,"editorMode":"ace/mode/markdown","editorHide":true,"results":{},"enabled":true},"settings":{"params":{},"forms":{}},"results":{"code":"SUCCESS","msg":[{"type":"HTML","data":"<div class=\"markdown-body\">\n<h1>Working with CitiBike Data Using Spark</h1>\n<p>This nextlab uses a starter project that has connection to the CitiBike 12-2016 data in BDCSCE through Spark. Take a look at the Prepare Tab. With Spark the hearders all need to be updated to make the names more readable. Each field should be reviewed to verify the data teyp. all data headers come in automatically. Additional fields can be added in the Prepare Tab. Male/Female is an example of this.</p>\n<p>Download the CitiBike DVD Project <a href=\"https://raw.githubusercontent.com/oracle/learning-library/master/workshops/journey1-self-service-bi/DVData/CitiBikeSpark.dva\" target=\"_blank\">here</a></p>\n<ul>\n  <li>Open up DV Desktop</li>\n  <li>From the home page click on the 3 dots on the top right and select Import</li>\n  <li>Either drag and drop the file on the import page or find the CitiBikeSpark.dva</li>\n  <li>Password is Admin123</li>\n</ul>\n<p><img src=\"https://raw.githubusercontent.com/oracle/learning-library/master/workshops/journey1-self-service-bi/images/100/DVDImportCitiBikeProject1.jpg\" alt=\"DVD Import Spark Project\" title=\"HODBC\" /></p>\n<ul>\n  <li>Once the project in imported, go into the Data Sources and Connections to change the host name and port to your BDCSCE instance. User name and password will also need to be update.</li>\n  <li>Go into the data sources and verify that that table name that was imported matches your table name.</li>\n</ul>\n<p><img src=\"https://raw.githubusercontent.com/oracle/learning-library/master/workshops/journey1-self-service-bi/images/100/DVDSparkConnection.jpg\" alt=\"Connection\" title=\"HODBC\" /><br/><img src=\"https://raw.githubusercontent.com/oracle/learning-library/master/workshops/journey1-self-service-bi/images/100/DVDSparkDataSource.jpg\" alt=\"Spark Data Source\" title=\"HODBC\" /></p>\n</div>"}]},"apps":[],"jobName":"paragraph_1503666733123_1139322901","id":"20170815-185428_12805475","dateCreated":"2017-08-25T13:12:13+0000","status":"READY","errorMessage":"","progressUpdateIntervalMs":500,"$$hashKey":"object:319"},{"dateUpdated":"2017-08-25T13:12:13+0000","config":{"editorSetting":{"language":"scala"},"colWidth":12,"editorMode":"ace/mode/scala","editorHide":true,"results":{},"graph":{"mode":"table","height":300,"optionOpen":false,"keys":[],"values":[],"groups":[],"scatter":{}},"enabled":true},"settings":{"params":{},"forms":{}},"apps":[],"jobName":"paragraph_1503666733124_1137399157","id":"20170504-171816_753503470","dateCreated":"2017-08-25T13:12:13+0000","status":"READY","errorMessage":"","progressUpdateIntervalMs":500,"$$hashKey":"object:320"}],"name":"SelfServeBI Exploring CitiBike Data with DVD","id":"2CRDGR3V1","angularObjects":{"2CU424UXA:shared_process":[],"2CTNC42UC:shared_process":[],"2CSQFS352:shared_process":[],"2CRHFBYJQ:shared_process":[],"2CT2G6RST:shared_process":[],"2CSNDNYNF:shared_process":[],"2C4U48MY3_spark2:shared_process":[],"2CTPU7MSJ:shared_process":[]},"config":{"looknfeel":"default","personalizedMode":"false"},"info":{}}