﻿{"paragraphs":[{"text":"%md\n# Tutorial 4c Getting Started with Oracle Data Visualization Desktop\n\nThis tutorial was built for BDCS-CE version 17.3.5-20 as part of the New Data Lake User Journey: <a href=\"https://github.com/oracle/learning-library/tree/master/workshops/journey2-new-data-lake\" target=\"_blank\">here</a>.  Questions and feedback about the tutorial: <david.bayard@oracle.com>\n\n\n    Note: Please complete the tutorial \"Adding more datasets\" before attempting this one as you will need the hive table bike_trips_weather_parquet to continue\n\n","dateUpdated":"2017-10-18T14:52:25+0000","config":{"tableHide":false,"editorSetting":{"editOnDblClick":"true","language":"markdown"},"colWidth":12,"editorMode":"ace/mode/markdown","editorHide":true,"results":[{"graph":{"mode":"table","height":300,"optionOpen":false,"keys":[],"values":[],"groups":[],"scatter":{}}}],"enabled":true},"settings":{"params":{},"forms":{}},"results":{"code":"SUCCESS","msg":[{"type":"HTML","data":"<div class=\"markdown-body\">\n<h1>Tutorial 4c Getting Started with Oracle Data Visualization Desktop</h1>\n<p>This tutorial was built for BDCS-CE version 17.3.5-20 as part of the New Data Lake User Journey: <a href=\"https://github.com/oracle/learning-library/tree/master/workshops/journey2-new-data-lake\" target=\"_blank\">here</a>. Questions and feedback about the tutorial: <a href=\"mailto:&#x64;&#x61;&#118;&#105;d&#x2e;&#x62;a&#121;&#x61;&#x72;&#100;&#64;&#111;&#114;&#97;&#x63;&#x6c;&#101;&#46;&#99;&#111;&#x6d;\">&#x64;&#x61;&#118;&#105;d&#x2e;&#x62;a&#121;&#x61;&#x72;&#100;&#64;&#111;&#114;&#97;&#x63;&#x6c;&#101;&#46;&#99;&#111;&#x6d;</a></p>\n<pre><code>Note: Please complete the tutorial &quot;Adding more datasets&quot; before attempting this one as you will need the hive table bike_trips_weather_parquet to continue\n</code></pre>\n</div>"}]},"apps":[],"jobName":"paragraph_1508338345949_1617168100","id":"20170504-171842_974565851","dateCreated":"2017-10-18T14:52:25+0000","status":"READY","errorMessage":"","progressUpdateIntervalMs":500,"focus":true,"$$hashKey":"object:282"},{"text":"%md\n# About Oracle Data Visualization Desktop\n\nOracle Data Visualization Desktop ( <a href=\"https://docs.oracle.com/middleware/bidv1221/desktop/index.html\" target=\"_blank\">here</a> ) is a lightweight, single-file download tool to easily analyze data.  Data Visualization Desktop can connect to a variety of data sources.  In this tutorial, we will show you how to install DV Desktop, connect it to BDCS-CE, and start to build visualizations on our Bike Trip dataset.\n\n","dateUpdated":"2017-10-18T14:52:25+0000","config":{"editorSetting":{"language":"scala"},"colWidth":12,"editorMode":"ace/mode/scala","editorHide":true,"results":{},"enabled":true},"settings":{"params":{},"forms":{}},"results":{"code":"SUCCESS","msg":[{"type":"HTML","data":"<div class=\"markdown-body\">\n<h1>About Oracle Data Visualization Desktop</h1>\n<p>Oracle Data Visualization Desktop ( <a href=\"https://docs.oracle.com/middleware/bidv1221/desktop/index.html\" target=\"_blank\">here</a> ) is a lightweight, single-file download tool to easily analyze data. Data Visualization Desktop can connect to a variety of data sources. In this tutorial, we will show you how to install DV Desktop, connect it to BDCS-CE, and start to build visualizations on our Bike Trip dataset.</p>\n</div>"}]},"apps":[],"jobName":"paragraph_1508338345950_1618322346","id":"20171013-175002_1638821493","dateCreated":"2017-10-18T14:52:25+0000","status":"READY","errorMessage":"","progressUpdateIntervalMs":500,"$$hashKey":"object:283"},{"text":"%md\n# Download Data Visualization Desktop\n\nIf you have not already downloaded DVD 3.0, you will need to do so before continuing.\n\n    **Please follow the instructions in the \"xtra Downloading DV Desktop\" notebook.  Then return here and continue.**","user":"anonymous","dateUpdated":"2017-10-18T14:54:30+0000","config":{"colWidth":12,"enabled":true,"results":{},"editorSetting":{"language":"scala"},"editorMode":"ace/mode/scala","editorHide":true},"settings":{"params":{},"forms":{}},"results":{"code":"SUCCESS","msg":[{"type":"HTML","data":"<div class=\"markdown-body\">\n<h1>Download Data Visualization Desktop</h1>\n<p>If you have not already downloaded DVD 3.0, you will need to do so before continuing.</p>\n<pre><code>**Please follow the instructions in the &quot;xtra Downloading DV Desktop&quot; notebook.  Then return here and continue.**\n</code></pre>\n</div>"}]},"apps":[],"jobName":"paragraph_1508338409518_1512809203","id":"20171018-145329_397934784","dateCreated":"2017-10-18T14:53:29+0000","dateStarted":"2017-10-18T14:54:22+0000","dateFinished":"2017-10-18T14:54:22+0000","status":"FINISHED","progressUpdateIntervalMs":500,"$$hashKey":"object:284"},{"text":"%md\n# Configuring the Spark Thrift server on BDCS-CE to connect with DVD\n\nAs of BDCS-CE 17.3.5 and DV Desktop 3.0, you will need to change some of the settings on the Spark Thrift server to connect properly.\n\n    **Please follow the instructions in the \"xtra Connecting DV Desktop and Spark\" notebook.  Then return here and continue.**","user":"anonymous","dateUpdated":"2017-10-18T14:54:46+0000","config":{"editorSetting":{"language":"markdown","editOnDblClick":"true"},"colWidth":12,"editorMode":"ace/mode/markdown","editorHide":true,"results":{},"enabled":true,"tableHide":false},"settings":{"params":{},"forms":{}},"results":{"code":"SUCCESS","msg":[{"type":"HTML","data":"<div class=\"markdown-body\">\n<h1>Configuring the Spark Thrift server on BDCS-CE to connect with DVD</h1>\n<p>As of BDCS-CE 17.3.5 and DV Desktop 3.0, you will need to change some of the settings on the Spark Thrift server to connect properly.</p>\n<pre><code>**Please follow the instructions in the &quot;xtra Connecting DV Desktop and Spark&quot; notebook.  Then return here and continue.**\n</code></pre>\n</div>"}]},"apps":[],"jobName":"paragraph_1508338345952_1603701888","id":"20171013-175146_1816403068","dateCreated":"2017-10-18T14:52:25+0000","dateStarted":"2017-10-18T14:54:46+0000","dateFinished":"2017-10-18T14:54:46+0000","status":"FINISHED","progressUpdateIntervalMs":500,"$$hashKey":"object:285"},{"text":"%md\n# Defining a connection to Spark in DVD\n\nIf you completed the \"xtra Connecting DV Desktop and Spark\" notebook, then you should have defined a connection in DVD for Spark.  If you did not do so yet, please finish up the instructions in the \"xtra Connecting DV Desktop and Spark\" notebook.\n","user":"anonymous","dateUpdated":"2017-10-18T14:56:57+0000","config":{"tableHide":false,"editorSetting":{"language":"markdown","editOnDblClick":"true"},"colWidth":12,"editorMode":"ace/mode/markdown","editorHide":true,"results":{},"enabled":true},"settings":{"params":{},"forms":{}},"results":{"code":"SUCCESS","msg":[{"type":"HTML","data":"<div class=\"markdown-body\">\n<h1>Defining a connection to Spark in DVD</h1>\n<p>If you completed the &ldquo;xtra Connecting DV Desktop and Spark&rdquo; notebook, then you should have defined a connection in DVD for Spark. If you did not do so yet, please finish up the instructions in the &ldquo;xtra Connecting DV Desktop and Spark&rdquo; notebook.</p>\n</div>"}]},"apps":[],"jobName":"paragraph_1508338345952_1603701888","id":"20170910-213057_586545895","dateCreated":"2017-10-18T14:52:25+0000","dateStarted":"2017-10-18T14:56:57+0000","dateFinished":"2017-10-18T14:56:57+0000","status":"FINISHED","progressUpdateIntervalMs":500,"$$hashKey":"object:286"},{"text":"%md\n# Create a DV Desktop Data Source for your Spark connection\n\n+ From the upper left menu, choose Data Sources\n+ Click Data Source under the Create section\n+ Choose the Spark Connection you previously created\n+ Double click on the Spark Connection you created\n\nAt this point if you are using BDCS-CE 17.3.5 and DVD 3.0, you will see an empty list of databases/tables as this combination of versions has an issue with querying the data dictionary.  So, we will use a workaround for the next steps...\n\n+ Click on Enter SQL\n+ Type \"select * from bike_trips_weather_parquet\"\n+ Click on the rightmost icon in the dataflow pipeline (it will be the icon after the filter icon). Then, click on the Refresh property. Change this to be “Live - Always use the database”.\n+ Enter the name as \"bikes_with_weather\"\n+ Click the Add button\n+ Once the preview data is showing, scroll to the PRECIPITATION column and invoke Properties from the column header menu.  Change \"Treat As\" to attribute\n+ Click Create Project\n\n![DVDdatasource](https://raw.githubusercontent.com/millerhoo/journey2-new-data-lake/master/workshops/journey2-new-data-lake/images/300/DVDbikesweatherconnection.gif)\n","user":"anonymous","dateUpdated":"2017-10-18T18:28:47+0000","config":{"tableHide":false,"editorSetting":{"language":"markdown","editOnDblClick":"true"},"colWidth":12,"editorMode":"ace/mode/markdown","editorHide":true,"results":{},"enabled":true},"settings":{"params":{},"forms":{}},"results":{"code":"SUCCESS","msg":[{"type":"HTML","data":"<div class=\"markdown-body\">\n<h1>Create a DV Desktop Data Source for your Spark connection</h1>\n<ul>\n  <li>From the upper left menu, choose Data Sources</li>\n  <li>Click Data Source under the Create section</li>\n  <li>Choose the Spark Connection you previously created</li>\n  <li>Double click on the Spark Connection you created</li>\n</ul>\n<p>At this point if you are using BDCS-CE 17.3.5 and DVD 3.0, you will see an empty list of databases/tables as this combination of versions has an issue with querying the data dictionary. So, we will use a workaround for the next steps&hellip;</p>\n<ul>\n  <li>Click on Enter SQL</li>\n  <li>Type &ldquo;select * from bike_trips_weather_parquet&rdquo;</li>\n  <li>Click on the rightmost icon in the dataflow pipeline (it will be the icon after the filter icon). Then, click on the Refresh property. Change this to be “Live - Always use the database”.</li>\n  <li>Enter the name as &ldquo;bikes_with_weather&rdquo;</li>\n  <li>Click the Add button</li>\n  <li>Once the preview data is showing, scroll to the PRECIPITATION column and invoke Properties from the column header menu. Change &ldquo;Treat As&rdquo; to attribute</li>\n  <li>Click Create Project</li>\n</ul>\n<p><img src=\"https://raw.githubusercontent.com/millerhoo/journey2-new-data-lake/master/workshops/journey2-new-data-lake/images/300/DVDbikesweatherconnection.gif\" alt=\"DVDdatasource\" /></p>\n</div>"}]},"apps":[],"jobName":"paragraph_1508338345954_1604471386","id":"20170731-202416_1602004865","dateCreated":"2017-10-18T14:52:25+0000","dateStarted":"2017-10-18T18:28:47+0000","dateFinished":"2017-10-18T18:28:47+0000","status":"FINISHED","progressUpdateIntervalMs":500,"$$hashKey":"object:287"},{"text":"%md\n# Create a first visualization in your project (Trips by Age by Gender)\n\n+ Right-click on My Calculations.. choose Add Calculation..\n+ Expand Aggregate and double-click on Count(*)\n+ Name the calculation \"num_trips\"\n+ Click Save\n+ Click on num_trips\n+ Ctrl-Click on RIDERAGE\n+ Drag RIDERAGE (and num_trips will drag with it) onto the Canvas\n+ Let the chart display\n+ Then drag GENDER on the Color section and let the chart update\n\n\n![DVDvisualize](https://raw.githubusercontent.com/millerhoo/journey2-new-data-lake/master/workshops/journey2-new-data-lake/images/300/DVDtripsbyagebygender.gif)\n","user":"anonymous","dateUpdated":"2017-10-18T18:51:40+0000","config":{"tableHide":false,"editorSetting":{"language":"markdown","editOnDblClick":"true"},"colWidth":12,"editorMode":"ace/mode/markdown","editorHide":true,"results":{},"enabled":true},"settings":{"params":{},"forms":{}},"results":{"code":"SUCCESS","msg":[{"type":"HTML","data":"<div class=\"markdown-body\">\n<h1>Create a first visualization in your project (Trips by Age by Gender)</h1>\n<ul>\n  <li>Right-click on My Calculations.. choose Add Calculation..</li>\n  <li>Expand Aggregate and double-click on Count(*)</li>\n  <li>Name the calculation &ldquo;num_trips&rdquo;</li>\n  <li>Click Save</li>\n  <li>Click on num_trips</li>\n  <li>Ctrl-Click on RIDERAGE</li>\n  <li>Drag RIDERAGE (and num_trips will drag with it) onto the Canvas</li>\n  <li>Let the chart display</li>\n  <li>Then drag GENDER on the Color section and let the chart update</li>\n</ul>\n<p><img src=\"https://raw.githubusercontent.com/millerhoo/journey2-new-data-lake/master/workshops/journey2-new-data-lake/images/300/DVDtripsbyagebygender.gif\" alt=\"DVDvisualize\" /></p>\n</div>"}]},"apps":[],"jobName":"paragraph_1508338345954_1604471386","id":"20170914-165849_168756499","dateCreated":"2017-10-18T14:52:25+0000","dateStarted":"2017-10-18T18:30:59+0000","dateFinished":"2017-10-18T18:30:59+0000","status":"FINISHED","progressUpdateIntervalMs":500,"$$hashKey":"object:288"},{"text":"%md\n# Create a second visualization (Trips per hour)\n\n+ Click the + sign next to Canvas1 to create a new canvas\n+ Click on num_trips\n+ Ctrl-click on STARTHOUR\n+ Drag STARTHOUR (and num_trips will drag with it) onto the canvas\n+ Change the visualization to Line\n+ Drag the STARTDATE to the Color Section\n\n![DVDvisualize2](https://raw.githubusercontent.com/millerhoo/journey2-new-data-lake/master/workshops/journey2-new-data-lake/images/300/DVDtripsperhour.gif)\n\n","user":"anonymous","dateUpdated":"2017-10-18T18:51:44+0000","config":{"colWidth":12,"enabled":true,"results":{},"editorSetting":{"language":"markdown","editOnDblClick":"true"},"editorMode":"ace/mode/markdown","editorHide":true,"tableHide":false},"settings":{"params":{},"forms":{}},"apps":[],"jobName":"paragraph_1508351516358_-1583690902","id":"20171018-183156_498054804","dateCreated":"2017-10-18T18:31:56+0000","status":"FINISHED","progressUpdateIntervalMs":500,"focus":true,"$$hashKey":"object:1154","dateFinished":"2017-10-18T18:37:03+0000","dateStarted":"2017-10-18T18:37:03+0000","results":{"code":"SUCCESS","msg":[{"type":"HTML","data":"<div class=\"markdown-body\">\n<h1>Create a second visualization (Trips per hour)</h1>\n<ul>\n  <li>Click the + sign next to Canvas1 to create a new canvas</li>\n  <li>Click on num_trips</li>\n  <li>Ctrl-click on STARTHOUR</li>\n  <li>Drag STARTHOUR (and num_trips will drag with it) onto the canvas</li>\n  <li>Change the visualization to Line</li>\n  <li>Drag the STARTDATE to the Color Section</li>\n</ul>\n<p><img src=\"https://raw.githubusercontent.com/millerhoo/journey2-new-data-lake/master/workshops/journey2-new-data-lake/images/300/DVDtripsperhour.gif\" alt=\"DVDvisualize2\" /></p>\n</div>"}]}},{"text":"%md\n# Extend the second visualization (Trips per hour based on workdays)\n\n+ Drag the WORKDAY to the Trellis Columns section\n\n![DVDvisualize3](https://raw.githubusercontent.com/millerhoo/journey2-new-data-lake/master/workshops/journey2-new-data-lake/images/300/DVDtripsperhourworkday.gif)\n\n","user":"anonymous","dateUpdated":"2017-10-18T18:39:46+0000","config":{"colWidth":12,"enabled":true,"results":{},"editorSetting":{"language":"markdown","editOnDblClick":"true"},"editorMode":"ace/mode/markdown","editorHide":true,"tableHide":false},"settings":{"params":{},"forms":{}},"apps":[],"jobName":"paragraph_1508351832837_-1383360963","id":"20171018-183712_1979430648","dateCreated":"2017-10-18T18:37:12+0000","status":"FINISHED","progressUpdateIntervalMs":500,"focus":true,"$$hashKey":"object:1299","dateFinished":"2017-10-18T18:39:46+0000","dateStarted":"2017-10-18T18:39:46+0000","results":{"code":"SUCCESS","msg":[{"type":"HTML","data":"<div class=\"markdown-body\">\n<h1>Extend the second visualization (Trips per hour based on workdays)</h1>\n<ul>\n  <li>Drag the WORKDAY to the Trellis Columns section</li>\n</ul>\n<p><img src=\"https://raw.githubusercontent.com/millerhoo/journey2-new-data-lake/master/workshops/journey2-new-data-lake/images/300/DVDtripsperhourworkday.gif\" alt=\"DVDvisualize3\" /></p>\n</div>"}]}},{"text":"%md\n# Further extend the second visualization (Trips per hour based on workdays and weather)\n\n+ Right Click on My Calculations and choose Add Calculation\n+ Expand Expressions and double-click on Case (If)\n+ Enter this expression\n    CASE WHEN PRECIPITATION>0.1 THEN 'WET' ELSE 'DRY' END\n+ Name the calculation \"weather\"\n+ Drag weather to the Trellis Columns section\n+ Drag PRECIPITATION to the Item (Detail) section\n+ Drag MAXTEMPERATURE to the Item (Detail) section\n\nWe can now hover over individual lines and see the Item detail like precipitation and daily max temperature.\n\nWhat observations do you make?  Notice that on non-workdays, if it is WET, then there seems to be visually fewer bike trips.  Notice also that on workdays, if it is WET, then the number of trips does not seem to change that much.  But there is one visual outlier.. on December 29, 2016, the wet weather seemed to possibly discourage some of the workers from making their usual commute and lunch hour trips.  Something that could be explored further if desired...\n\n\n![DVDvisualize4](https://raw.githubusercontent.com/millerhoo/journey2-new-data-lake/master/workshops/journey2-new-data-lake/images/300/DVDtripsperhourworkdayweather.gif)\n\n\n","user":"anonymous","dateUpdated":"2017-10-18T18:54:56+0000","config":{"colWidth":12,"enabled":true,"results":{},"editorSetting":{"language":"markdown","editOnDblClick":"true"},"editorMode":"ace/mode/markdown","editorHide":true,"tableHide":false},"settings":{"params":{},"forms":{}},"apps":[],"jobName":"paragraph_1508351988964_797593372","id":"20171018-183948_1580355203","dateCreated":"2017-10-18T18:39:48+0000","status":"FINISHED","progressUpdateIntervalMs":500,"focus":true,"$$hashKey":"object:1376","dateFinished":"2017-10-18T18:54:56+0000","dateStarted":"2017-10-18T18:54:56+0000","results":{"code":"SUCCESS","msg":[{"type":"HTML","data":"<div class=\"markdown-body\">\n<h1>Further extend the second visualization (Trips per hour based on workdays and weather)</h1>\n<ul>\n  <li>Right Click on My Calculations and choose Add Calculation</li>\n  <li>Expand Expressions and double-click on Case (If)</li>\n  <li>Enter this expression<br/>CASE WHEN PRECIPITATION&gt;0.1 THEN &lsquo;WET&rsquo; ELSE &lsquo;DRY&rsquo; END</li>\n  <li>Name the calculation &ldquo;weather&rdquo;</li>\n  <li>Drag weather to the Trellis Columns section</li>\n  <li>Drag PRECIPITATION to the Item (Detail) section</li>\n  <li>Drag MAXTEMPERATURE to the Item (Detail) section</li>\n</ul>\n<p>We can now hover over individual lines and see the Item detail like precipitation and daily max temperature.</p>\n<p>What observations do you make? Notice that on non-workdays, if it is WET, then there seems to be visually fewer bike trips. Notice also that on workdays, if it is WET, then the number of trips does not seem to change that much. But there is one visual outlier.. on December 29, 2016, the wet weather seemed to possibly discourage some of the workers from making their usual commute and lunch hour trips. Something that could be explored further if desired&hellip;</p>\n<p><img src=\"https://raw.githubusercontent.com/millerhoo/journey2-new-data-lake/master/workshops/journey2-new-data-lake/images/300/DVDtripsperhourworkdayweather.gif\" alt=\"DVDvisualize4\" /></p>\n</div>"}]}},{"text":"%md\n# Finishing up\n\nBefore exiting DVD, you probably will want to save your project.\n\n+ In the upper left, click on the save/share icon and choose Save to save your project.\n\n![DVDsave](https://raw.githubusercontent.com/millerhoo/journey2-new-data-lake/master/workshops/journey2-new-data-lake/images/300/DVDsave.gif)\n","dateUpdated":"2017-10-18T18:54:49+0000","config":{"colWidth":12,"editorMode":"ace/mode/markdown","results":{},"enabled":true,"editorSetting":{"language":"markdown","editOnDblClick":"true"},"editorHide":true,"tableHide":false},"settings":{"params":{},"forms":{}},"apps":[],"jobName":"paragraph_1508338345956_1601778144","id":"20170920-211628_15062498","dateCreated":"2017-10-18T14:52:25+0000","status":"FINISHED","progressUpdateIntervalMs":500,"$$hashKey":"object:292","user":"anonymous","dateFinished":"2017-10-18T18:54:49+0000","dateStarted":"2017-10-18T18:54:49+0000","results":{"code":"SUCCESS","msg":[{"type":"HTML","data":"<div class=\"markdown-body\">\n<h1>Finishing up</h1>\n<p>Before exiting DVD, you probably will want to save your project.</p>\n<ul>\n  <li>In the upper left, click on the save/share icon and choose Save to save your project.</li>\n</ul>\n<p><img src=\"https://raw.githubusercontent.com/millerhoo/journey2-new-data-lake/master/workshops/journey2-new-data-lake/images/300/DVDsave.gif\" alt=\"DVDsave\" /></p>\n</div>"}]}},{"text":"%md\n","user":"anonymous","dateUpdated":"2017-10-18T18:54:49+0000","config":{"colWidth":12,"enabled":true,"results":{},"editorSetting":{"language":"markdown","editOnDblClick":"true"},"editorMode":"ace/mode/markdown"},"settings":{"params":{},"forms":{}},"apps":[],"jobName":"paragraph_1508352889586_-606054338","id":"20171018-185449_1693928074","dateCreated":"2017-10-18T18:54:49+0000","status":"READY","progressUpdateIntervalMs":500,"focus":true,"$$hashKey":"object:1535"}],"name":"New Data Lake/Tutorial 4c Getting Started with DV Desktop","id":"2CUZ9CP31","angularObjects":{"2CXZJ9QJB:shared_process":[],"2CXPDTWPH:shared_process":[],"2CWDYXPTB:shared_process":[],"2CVW3CJG6:shared_process":[],"2CUQSP17V:shared_process":[],"2C4U48MY3_spark2:shared_process":[],"2CWBKB9Z5:shared_process":[],"2CX6D87EF:shared_process":[]},"config":{"looknfeel":"default","personalizedMode":"false"},"info":{}}