﻿{"paragraphs":[{"text":"%md\n# Tutorial 4b: Extending your analysis with more datasets\n\nThis tutorial was built for BDCS-CE version 17.3.5-20 as part of the New Data Lake User Journey: <a href=\"https://github.com/oracle/learning-library/tree/master/workshops/journey2-new-data-lake\" target=\"_blank\">here</a>.  Questions and feedback about the tutorial: <david.bayard@oracle.com>\n\n    Be sure you previously ran the Tutorial: \"Working with the Spark Interpreter\"\n\nThis tutorial will add some additional datasets (weather and holidays) to combine with our bike trip data.\n\n## Contents\n\n+ How to get daily weather data from the US Government\n+ Creating a temporary table on weather data\n+ Creating a temporary table on calendar/holiday data\n+ Joining our bike_trips with weather and calendar data\n+ Creating a permanent hive parquet table on the combined data\n\nAs a reminder, the documentation for BDCS-CE can be found: <a href=\"http://docs.oracle.com/cloud/latest/big-data-compute-cloud/index.html\" target=\"_blank\">here</a>","user":"anonymous","dateUpdated":"2017-10-18T18:59:48+0000","config":{"tableHide":false,"editorSetting":{"editOnDblClick":"true","language":"markdown"},"colWidth":12,"editorMode":"ace/mode/markdown","editorHide":true,"results":[{"graph":{"mode":"table","height":300,"optionOpen":false,"keys":[],"values":[],"groups":[],"scatter":{}}}],"enabled":true},"settings":{"params":{},"forms":{}},"results":{"code":"SUCCESS","msg":[{"type":"HTML","data":"<div class=\"markdown-body\">\n<h1>Tutorial 4b: Extending your analysis with more datasets</h1>\n<p>This tutorial was built for BDCS-CE version 17.3.5-20 as part of the New Data Lake User Journey: <a href=\"https://github.com/oracle/learning-library/tree/master/workshops/journey2-new-data-lake\" target=\"_blank\">here</a>. Questions and feedback about the tutorial: <a href=\"mailto:&#x64;&#97;v&#105;&#x64;&#46;&#98;&#x61;y&#97;&#114;&#x64;&#x40;o&#114;&#x61;&#99;&#x6c;e&#46;co&#109;\">&#x64;&#97;v&#105;&#x64;&#46;&#98;&#x61;y&#97;&#114;&#x64;&#x40;o&#114;&#x61;&#99;&#x6c;e&#46;co&#109;</a></p>\n<pre><code>Be sure you previously ran the Tutorial: &quot;Working with the Spark Interpreter&quot;\n</code></pre>\n<p>This tutorial will add some additional datasets (weather and holidays) to combine with our bike trip data.</p>\n<h2>Contents</h2>\n<ul>\n  <li>How to get daily weather data from the US Government</li>\n  <li>Creating a temporary table on weather data</li>\n  <li>Creating a temporary table on calendar/holiday data</li>\n  <li>Joining our bike_trips with weather and calendar data</li>\n  <li>Creating a permanent hive parquet table on the combined data</li>\n</ul>\n<p>As a reminder, the documentation for BDCS-CE can be found: <a href=\"http://docs.oracle.com/cloud/latest/big-data-compute-cloud/index.html\" target=\"_blank\">here</a></p>\n</div>"}]},"apps":[],"jobName":"paragraph_1507745429177_601527957","id":"20170414-131903_889251720","dateCreated":"2017-10-11T18:10:29+0000","dateStarted":"2017-10-18T18:59:48+0000","dateFinished":"2017-10-18T18:59:48+0000","status":"FINISHED","progressUpdateIntervalMs":500,"focus":true,"$$hashKey":"object:502"},{"text":"%md\n# Requesting free Weather Data from the Government\n\nIn this tutorial, we will add some weather data to our data lake.  We will use the US Government's National Center for Environmental Information website to request the daily weather summary for New York City for December 2016 (the same time frame as our bike data).  We will use the website to request/order the weather data and then we download the data once the request is ready.\n\n![CDO](https://raw.githubusercontent.com/millerhoo/journey2-new-data-lake/master/workshops/journey2-new-data-lake/images/300/snap0012665.jpg)\n\n\nTo get our weather data, follow these steps: (if you are in a hurry, you can skip below to the paragraph titled \"If you are in a hurry...\")\n\n+ Open a browser to the Climate Data Online website, run by the US Government: <a href=\"https://www.ncdc.noaa.gov/cdo-web/\" target=\"_blank\">https ://www.ncdc.noaa.gov/cdo-web/</a>\n+ Click on Search Tool\n+ Choose:\nDaily Summaries\n2016-12-01 to 2016-12-31\nCites\nNew York City\n+ Click the \"ADD TO CART\" button for the \"New York, NY US\" row.\n+ Navigate to the \"Cart (Free Data) 1 item\" area and click \"View All Items(1)\"\n+ Choose Custom GHCN-Daily CSV and click Continue\n+ In the \"Select data types for custom output\" section, click \"Show All\".  Then select\nPRCP - Precipitation\nSNWD - Snow depth \nSNOW - Snowfall\nTAVG - Average Temperature.\nTMAX - Maximum temperature\nTMIN - Minimum temperature\nAWND - Average wind speed\n+ Click Continue\n+ Enter your email address and click Submit Order\n\n![CDO2](https://raw.githubusercontent.com/millerhoo/journey2-new-data-lake/master/workshops/journey2-new-data-lake/images/300/WeatherOrder.gif)\n\nGood job!  Now get yourself a cup a coffee as it may take a few minutes for your order to work through the queue.\n\n","user":"anonymous","dateUpdated":"2017-10-13T15:27:18+0000","config":{"tableHide":false,"editorSetting":{"editOnDblClick":"true","language":"markdown"},"colWidth":12,"editorMode":"ace/mode/markdown","editorHide":true,"results":[{"graph":{"mode":"table","height":300,"optionOpen":false,"keys":[],"values":[],"groups":[],"scatter":{}}}],"enabled":true},"settings":{"params":{},"forms":{}},"results":{"code":"SUCCESS","msg":[{"type":"HTML","data":"<div class=\"markdown-body\">\n<h1>Requesting free Weather Data from the Government</h1>\n<p>In this tutorial, we will add some weather data to our data lake. We will use the US Government&rsquo;s National Center for Environmental Information website to request the daily weather summary for New York City for December 2016 (the same time frame as our bike data). We will use the website to request/order the weather data and then we download the data once the request is ready.</p>\n<p><img src=\"https://raw.githubusercontent.com/millerhoo/journey2-new-data-lake/master/workshops/journey2-new-data-lake/images/300/snap0012665.jpg\" alt=\"CDO\" /></p>\n<p>To get our weather data, follow these steps: (if you are in a hurry, you can skip below to the paragraph titled &ldquo;If you are in a hurry&hellip;&rdquo;)</p>\n<ul>\n  <li>Open a browser to the Climate Data Online website, run by the US Government: <a href=\"https://www.ncdc.noaa.gov/cdo-web/\" target=\"_blank\">https ://www.ncdc.noaa.gov/cdo-web/</a></li>\n  <li>Click on Search Tool</li>\n  <li>Choose:<br/>Daily Summaries<br/>2016-12-01 to 2016-12-31<br/>Cites<br/>New York City</li>\n  <li>Click the &ldquo;ADD TO CART&rdquo; button for the &ldquo;New York, NY US&rdquo; row.</li>\n  <li>Navigate to the &ldquo;Cart (Free Data) 1 item&rdquo; area and click &ldquo;View All Items(1)&rdquo;</li>\n  <li>Choose Custom GHCN-Daily CSV and click Continue</li>\n  <li>In the &ldquo;Select data types for custom output&rdquo; section, click &ldquo;Show All&rdquo;. Then select<br/>PRCP - Precipitation<br/>SNWD - Snow depth<br/>SNOW - Snowfall<br/>TAVG - Average Temperature.<br/>TMAX - Maximum temperature<br/>TMIN - Minimum temperature<br/>AWND - Average wind speed</li>\n  <li>Click Continue</li>\n  <li>Enter your email address and click Submit Order</li>\n</ul>\n<p><img src=\"https://raw.githubusercontent.com/millerhoo/journey2-new-data-lake/master/workshops/journey2-new-data-lake/images/300/WeatherOrder.gif\" alt=\"CDO2\" /></p>\n<p>Good job! Now get yourself a cup a coffee as it may take a few minutes for your order to work through the queue.</p>\n</div>"}]},"apps":[],"jobName":"paragraph_1507745429178_602682203","id":"20170616-103849_1176559517","dateCreated":"2017-10-11T18:10:29+0000","dateStarted":"2017-10-13T15:27:18+0000","dateFinished":"2017-10-13T15:27:18+0000","status":"FINISHED","progressUpdateIntervalMs":500,"$$hashKey":"object:503"},{"text":"%md\n# Downloading, Uploading the weather data when the request is ready\n\nA few minutes after submiting your free order for weather data, you should receive an email indicating that your Order is complete.\n\n+ Click on the Order ID link in the email.  This will take you to the Order History page\n+ Right-click on the download button and choose Copy Link Location\n+ Paste the value into the weather data URL input field in the paragraph below, then run the paragraph below\n\n![CDODownload](https://raw.githubusercontent.com/millerhoo/journey2-new-data-lake/master/workshops/journey2-new-data-lake/images/300/WeatherDownload.gif)\n","user":"anonymous","dateUpdated":"2017-10-13T15:43:00+0000","config":{"editorSetting":{"language":"markdown","editOnDblClick":"true"},"colWidth":12,"editorMode":"ace/mode/markdown","editorHide":true,"results":{},"enabled":true,"tableHide":false},"settings":{"params":{},"forms":{}},"results":{"code":"SUCCESS","msg":[{"type":"HTML","data":"<div class=\"markdown-body\">\n<h1>Downloading, Uploading the weather data when the request is ready</h1>\n<p>A few minutes after submiting your free order for weather data, you should receive an email indicating that your Order is complete.</p>\n<ul>\n  <li>Click on the Order ID link in the email. This will take you to the Order History page</li>\n  <li>Right-click on the download button and choose Copy Link Location</li>\n  <li>Paste the value into the weather data URL input field in the paragraph below, then run the paragraph below</li>\n</ul>\n<p><img src=\"https://raw.githubusercontent.com/millerhoo/journey2-new-data-lake/master/workshops/journey2-new-data-lake/images/300/WeatherDownload.gif\" alt=\"CDODownload\" /></p>\n</div>"}]},"apps":[],"jobName":"paragraph_1507745429178_602682203","id":"20171006-124543_574686421","dateCreated":"2017-10-11T18:10:29+0000","dateStarted":"2017-10-13T15:43:00+0000","dateFinished":"2017-10-13T15:43:00+0000","status":"FINISHED","progressUpdateIntervalMs":500,"$$hashKey":"object:504"},{"text":"%md\n## If you are in a hurry... (and don't want to order the government weather data yourself)\n\nCopy this value and paste it into the Weather_Data_URL input field below and run the paragraph.\n\n    https://raw.githubusercontent.com/millerhoo/journey2-new-data-lake/master/workshops/journey2-new-data-lake/files/1090166.csv\n    \n\n\n","user":"anonymous","dateUpdated":"2017-10-11T18:18:47+0000","config":{"tableHide":false,"editorSetting":{"language":"markdown","editOnDblClick":"true"},"colWidth":12,"editorMode":"ace/mode/markdown","editorHide":true,"results":{},"enabled":true},"settings":{"params":{},"forms":{}},"results":{"code":"SUCCESS","msg":[{"type":"HTML","data":"<div class=\"markdown-body\">\n<h2>If you are in a hurry&hellip; (and don&rsquo;t want to order the government weather data yourself)</h2>\n<p>Copy this value and paste it into the Weather_Data_URL input field below and run the paragraph.</p>\n<pre><code>https://raw.githubusercontent.com/millerhoo/journey2-new-data-lake/master/workshops/journey2-new-data-lake/files/1090166.csv\n</code></pre>\n</div>"}]},"apps":[],"jobName":"paragraph_1507745429178_602682203","id":"20171006-125236_974558193","dateCreated":"2017-10-11T18:10:29+0000","dateStarted":"2017-10-11T18:18:47+0000","dateFinished":"2017-10-11T18:18:47+0000","status":"FINISHED","progressUpdateIntervalMs":500,"$$hashKey":"object:505"},{"title":"Script to download weather data and upload to Object Store","text":"%sh\nCONTAINER=journeyC\nDIRECTORY=weather\nFILENAME=201612-weather\n\ntest -e $DIRECTORY || mkdir $DIRECTORY\ncd $DIRECTORY\nrm $FILENAME.csv\n\necho \"Downloading $FILENAME.csv.  This may take a minute.\"\nwget -O $FILENAME.csv ${Weather_Data_URL=https://raw.githubusercontent.com/millerhoo/journey2-new-data-lake/master/workshops/journey2-new-data-lake/files/1090166.csv}\necho \".\"\necho \".\"\necho \".\"\nls -ltr $FILENAME.csv\necho \".\"\necho \".\"\necho \".\"\n\necho \"Storing file to Object Storage.  This may take a few minutes.\"\n# we use the hadoop swift:// driver to interact with the Object Store.\n# The .default configuration of the swift driver is the object store connection you defined when you created the BDCSCE instance.\n\necho \"List the directory. directory should be empty or missing\"\nhadoop fs -ls swift://$CONTAINER.default/$DIRECTORY \necho \"Make the raw directory in Object Store\"\nhadoop fs -mkdir -p swift://$CONTAINER.default/$DIRECTORY/raw \necho \"Copy First File to Object Store. May take a minute\"\nhadoop fs -put $FILENAME.csv swift://$CONTAINER.default/$DIRECTORY/raw/$FILENAME.csv \necho \"Validate by listing the csv file that got copied to Object Store\"\nhadoop fs -ls swift://$CONTAINER.default/$DIRECTORY/raw \necho \".\"\necho \".\"\n\necho \"Quick glance at first few lines of weather file...\"\nhead $FILENAME.csv\necho \".\"\necho \".\"\necho \"done\"","user":"anonymous","dateUpdated":"2017-10-13T15:41:29+0000","config":{"tableHide":false,"editorSetting":{"language":"sh","editOnDblClick":"false"},"colWidth":12,"editorMode":"ace/mode/sh","editorHide":true,"title":true,"results":{},"enabled":true},"settings":{"params":{"Weather_Data_URL":"https://www.ncei.noaa.gov/orders/cdo/1094716.csv"},"forms":{"Weather_Data_URL":{"name":"Weather_Data_URL","defaultValue":"https://raw.githubusercontent.com/millerhoo/journey2-new-data-lake/master/workshops/journey2-new-data-lake/files/1090166.csv","hidden":false,"$$hashKey":"object:1002"}}},"apps":[],"jobName":"paragraph_1507745429179_602297454","id":"20171006-125424_1155428025","dateCreated":"2017-10-11T18:10:29+0000","dateStarted":"2017-10-13T15:41:29+0000","dateFinished":"2017-10-13T15:41:48+0000","status":"FINISHED","errorMessage":"","progressUpdateIntervalMs":500,"$$hashKey":"object:506"},{"text":"%md\n## Reading the weather data and registering as a Spark SQL table\n\nThe next step is to use Spark to read our weather data CSV file that we uploaded to the Object Store.  Once we read the CSV into a Spark Data Frame, we will register the data frame as a Spark SQL temp table.\n\nYou can review the Spark SQL programming guide for a refresher about Data Frames and Temporary Tables: <a href=\"https://spark.apache.org/docs/2.1.0/sql-programming-guide.html\" target=\"_blank\">Spark SQL Programming Guide</a>\n\n","dateUpdated":"2017-10-11T18:10:29+0000","config":{"tableHide":false,"editorSetting":{"editOnDblClick":"true","language":"markdown"},"colWidth":12,"editorMode":"ace/mode/markdown","editorHide":true,"results":[{"graph":{"mode":"table","height":300,"optionOpen":false,"keys":[],"values":[],"groups":[],"scatter":{}}}],"enabled":true},"settings":{"params":{},"forms":{}},"results":{"code":"SUCCESS","msg":[{"type":"HTML","data":"<div class=\"markdown-body\">\n<h2>Reading the weather data and registering as a Spark SQL table</h2>\n<p>The next step is to use Spark to read our weather data CSV file that we uploaded to the Object Store. Once we read the CSV into a Spark Data Frame, we will register the data frame as a Spark SQL temp table.</p>\n<p>You can review the Spark SQL programming guide for a refresher about Data Frames and Temporary Tables: <a href=\"https://spark.apache.org/docs/2.1.0/sql-programming-guide.html\" target=\"_blank\">Spark SQL Programming Guide</a></p>\n</div>"}]},"apps":[],"jobName":"paragraph_1507745429179_602297454","id":"20170417-090240_1793194469","dateCreated":"2017-10-11T18:10:29+0000","status":"READY","errorMessage":"","progressUpdateIntervalMs":500,"$$hashKey":"object:507"},{"title":"Spark Scala to read CSV and register as table","text":"%spark\n\n\nval Container = \"journeyC\"\nval Directory = \"weather\"\n\nsqlContext.setConf(\"spark.sql.shuffle.partitions\", \"4\")\n\n//val df = sqlContext.read.format(\"com.databricks.spark.csv\").option(\"header\", \"true\").load(\"swift://\"+Container+\".default/\"+Directory+\"/raw/201612-weather.csv\")\n//We will use the bdfs (alluxio) cached file system to access our object store data...\nval wdf = sqlContext.read.format(\"com.databricks.spark.csv\").option(\"header\", \"true\").option(\"inferSchema\",\"true\").load(\"bdfs://localhost:19998/\"+Directory+\"/raw/201612-weather.csv\")\n\n// If you get this error message:\n// java.lang.IllegalStateException: Cannot call methods on a stopped SparkContext.\n// Then go to the Settings tab, then click on Notebook.  Then restart the Notebook.  This will restart your SparkContext\n\n\nprintln(\"Here is the schema detected from the CSV\")\nwdf.printSchema()\nprintln(\"..\")\n\nprintln(\"# of rows: %s\".format(\n  wdf.count() \n)) \nprintln(\"..\")\n\nwdf.registerTempTable(\"weather_temp\")\nprintln(\"done\")","user":"anonymous","dateUpdated":"2017-10-18T16:09:11+0000","config":{"editorSetting":{"language":"scala"},"colWidth":12,"editorMode":"ace/mode/scala","editorHide":false,"title":true,"results":{},"graph":{"mode":"table","height":247,"optionOpen":false,"keys":[],"values":[],"groups":[],"scatter":{}},"enabled":true},"settings":{"params":{"container":"dcb-bdcs-apr12","CONTAINER":"citibike","FILENAME":"201612-citibike-tripdata"},"forms":{}},"apps":[],"jobName":"paragraph_1507745429180_600373710","id":"20170414-134031_1271833288","dateCreated":"2017-10-11T18:10:29+0000","dateStarted":"2017-10-18T16:09:11+0000","dateFinished":"2017-10-18T16:09:19+0000","status":"FINISHED","progressUpdateIntervalMs":500,"$$hashKey":"object:508","errorMessage":""},{"title":"SQL to experiment with our Weather data","text":"%sql\nselect * from weather_temp\nwhere NAME like '%CENTRAL%'","user":"anonymous","dateUpdated":"2017-10-11T18:20:53+0000","config":{"editorSetting":{"language":"sql","editOnDblClick":false},"colWidth":12,"editorMode":"ace/mode/sql","title":true,"results":{},"enabled":true},"settings":{"params":{},"forms":{}},"apps":[],"jobName":"paragraph_1507745429180_600373710","id":"20171006-132920_1541770419","dateCreated":"2017-10-11T18:10:29+0000","dateStarted":"2017-10-11T18:20:54+0000","dateFinished":"2017-10-11T18:20:54+0000","status":"FINISHED","progressUpdateIntervalMs":500,"$$hashKey":"object:509","errorMessage":""},{"title":"More SQL to experiment with our Weather data","text":"%sql\nselect cast(date as date) day_of_month, tmax, tmin, prcp*20 prcp_scaled\nfrom weather_temp\nwhere station='USW00094728'\norder by day_of_month","user":"anonymous","dateUpdated":"2017-10-11T18:21:29+0000","config":{"editorSetting":{"language":"sql"},"colWidth":12,"editorMode":"ace/mode/sql","title":true,"results":{"0":{"graph":{"mode":"lineChart","height":300,"optionOpen":false,"setting":{"lineChart":{"lineWithFocus":false}},"commonSetting":{},"keys":[{"name":"day_of_month","index":0,"aggr":"sum"}],"groups":[],"values":[{"name":"tmax","index":1,"aggr":"sum"},{"name":"tmin","index":2,"aggr":"sum"},{"name":"prcp_scaled","index":3,"aggr":"sum"}]},"helium":{}}},"enabled":true},"settings":{"params":{},"forms":{}},"results":{"code":"SUCCESS","msg":[{"type":"TABLE","data":"day_of_month\ttmax\ttmin\tprcp_scaled\n2016-12-01\t54\t42\t1.4000000000000001\n2016-12-02\t51\t40\t0.0\n2016-12-03\t47\t41\t0.0\n2016-12-04\t47\t39\t0.0\n2016-12-05\t49\t38\t3.8\n2016-12-06\t46\t37\t7.0\n2016-12-07\t46\t40\t1.7999999999999998\n2016-12-08\t45\t35\t0.0\n2016-12-09\t39\t29\t0.0\n2016-12-10\t35\t28\t0.0\n2016-12-11\t35\t28\t0.6\n2016-12-12\t46\t34\t10.0\n2016-12-13\t43\t35\t0.0\n2016-12-14\t42\t34\t0.0\n2016-12-15\t34\t19\t0.0\n2016-12-16\t27\t17\t0.0\n2016-12-17\t39\t24\t14.6\n2016-12-18\t58\t31\t0.8\n2016-12-19\t31\t23\t0.0\n2016-12-20\t33\t20\t0.0\n2016-12-21\t40\t30\t0.0\n2016-12-22\t49\t37\t0.0\n2016-12-23\t47\t38\t0.0\n2016-12-24\t47\t38\t9.399999999999999\n2016-12-25\t50\t36\t0.0\n2016-12-26\t50\t33\t0.4\n2016-12-27\t60\t40\t0.0\n2016-12-28\t40\t34\t0.0\n2016-12-29\t46\t33\t7.800000000000001\n2016-12-30\t40\t33\t0.2\n2016-12-31\t44\t31\t0.0\n"}]},"apps":[],"jobName":"paragraph_1507745429181_599988961","id":"20171006-133037_1442897346","dateCreated":"2017-10-11T18:10:29+0000","dateStarted":"2017-10-11T18:21:29+0000","dateFinished":"2017-10-11T18:21:30+0000","status":"FINISHED","progressUpdateIntervalMs":500,"$$hashKey":"object:510"},{"text":"%md\n# Creating a calendar dataset\n\nIn addition to weather, let's add some calendar data such as holidays and attributes about workdays and weekends.  Since there are not many holidays, it seems like overkill to create a new file and upload it just to keep track.  Instead, we'll programatically create a new holiday dataset in the next paragraph.","dateUpdated":"2017-10-11T18:10:29+0000","config":{"tableHide":false,"editorSetting":{"language":"markdown","editOnDblClick":"true"},"colWidth":12,"editorMode":"ace/mode/markdown","editorHide":true,"results":{},"enabled":true},"settings":{"params":{},"forms":{}},"results":{"code":"SUCCESS","msg":[{"type":"HTML","data":"<div class=\"markdown-body\">\n<h1>Creating a calendar dataset</h1>\n<p>In addition to weather, let&rsquo;s add some calendar data such as holidays and attributes about workdays and weekends. Since there are not many holidays, it seems like overkill to create a new file and upload it just to keep track. Instead, we&rsquo;ll programatically create a new holiday dataset in the next paragraph.</p>\n</div>"}]},"apps":[],"jobName":"paragraph_1507745429181_599988961","id":"20171006-133825_216597577","dateCreated":"2017-10-11T18:10:29+0000","status":"READY","errorMessage":"","progressUpdateIntervalMs":500,"$$hashKey":"object:511"},{"title":"Create a temp table for Holidays","text":"%spark\n\n//case class Holiday(hdate: String)\n//val hdf = Seq(Holiday(\"2016-12-24\"), Holiday(\"2016-12-25\"), Holiday(\"2016-12-26\"), Holiday(\"2016-12-31\")).toDS()\nval hdf = Seq(\"2016-12-24\", \"2016-12-25\", \"2016-12-26\", \"2016-12-31\").toDS()\nhdf.show()\n\nprintln(\"..\")\n\nprintln(\"# of rows: %s\".format(\n  hdf.count() \n)) \nprintln(\"..\")\n\nhdf.registerTempTable(\"holidays_temp\")\nprintln(\"done\")\n","user":"anonymous","dateUpdated":"2017-10-18T16:09:25+0000","config":{"editorSetting":{"language":"scala"},"colWidth":12,"editorMode":"ace/mode/scala","title":true,"results":{},"enabled":true},"settings":{"params":{},"forms":{}},"apps":[],"jobName":"paragraph_1507745429182_601143208","id":"20170928-205441_1475760890","dateCreated":"2017-10-11T18:10:29+0000","dateStarted":"2017-10-18T16:09:25+0000","dateFinished":"2017-10-18T16:09:27+0000","status":"FINISHED","progressUpdateIntervalMs":500,"$$hashKey":"object:512","errorMessage":""},{"title":"Basic SQL to experiment with joining Weather and Calendar","text":"%sql\nselect cast(date as date) day_of_month, tmax, tmin, h.value , \n   date_format(date,\"E\") day_of_week,\n   IF(isnull(h.value), 'N', 'Holiday') holiday,\n   IF(isnull(h.value) and date_format(date,\"E\") in (\"Mon\",'Tue','Wed','Thu','Fri'), 'Workday', 'N') workday\nfrom weather_temp w LEFT OUTER JOIN holidays_temp h\nON (w.date = h.value)\nwhere station='USW00094728'\norder by day_of_month","user":"anonymous","dateUpdated":"2017-10-13T16:29:47+0000","config":{"colWidth":12,"enabled":true,"results":{},"editorSetting":{"language":"sql"},"editorMode":"ace/mode/sql","title":true},"settings":{"params":{},"forms":{}},"apps":[],"jobName":"paragraph_1507746245945_-1593884849","id":"20171011-182405_1413556095","dateCreated":"2017-10-11T18:24:05+0000","dateStarted":"2017-10-11T18:30:31+0000","dateFinished":"2017-10-11T18:30:38+0000","status":"FINISHED","progressUpdateIntervalMs":500,"$$hashKey":"object:513","errorMessage":""},{"title":"SQL to experiment with joining Weather and Calendar and Bike Trips","text":"%sql\n/* if bike_trips_temp is not found, then you need to go back and run Tutorial 4 Working with Spark Interpreter. */\nSELECT  `Start Station Name` STARTSTATIONNAME,\n`Start Station ID` STARTSTATIONID,\n cast(`Start Station Latitude` as string) STARTSTATIONLATITUDE,\n cast(`Start Station Longitude` as string) STARTSTATIONLONGITUDE,\n`End Station ID` ENDSTATIONID,\n`End Station Name` ENDSTATIONNAME,\n cast(`End Station Latitude` as string) ENDSTATIONLATITUDE,\n cast(`End Station Longitude` as string) ENDSTATIONLONGITUDE,\n`Start Time` STARTTIME,\n`Stop Time` STOPTIME,\n cast(`Start Time` as date) STARTDATE,\n cast(date_format(`Start Time`,\"H\") as integer) STARTHOUR,\n date_format(date,\"E\") STARTDAY_OF_WEEK,\n IF(isnull(h.value), 'Not_Holiday', 'Holiday') HOLIDAY,\n IF(isnull(h.value) and date_format(date,\"E\") in (\"Mon\",'Tue','Wed','Thu','Fri'), 'Workday', 'Not_Workday') WORKDAY,\n`Trip Duration` TRIPDURATION,\n`Bike ID` BIKEID,\n`User Type` USERTYPE,\n`Birth Year` BIRTHYEAR,\n 2017-`Birth Year` RIDERAGE,\n`Gender` GENDER_CODE,\n case when gender=1 then 'Male' when gender=2 then 'Female' else 'unknown' end GENDER ,\n w.AWND AVERAGEWIND, \n w.PRCP PRECIPITATION, \n w.SNOW SNOW, \n w.SNWD SNOW_ON_GROUND, \n w.TMAX MAXTEMPERATURE, \n w.TMIN MINTEMPERATURE\nFROM weather_temp w\n  LEFT OUTER JOIN holidays_temp h\n    ON (w.date = h.value),\n  bike_trips_temp t\nWHERE to_date(w.date) = to_date(t.`Start Time`)\nAND w.station='USW00094728'\nlimit 20","user":"anonymous","dateUpdated":"2017-10-18T16:09:36+0000","config":{"colWidth":12,"enabled":true,"results":{},"editorSetting":{"language":"sql"},"editorMode":"ace/mode/sql","title":true},"settings":{"params":{},"forms":{}},"results":{"code":"SUCCESS","msg":[{"type":"TABLE","data":"STARTSTATIONNAME\tSTARTSTATIONID\tSTARTSTATIONLATITUDE\tSTARTSTATIONLONGITUDE\tENDSTATIONID\tENDSTATIONNAME\tENDSTATIONLATITUDE\tENDSTATIONLONGITUDE\tSTARTTIME\tSTOPTIME\tSTARTDATE\tSTARTHOUR\tSTARTDAY_OF_WEEK\tHOLIDAY\tWORKDAY\tTRIPDURATION\tBIKEID\tUSERTYPE\tBIRTHYEAR\tRIDERAGE\tGENDER_CODE\tGENDER\tAVERAGEWIND\tPRECIPITATION\tSNOW\tSNOW_ON_GROUND\tMAXTEMPERATURE\tMINTEMPERATURE\nBroadway & W 60 St\t499\t40.76915505\t-73.98191841\t228\tE 48 St & 3 Ave\t40.7546011026\t-73.971878855\t2016-12-01 00:00:04.0\t2016-12-01 00:08:52.0\t2016-12-01\t0\tThu\tNot_Holiday\tWorkday\t528\t26931\tSubscriber\t1964\t53\t1\tMale\t7.61\t0.07\t0.0\t0\t54\t42\nPlaza St West & Flatbush Ave\t3418\t40.6750207\t-73.97111473\t3358\tGarfield Pl & 8 Ave\t40.6711978\t-73.97484126\t2016-12-01 00:00:28.0\t2016-12-01 00:04:06.0\t2016-12-01\t0\tThu\tNot_Holiday\tWorkday\t218\t27122\tSubscriber\t1955\t62\t1\tMale\t7.61\t0.07\t0.0\t0\t54\t42\nE 15 St & 3 Ave\t297\t40.734232\t-73.986923\t345\tW 13 St & 6 Ave\t40.73649403\t-73.99704374\t2016-12-01 00:00:39.0\t2016-12-01 00:07:19.0\t2016-12-01\t0\tThu\tNot_Holiday\tWorkday\t399\t19352\tSubscriber\t1985\t32\t1\tMale\t7.61\t0.07\t0.0\t0\t54\t42\nWashington St & Gansevoort St\t405\t40.739323\t-74.008119\t358\tChristopher St & Greenwich St\t40.73291553\t-74.00711384\t2016-12-01 00:00:44.0\t2016-12-01 00:04:59.0\t2016-12-01\t0\tThu\tNot_Holiday\tWorkday\t254\t20015\tSubscriber\t1982\t35\t1\tMale\t7.61\t0.07\t0.0\t0\t54\t42\nPeck Slip & Front St\t279\t40.707873\t-74.00167\t279\tPeck Slip & Front St\t40.707873\t-74.00167\t2016-12-01 00:00:54.0\t2016-12-01 00:31:00.0\t2016-12-01\t0\tThu\tNot_Holiday\tWorkday\t1805\t23148\tSubscriber\t1989\t28\t1\tMale\t7.61\t0.07\t0.0\t0\t54\t42\nMyrtle Ave & St Edwards St\t245\t40.69327018\t-73.97703874\t372\tFranklin Ave & Myrtle Ave\t40.694528\t-73.958089\t2016-12-01 00:01:13.0\t2016-12-01 00:09:17.0\t2016-12-01\t0\tThu\tNot_Holiday\tWorkday\t483\t16140\tSubscriber\t1986\t31\t1\tMale\t7.61\t0.07\t0.0\t0\t54\t42\nW 20 St & 8 Ave\t470\t40.74345335\t-74.00004031\t453\tW 22 St & 8 Ave\t40.74475148\t-73.99915362\t2016-12-01 00:01:37.0\t2016-12-01 00:20:12.0\t2016-12-01\t0\tThu\tNot_Holiday\tWorkday\t1114\t19997\tSubscriber\t1964\t53\t1\tMale\t7.61\t0.07\t0.0\t0\t54\t42\n1 Ave & E 94 St\t3312\t40.7817212\t-73.94594\t3325\tE 95 St & 3 Ave\t40.7849032\t-73.950503\t2016-12-01 00:01:50.0\t2016-12-01 00:46:30.0\t2016-12-01\t0\tThu\tNot_Holiday\tWorkday\t2680\t26105\tSubscriber\tnull\tnull\t0\tunknown\t7.61\t0.07\t0.0\t0\t54\t42\nCentre St & Chambers St\t387\t40.71273266\t-74.0046073\t387\tCentre St & Chambers St\t40.71273266\t-74.0046073\t2016-12-01 00:01:52.0\t2016-12-01 00:34:40.0\t2016-12-01\t0\tThu\tNot_Holiday\tWorkday\t1967\t21348\tCustomer\tnull\tnull\t0\tunknown\t7.61\t0.07\t0.0\t0\t54\t42\nE 16 St & 5 Ave\t496\t40.73726186\t-73.99238967\t212\tW 16 St & The High Line\t40.74334935\t-74.00681753\t2016-12-01 00:01:54.0\t2016-12-01 00:07:50.0\t2016-12-01\t0\tThu\tNot_Holiday\tWorkday\t356\t22517\tSubscriber\t1954\t63\t1\tMale\t7.61\t0.07\t0.0\t0\t54\t42\nE 15 St & 3 Ave\t297\t40.734232\t-73.986923\t476\tE 31 St & 3 Ave\t40.74394314\t-73.97966069\t2016-12-01 00:01:54.0\t2016-12-01 00:06:53.0\t2016-12-01\t0\tThu\tNot_Holiday\tWorkday\t298\t26676\tSubscriber\t1986\t31\t1\tMale\t7.61\t0.07\t0.0\t0\t54\t42\n6 Ave & Broome St\t2004\t40.724399\t-74.004704\t426\tWest St & Chambers St\t40.71754834\t-74.01322069\t2016-12-01 00:02:05.0\t2016-12-01 00:07:20.0\t2016-12-01\t0\tThu\tNot_Holiday\tWorkday\t315\t22515\tSubscriber\t1976\t41\t1\tMale\t7.61\t0.07\t0.0\t0\t54\t42\nDuffield St & Willoughby St\t390\t40.69221589\t-73.9842844\t3060\tWilloughby Ave & Tompkins Ave\t40.69425403\t-73.94626915\t2016-12-01 00:02:10.0\t2016-12-01 00:14:26.0\t2016-12-01\t0\tThu\tNot_Holiday\tWorkday\t735\t26945\tSubscriber\t1987\t30\t1\tMale\t7.61\t0.07\t0.0\t0\t54\t42\nColumbus Ave & W 72 St\t3164\t40.7770575\t-73.97898475\t3170\tW 84 St & Columbus Ave\t40.78499979\t-73.97283406\t2016-12-01 00:02:10.0\t2016-12-01 00:08:12.0\t2016-12-01\t0\tThu\tNot_Holiday\tWorkday\t361\t22340\tSubscriber\t1962\t55\t1\tMale\t7.61\t0.07\t0.0\t0\t54\t42\nCentre St & Chambers St\t387\t40.71273266\t-74.0046073\t387\tCentre St & Chambers St\t40.71273266\t-74.0046073\t2016-12-01 00:02:18.0\t2016-12-01 00:29:31.0\t2016-12-01\t0\tThu\tNot_Holiday\tWorkday\t1633\t26482\tCustomer\tnull\tnull\t0\tunknown\t7.61\t0.07\t0.0\t0\t54\t42\nFranklin St & W Broadway\t79\t40.71911552\t-74.00666661\t146\tHudson St & Reade St\t40.71625008\t-74.0091059\t2016-12-01 00:02:18.0\t2016-12-01 00:04:26.0\t2016-12-01\t0\tThu\tNot_Holiday\tWorkday\t128\t23578\tSubscriber\t1983\t34\t1\tMale\t7.61\t0.07\t0.0\t0\t54\t42\nE 2 St & Avenue B\t301\t40.72217444\t-73.98368779\t3074\tMontrose Ave & Bushwick Ave\t40.70767788\t-73.94016171\t2016-12-01 00:02:35.0\t2016-12-01 00:19:57.0\t2016-12-01\t0\tThu\tNot_Holiday\tWorkday\t1041\t25992\tSubscriber\t1990\t27\t1\tMale\t7.61\t0.07\t0.0\t0\t54\t42\n8 Ave & W 33 St\t490\t40.751551\t-73.993934\t488\tW 39 St & 9 Ave\t40.75645824\t-73.99372222\t2016-12-01 00:02:53.0\t2016-12-01 00:05:15.0\t2016-12-01\t0\tThu\tNot_Holiday\tWorkday\t142\t23313\tSubscriber\t1981\t36\t1\tMale\t7.61\t0.07\t0.0\t0\t54\t42\n9 Ave & W 22 St\t509\t40.7454973\t-74.00197139\t247\tPerry St & Bleecker St\t40.73535398\t-74.00483091\t2016-12-01 00:03:17.0\t2016-12-01 00:07:34.0\t2016-12-01\t0\tThu\tNot_Holiday\tWorkday\t256\t25530\tSubscriber\t1970\t47\t1\tMale\t7.61\t0.07\t0.0\t0\t54\t42\nE 14 St & Avenue B\t511\t40.72938685\t-73.97772429\t504\t1 Ave & E 16 St\t40.73221853\t-73.98165557\t2016-12-01 00:03:58.0\t2016-12-01 00:07:19.0\t2016-12-01\t0\tThu\tNot_Holiday\tWorkday\t200\t27008\tSubscriber\t1995\t22\t2\tFemale\t7.61\t0.07\t0.0\t0\t54\t42\n"}]},"apps":[],"jobName":"paragraph_1507746844592_1602511611","id":"20171011-183404_1003517491","dateCreated":"2017-10-11T18:34:04+0000","dateStarted":"2017-10-18T16:09:36+0000","dateFinished":"2017-10-18T16:09:37+0000","status":"FINISHED","progressUpdateIntervalMs":500,"$$hashKey":"object:514"},{"title":"Create a permanent table of bike trips joined with weather and calendar (will not have output)","text":"%sql\ncreate table bike_trips_weather_parquet\nstored as parquet\nSELECT  `Start Station Name` STARTSTATIONNAME,\n`Start Station ID` STARTSTATIONID,\n cast(`Start Station Latitude` as string) STARTSTATIONLATITUDE,\n cast(`Start Station Longitude` as string) STARTSTATIONLONGITUDE,\n`End Station ID` ENDSTATIONID,\n`End Station Name` ENDSTATIONNAME,\n cast(`End Station Latitude` as string) ENDSTATIONLATITUDE,\n cast(`End Station Longitude` as string) ENDSTATIONLONGITUDE,\n`Start Time` STARTTIME,\n`Stop Time` STOPTIME,\n cast(`Start Time` as date) STARTDATE,\n cast(date_format(`Start Time`,\"H\") as integer) STARTHOUR,\n date_format(date,\"E\") STARTDAY_OF_WEEK,\n IF(isnull(h.value), 'Not_Holiday', 'Holiday') HOLIDAY,\n IF(isnull(h.value) and date_format(date,\"E\") in (\"Mon\",'Tue','Wed','Thu','Fri'), 'Workday', 'Not_Workday') WORKDAY,\n`Trip Duration` TRIPDURATION,\n`Bike ID` BIKEID,\n`User Type` USERTYPE,\n`Birth Year` BIRTHYEAR,\n 2017-`Birth Year` RIDERAGE,\n`Gender` GENDER_CODE,\n case when gender=1 then 'Male' when gender=2 then 'Female' else 'unknown' end GENDER ,\n w.AWND AVERAGEWIND, \n w.PRCP PRECIPITATION, \n w.SNOW SNOW, \n w.SNWD SNOW_ON_GROUND, \n w.TMAX MAXTEMPERATURE, \n w.TMIN MINTEMPERATURE\nFROM weather_temp w\n  LEFT OUTER JOIN holidays_temp h\n    ON (w.date = h.value),\n  bike_trips_temp t\nWHERE to_date(w.date) = to_date(t.`Start Time`)\nAND w.station='USW00094728'","user":"anonymous","dateUpdated":"2017-10-18T16:09:48+0000","config":{"editorSetting":{"language":"sql","editOnDblClick":false},"colWidth":12,"editorMode":"ace/mode/sql","title":true,"results":{},"enabled":true},"settings":{"params":{},"forms":{}},"results":{"code":"SUCCESS","msg":[{"type":"TABLE","data":""}]},"apps":[],"jobName":"paragraph_1507745429183_600758459","id":"20170928-202705_1728257996","dateCreated":"2017-10-11T18:10:29+0000","dateStarted":"2017-10-18T16:09:48+0000","dateFinished":"2017-10-18T16:10:20+0000","status":"FINISHED","progressUpdateIntervalMs":500,"$$hashKey":"object:515"},{"text":"%md\n# Querying the bike trip information\n\nNow we can show some examples of querying our bike_trips table.  You will need to have first run the above paragraph to ensure that the temporary table bike_trips_temp is registered in your current Spark Session.","dateUpdated":"2017-10-11T18:10:29+0000","config":{"tableHide":false,"editorSetting":{"editOnDblClick":"true","language":"markdown"},"colWidth":12,"editorMode":"ace/mode/markdown","editorHide":true,"results":[{"graph":{"mode":"table","height":300,"optionOpen":false,"keys":[],"values":[],"groups":[],"scatter":{}}}],"enabled":true},"settings":{"params":{},"forms":{}},"results":{"code":"SUCCESS","msg":[{"type":"HTML","data":"<div class=\"markdown-body\">\n<h1>Querying the bike trip information</h1>\n<p>Now we can show some examples of querying our bike_trips table. You will need to have first run the above paragraph to ensure that the temporary table bike_trips_temp is registered in your current Spark Session.</p>\n</div>"}]},"apps":[],"jobName":"paragraph_1507745429183_600758459","id":"20170417-093337_291620887","dateCreated":"2017-10-11T18:10:29+0000","status":"READY","errorMessage":"","progressUpdateIntervalMs":500,"$$hashKey":"object:517"},{"title":"Trips by Day of Month","text":"%sql\nselect cast(starttime as date) day, workday, precipitation, count(*)\nfrom bike_trips_weather_parquet\ngroup by cast(starttime as date), workday, precipitation\norder by day","user":"anonymous","dateUpdated":"2017-10-13T16:41:31+0000","config":{"editorSetting":{"language":"sql"},"colWidth":12,"editorMode":"ace/mode/sql","title":true,"results":[{"graph":{"mode":"table","height":314,"optionOpen":false,"keys":[{"name":"day","index":0,"aggr":"sum"}],"values":[{"name":"count(1)","index":2,"aggr":"sum"}],"groups":[{"name":"workday","index":1,"aggr":"sum"}],"scatter":{"xAxis":{"name":"dayofmonth","index":0,"aggr":"sum"},"yAxis":{"name":"_c1","index":1,"aggr":"sum"}},"forceY":true,"setting":{"lineChart":{"lineWithFocus":false,"forceY":false},"multiBarChart":{"stacked":false},"stackedAreaChart":{"style":"expand"}},"commonSetting":{}},"helium":{}}],"enabled":true},"settings":{"params":{},"forms":{}},"apps":[],"jobName":"paragraph_1507745429183_600758459","id":"20170417-095623_1767722062","dateCreated":"2017-10-11T18:10:29+0000","dateStarted":"2017-10-13T16:40:21+0000","dateFinished":"2017-10-13T16:40:22+0000","status":"FINISHED","progressUpdateIntervalMs":500,"$$hashKey":"object:518","errorMessage":""},{"title":"Workday Bike Trips by Hour","text":"%sql\nselect startdate,  starthour, count(*)\nfrom (select starthour,\n startday_of_week,\n startdate\nfrom bike_trips_weather_parquet\nwhere workday=\"Workday\"\nand (gender=\"${gender=Male,Male|Female|unknown}\" )) bike_times\ngroup by startdate,  starthour","user":"anonymous","dateUpdated":"2017-10-18T14:51:13+0000","config":{"editorSetting":{"language":"sql"},"colWidth":12,"editorMode":"ace/mode/sql","title":true,"results":[{"graph":{"mode":"lineChart","height":694.467,"optionOpen":false,"keys":[{"name":"starthour","index":1,"aggr":"sum"}],"values":[{"name":"count(1)","index":2,"aggr":"sum"}],"groups":[{"name":"startdate","index":0,"aggr":"sum"}],"scatter":{"xAxis":{"name":"dayofweek","index":0,"aggr":"sum"},"yAxis":{"name":"hour","index":1,"aggr":"sum"}},"forceY":true,"lineWithFocus":false,"setting":{"lineChart":{}},"commonSetting":{}}}],"enabled":true},"settings":{"params":{"gender":"Male"},"forms":{"gender":{"name":"gender","defaultValue":"Male","options":[{"value":"Male","$$hashKey":"object:2408"},{"value":"Female","$$hashKey":"object:2409"},{"value":"unknown","$$hashKey":"object:2410"}],"hidden":false,"$$hashKey":"object:2402"}}},"apps":[],"jobName":"paragraph_1507745429184_586522750","id":"20170414-134451_506665191","dateCreated":"2017-10-11T18:10:29+0000","dateStarted":"2017-10-18T14:51:13+0000","dateFinished":"2017-10-18T14:51:14+0000","status":"FINISHED","progressUpdateIntervalMs":500,"$$hashKey":"object:519","errorMessage":""},{"text":"%md\n# Next Steps\n\nSo far in the journey, we have downloaded Citi Bike data and stored it into the Object Store.  Then, we configured Spark to be able to work with CSV files.  Then, we read in the data and defined a Spark SQL temporary table with it.  \n\nIn this tutorial, we added some additional datasets.  We showed how to download daily weather data and use it as a Spark table.  And we showed how to create a simple holiday table.  Then we combined the bike trips, weather, and holiday data into a single table and saved it as a permanent hive table called bike_trips_weather_parquet.\n\nTo continue, proceed to the next tutorial where we will show you how you can connect Oracle Data Visualization Desktop to BDCS-CE and begin to visualize our combined bike_trips_weather_parquet dataset.\n","user":"anonymous","dateUpdated":"2017-10-13T16:51:20+0000","config":{"tableHide":false,"editorSetting":{"editOnDblClick":"true","language":"markdown"},"colWidth":12,"editorMode":"ace/mode/markdown","editorHide":true,"results":[{"graph":{"mode":"table","height":300,"optionOpen":false,"keys":[],"values":[],"groups":[],"scatter":{}}}],"enabled":true},"settings":{"params":{},"forms":{}},"results":{"code":"SUCCESS","msg":[{"type":"HTML","data":"<div class=\"markdown-body\">\n<h1>Next Steps</h1>\n<p>So far in the journey, we have downloaded Citi Bike data and stored it into the Object Store. Then, we configured Spark to be able to work with CSV files. Then, we read in the data and defined a Spark SQL temporary table with it. </p>\n<p>In this tutorial, we added some additional datasets. We showed how to download daily weather data and use it as a Spark table. And we showed how to create a simple holiday table. Then we combined the bike trips, weather, and holiday data into a single table and saved it as a permanent hive table called bike_trips_weather_parquet.</p>\n<p>To continue, proceed to the next tutorial where we will show you how you can connect Oracle Data Visualization Desktop to BDCS-CE and begin to visualize our combined bike_trips_weather_parquet dataset.</p>\n</div>"}]},"apps":[],"jobName":"paragraph_1507745429184_586522750","id":"20170417-103925_248941849","dateCreated":"2017-10-11T18:10:29+0000","dateStarted":"2017-10-13T16:51:20+0000","dateFinished":"2017-10-13T16:51:20+0000","status":"FINISHED","progressUpdateIntervalMs":500,"$$hashKey":"object:520"},{"text":"%md\n### Change Log\nOctober 13, 2017 - Created and tested with 17.3.5.","user":"anonymous","dateUpdated":"2017-10-13T16:51:55+0000","config":{"tableHide":false,"editorSetting":{"language":"markdown","editOnDblClick":"true"},"colWidth":12,"editorMode":"ace/mode/markdown","editorHide":true,"results":{},"graph":{"mode":"table","height":300,"optionOpen":false,"keys":[],"values":[],"groups":[],"scatter":{}},"enabled":true},"settings":{"params":{},"forms":{}},"results":{"code":"SUCCESS","msg":[{"type":"HTML","data":"<div class=\"markdown-body\">\n<h3>Change Log</h3>\n<p>October 13, 2017 - Created and tested with 17.3.5.</p>\n</div>"}]},"apps":[],"jobName":"paragraph_1507745429186_587292247","id":"20170614-163657_1564876178","dateCreated":"2017-10-11T18:10:29+0000","dateStarted":"2017-10-13T16:51:55+0000","dateFinished":"2017-10-13T16:51:55+0000","status":"FINISHED","progressUpdateIntervalMs":500,"$$hashKey":"object:521"},{"text":"%md\n","dateUpdated":"2017-10-11T18:10:29+0000","config":{"colWidth":12,"editorMode":"ace/mode/markdown","results":{},"enabled":true,"editorSetting":{"language":"markdown","editOnDblClick":"true"}},"settings":{"params":{},"forms":{}},"apps":[],"jobName":"paragraph_1507745429186_587292247","id":"20170728-131606_1414555962","dateCreated":"2017-10-11T18:10:29+0000","status":"READY","errorMessage":"","progressUpdateIntervalMs":500,"$$hashKey":"object:522"}],"name":"Tutorial 4b Adding more datasets","id":"2CXJV62WJ","angularObjects":{"2CXZJ9QJB:shared_process":[],"2CXPDTWPH:shared_process":[],"2CWDYXPTB:shared_process":[],"2CVW3CJG6:shared_process":[],"2CUQSP17V:shared_process":[],"2C4U48MY3_spark2:shared_process":[],"2CWBKB9Z5:shared_process":[],"2CX6D87EF:shared_process":[]},"config":{"looknfeel":"default","personalizedMode":"false"},"info":{}}