﻿{"paragraphs":[{"text":"%md\n# Reference: How to connect via SSH to BDCS-CE\n\nThis note describes how to connect via SSH to your BDCS-CE instance.\n\n**Contents**\n\n+ Enabling SSH Network Access\n+ Connecting via SSH\n\n**NOTE: You need to run all of the steps *one at a time, in order* in this notebook from top to bottom.  Some steps are performed outside the notebook, so be sure to carefully read through the notebook and follow all instructions.**\n","dateUpdated":"2017-08-13T13:31:02+0000","config":{"tableHide":false,"editorSetting":{"language":"markdown","editOnDblClick":"true"},"colWidth":12,"editorMode":"ace/mode/markdown","editorHide":true,"results":[{"graph":{"mode":"table","height":300,"optionOpen":false,"keys":[],"values":[],"groups":[],"scatter":{}}}],"enabled":true},"settings":{"params":{},"forms":{}},"results":{"code":"SUCCESS","msg":[{"type":"HTML","data":"<div class=\"markdown-body\">\n<h1>Reference: How to connect via SSH to BDCS-CE</h1>\n<p>This note describes how to connect via SSH to your BDCS-CE instance.</p>\n<p><strong>Contents</strong></p>\n<ul>\n  <li>Enabling SSH Network Access</li>\n  <li>Connecting via SSH</li>\n</ul>\n<p><strong>NOTE: You need to run all of the steps <em>one at a time, in order</em> in this notebook from top to bottom. Some steps are performed outside the notebook, so be sure to carefully read through the notebook and follow all instructions.</strong></p>\n</div>"}]},"apps":[],"jobName":"paragraph_1502567775228_1541321900","id":"20170310-121811_1837500639","dateCreated":"2017-08-12T19:56:15+0000","status":"FINISHED","progressUpdateIntervalMs":500,"focus":true,"$$hashKey":"object:2561","user":"anonymous","dateFinished":"2017-08-13T13:31:02+0000","dateStarted":"2017-08-13T13:31:02+0000"},{"text":"%md\n# Enabling SSH Network Access\n\nOur first step is to enable network access to our BDCS-CE server via the SSH protocol.  You will do this from the BDCS-CE Service Console.  Here are the steps:\n\n + From the BDCS-CE Service Console, navigate to Access Rules for your BDCS-CE instance.  \n\n + Then, on the Access Rules page, enable the ssh (port 22) access rule by choosing Enable from the clickable menu under the Actions column as shown below.\n![Enable SSH](https://raw.githubusercontent.com/oracle/learning-library/master/workshops/journey2-new-data-lake/images/300/AllowSSH.gif \"Enabling SSH\")\n","dateUpdated":"2017-08-12T19:56:15+0000","config":{"tableHide":false,"editorSetting":{"language":"markdown","editOnDblClick":"true"},"colWidth":12,"editorMode":"ace/mode/markdown","editorHide":true,"results":[{"graph":{"mode":"table","height":300,"optionOpen":false,"keys":[],"values":[],"groups":[],"scatter":{}}}],"enabled":true},"settings":{"params":{},"forms":{}},"results":{"code":"SUCCESS","msg":[{"type":"HTML","data":"<div class=\"markdown-body\">\n<h1>Enabling SSH Network Access</h1>\n<p>Our first step is to enable network access to our BDCS-CE server via the SSH protocol. You will do this from the BDCS-CE Service Console. Here are the steps:</p>\n<ul>\n  <li>\n  <p>From the BDCS-CE Service Console, navigate to Access Rules for your BDCS-CE instance.</p></li>\n  <li>\n  <p>Then, on the Access Rules page, enable the ssh (port 22) access rule by choosing Enable from the clickable menu under the Actions column as shown below.<br/><img src=\"https://raw.githubusercontent.com/oracle/learning-library/master/workshops/journey2-new-data-lake/images/300/AllowSSH.gif\" alt=\"Enable SSH\" title=\"Enabling SSH\" /></p></li>\n</ul>\n</div>"}]},"apps":[],"jobName":"paragraph_1502567775230_1542091397","id":"20170310-122115_1671252701","dateCreated":"2017-08-12T19:56:15+0000","status":"READY","errorMessage":"","progressUpdateIntervalMs":500,"$$hashKey":"object:2563"},{"text":"%md\n# Connecting to your BDCS-CE Master Server via SSH\n\nFor the next step, you will need to connect your BDCS-CE server via SSH as the linux user opc.  \n\nYou can review how to connect to your BDCS-CE server via SSH by:\n\n+ Navigate to the product documentation at <http://docs.oracle.com/cloud/latest/big-data-compute-cloud/bigdata-compute-cloud-tasks.html> .  \n+ Click “Tasks” in the navigation bar on the left hands side of the screen.  \n+ Then click the “Connect to a node through SSH” topic under the “Access the Service” category.\n![ssh](https://raw.githubusercontent.com/oracle/learning-library/master/workshops/journey2-new-data-lake/images/300/SSH.gif \"SSH Instructions\")\n\n\n\n\n### Hint for Windows Users: \nWindows users typically use Putty for SSH.  If you generated a private key via the web console during BDCS-CE instance creation, the downloaded private key will be in openSSH format.  Therefore, you will need to run the puttygen command on your private key to convert it to ppk format.  Here is an example:\n\n![ssh1](https://raw.githubusercontent.com/oracle/learning-library/master/workshops/journey2-new-data-lake/images/300/PuttyPrivateKey.gif \"Windows-create ppk\")\n\nNext, Windows users will specify the location of the private key (in .ppk format) when connecting.  Here is an example:\n![ssh2](https://raw.githubusercontent.com/oracle/learning-library/master/workshops/journey2-new-data-lake/images/300/PuttySSH.gif \"Windows-putty connect\")\n\n\n## Use the above instructions and connect now via SSH to your BDCS-CE Master Server\n![ssh](https://raw.githubusercontent.com/oracle/learning-library/master/workshops/journey2-new-data-lake/images/300/snap0011403.jpg \"Connect as opc via ssh\")\n","dateUpdated":"2017-08-12T19:56:15+0000","config":{"tableHide":false,"editorSetting":{"editOnDblClick":"true","language":"markdown"},"colWidth":12,"editorMode":"ace/mode/markdown","editorHide":true,"results":[{"graph":{"mode":"table","height":300,"optionOpen":false,"keys":[],"values":[],"groups":[],"scatter":{}}}],"enabled":true},"settings":{"params":{},"forms":{}},"results":{"code":"SUCCESS","msg":[{"type":"HTML","data":"<div class=\"markdown-body\">\n<h1>Connecting to your BDCS-CE Master Server via SSH</h1>\n<p>For the next step, you will need to connect your BDCS-CE server via SSH as the linux user opc. </p>\n<p>You can review how to connect to your BDCS-CE server via SSH by:</p>\n<ul>\n  <li>Navigate to the product documentation at <a href=\"http://docs.oracle.com/cloud/latest/big-data-compute-cloud/bigdata-compute-cloud-tasks.html\">http://docs.oracle.com/cloud/latest/big-data-compute-cloud/bigdata-compute-cloud-tasks.html</a> .</li>\n  <li>Click “Tasks” in the navigation bar on the left hands side of the screen.</li>\n  <li>Then click the “Connect to a node through SSH” topic under the “Access the Service” category.<br/><img src=\"https://raw.githubusercontent.com/oracle/learning-library/master/workshops/journey2-new-data-lake/images/300/SSH.gif\" alt=\"ssh\" title=\"SSH Instructions\" /></li>\n</ul>\n<h3>Hint for Windows Users:</h3>\n<p>Windows users typically use Putty for SSH. If you generated a private key via the web console during BDCS-CE instance creation, the downloaded private key will be in openSSH format. Therefore, you will need to run the puttygen command on your private key to convert it to ppk format. Here is an example:</p>\n<p><img src=\"https://raw.githubusercontent.com/oracle/learning-library/master/workshops/journey2-new-data-lake/images/300/PuttyPrivateKey.gif\" alt=\"ssh1\" title=\"Windows-create ppk\" /></p>\n<p>Next, Windows users will specify the location of the private key (in .ppk format) when connecting. Here is an example:<br/><img src=\"https://raw.githubusercontent.com/oracle/learning-library/master/workshops/journey2-new-data-lake/images/300/PuttySSH.gif\" alt=\"ssh2\" title=\"Windows-putty connect\" /></p>\n<h2>Use the above instructions and connect now via SSH to your BDCS-CE Master Server</h2>\n<p><img src=\"https://raw.githubusercontent.com/oracle/learning-library/master/workshops/journey2-new-data-lake/images/300/snap0011403.jpg\" alt=\"ssh\" title=\"Connect as opc via ssh\" /></p>\n</div>"}]},"apps":[],"jobName":"paragraph_1502567775231_1541706649","id":"20170314-112051_789947299","dateCreated":"2017-08-12T19:56:15+0000","status":"READY","errorMessage":"","progressUpdateIntervalMs":500,"$$hashKey":"object:2564"},{"text":"%md\n### Change Log\nJuly 28, 2017 - Updated for 17.3.1-20.  Refreshed some images/animations. ","dateUpdated":"2017-08-13T13:33:59+0000","config":{"tableHide":false,"editorSetting":{"language":"markdown","editOnDblClick":"true"},"colWidth":12,"editorMode":"ace/mode/markdown","editorHide":true,"results":[],"enabled":true},"settings":{"params":{},"forms":{}},"results":{"code":"SUCCESS","msg":[{"type":"HTML","data":"<div class=\"markdown-body\">\n<h3>Change Log</h3>\n<p>July 28, 2017 - Updated for 17.3.1-20. Refreshed some images/animations.</p>\n</div>"}]},"apps":[],"jobName":"paragraph_1502567775237_1230060039","id":"20170314-113927_2095710219","dateCreated":"2017-08-12T19:56:15+0000","status":"FINISHED","progressUpdateIntervalMs":500,"$$hashKey":"object:2576","user":"anonymous","dateFinished":"2017-08-13T13:33:59+0000","dateStarted":"2017-08-13T13:33:59+0000"},{"text":"%md\n","dateUpdated":"2017-08-12T19:56:15+0000","config":{"colWidth":12,"editorMode":"ace/mode/markdown","results":{},"enabled":true,"editorSetting":{"language":"markdown","editOnDblClick":"true"}},"settings":{"params":{},"forms":{}},"apps":[],"jobName":"paragraph_1502567775238_1231214286","id":"20170728-123007_991716003","dateCreated":"2017-08-12T19:56:15+0000","status":"READY","errorMessage":"","progressUpdateIntervalMs":500,"$$hashKey":"object:2577"}],"name":"xtra Connecting via SSH","id":"2CRXJ1SC1","angularObjects":{"2CQA2VQ3C:shared_process":[],"2CSX451P1:shared_process":[],"2CQH9FYAV:shared_process":[],"2CPQ7W1ZD:shared_process":[],"2CQDB4M3A:shared_process":[],"2CSD8BUF1:shared_process":[],"2C4U48MY3_spark2:shared_process":[],"2CRZ9M6JB:shared_process":[]},"config":{"looknfeel":"default","personalizedMode":"false"},"info":{}}