﻿{"paragraphs":[{"text":"%md\n# xtra tutorial: Working with Oracle Data Visualization Desktop and Hive\n\nThis tutorial was built for BDCS-CE version 17.3.3-20 as part of the New Data Lake User Journey: <a href=\"https://github.com/oracle/learning-library/tree/master/workshops/journey2-new-data-lake\" target=\"_blank\">here</a>.  Questions and feedback about the tutorial: <david.bayard@oracle.com>\n\n\n    Note: This tutorial assumes you have tables defined in the Hive metastore which you should have if you ran the earlier tutorials.\n\nOracle Data Visualization Desktop ( <a href=\"https://docs.oracle.com/middleware/bidv1221/desktop/index.html\" target=\"_blank\">here</a> ) is a lightweight, single-file download tool to easily analyze data.  Data Visualization Desktop can connect to a variety of data sources.  In this tutorial, we will show you how you can use it to securely connect to BDCS-CE.  We will connect via DV Desktop's support for ODBC and we will leverage an ODBC driver for Hive.\n","dateUpdated":"2017-08-13T17:37:13+0000","config":{"tableHide":false,"editorSetting":{"editOnDblClick":"true","language":"markdown"},"colWidth":12,"editorMode":"ace/mode/markdown","editorHide":true,"results":[{"graph":{"mode":"table","height":300,"optionOpen":false,"keys":[],"values":[],"groups":[],"scatter":{}}}],"enabled":true},"settings":{"params":{},"forms":{}},"results":{"code":"SUCCESS","msg":[{"type":"HTML","data":"<div class=\"markdown-body\">\n<h1>xtra tutorial: Working with Oracle Data Visualization Desktop and Hive</h1>\n<p>This tutorial was built for BDCS-CE version 17.3.3-20 as part of the New Data Lake User Journey: <a href=\"https://github.com/oracle/learning-library/tree/master/workshops/journey2-new-data-lake\" target=\"_blank\">here</a>. Questions and feedback about the tutorial: <a href=\"mailto:&#100;&#97;&#118;&#x69;&#100;&#46;&#x62;&#97;&#x79;&#x61;&#x72;&#x64;&#64;&#x6f;&#114;&#97;c&#108;&#x65;&#x2e;c&#x6f;&#109;\">&#100;&#97;&#118;&#x69;&#100;&#46;&#x62;&#97;&#x79;&#x61;&#x72;&#x64;&#64;&#x6f;&#114;&#97;c&#108;&#x65;&#x2e;c&#x6f;&#109;</a></p>\n<pre><code>Note: This tutorial assumes you have tables defined in the Hive metastore which you should have if you ran the earlier tutorials.\n</code></pre>\n<p>Oracle Data Visualization Desktop ( <a href=\"https://docs.oracle.com/middleware/bidv1221/desktop/index.html\" target=\"_blank\">here</a> ) is a lightweight, single-file download tool to easily analyze data. Data Visualization Desktop can connect to a variety of data sources. In this tutorial, we will show you how you can use it to securely connect to BDCS-CE. We will connect via DV Desktop&rsquo;s support for ODBC and we will leverage an ODBC driver for Hive.</p>\n</div>"}]},"apps":[],"jobName":"paragraph_1502645622171_1543156252","id":"20170504-171842_974565851","dateCreated":"2017-08-13T17:33:42+0000","status":"FINISHED","progressUpdateIntervalMs":500,"focus":true,"$$hashKey":"object:1388","user":"anonymous","dateFinished":"2017-08-13T17:37:13+0000","dateStarted":"2017-08-13T17:37:13+0000"},{"text":"%md\n# Download Oracle Data Visualation Desktop\n\nDownload DV Desktop from <a href=\"http://www.oracle.com/technetwork/middleware/oracle-data-visualization/index.html\" target=\"_blank\">here</a>\n\nThis tutorial is based on DVD version 12.2.3.0.0 - June 2017 Update.  You need to be at least on this version.\n\n\n![DVDownload](https://raw.githubusercontent.com/oracle/learning-library/master/workshops/journey2-new-data-lake/images/300/snap0012145.jpg \"DVDownload\")\n\n\n","dateUpdated":"2017-08-13T17:35:50+0000","config":{"tableHide":false,"editorSetting":{"editOnDblClick":"true","language":"markdown"},"colWidth":12,"editorMode":"ace/mode/markdown","editorHide":true,"results":[{"graph":{"mode":"table","height":300,"optionOpen":false,"keys":[],"values":[],"groups":[],"scatter":{}}}],"enabled":true},"settings":{"params":{},"forms":{}},"results":{"code":"SUCCESS","msg":[{"type":"HTML","data":"<div class=\"markdown-body\">\n<h1>Download Oracle Data Visualation Desktop</h1>\n<p>Download DV Desktop from <a href=\"http://www.oracle.com/technetwork/middleware/oracle-data-visualization/index.html\" target=\"_blank\">here</a></p>\n<p>This tutorial is based on DVD version 12.2.3.0.0 - June 2017 Update. You need to be at least on this version.</p>\n<p><img src=\"https://raw.githubusercontent.com/oracle/learning-library/master/workshops/journey2-new-data-lake/images/300/snap0012145.jpg\" alt=\"DVDownload\" title=\"DVDownload\" /></p>\n</div>"}]},"apps":[],"jobName":"paragraph_1502645622172_1541232507","id":"20170501-162459_1108177652","dateCreated":"2017-08-13T17:33:42+0000","status":"FINISHED","progressUpdateIntervalMs":500,"$$hashKey":"object:1389","user":"anonymous","dateFinished":"2017-08-13T17:35:50+0000","dateStarted":"2017-08-13T17:35:50+0000"},{"text":"%md\n# Extract the DV Desktop zip file and run the DVDesktop.msi\n\n+ Unzip the file you downloaded to extract the .msi file, and then launch the .msi file.\n![DVInstall](https://gse00010212.storage.oraclecloud.com/v1/Storage-gse00010212/images/snap0011606.jpg \"DVInstall\")\n\n+ Follow the prompts to install DV Desktop\n\n+ When the install is done, click Finish\n![DVInstall2](https://gse00010212.storage.oraclecloud.com/v1/Storage-gse00010212/images/snap0011607.jpg \"DVInstall2\")\n\n+ DV Desktop will launch\n![DVInstall3](https://gse00010212.storage.oraclecloud.com/v1/Storage-gse00010212/images/snap0011608.jpg \"DVInstall3\")","dateUpdated":"2017-08-13T17:33:42+0000","config":{"tableHide":false,"editorSetting":{"editOnDblClick":"true","language":"markdown"},"colWidth":12,"editorMode":"ace/mode/markdown","editorHide":true,"results":[{"graph":{"mode":"table","height":300,"optionOpen":false,"keys":[],"values":[],"groups":[],"scatter":{}}}],"enabled":true},"settings":{"params":{},"forms":{}},"results":{"code":"SUCCESS","msg":[{"type":"HTML","data":"<div class=\"markdown-body\">\n<h1>Extract the DV Desktop zip file and run the DVDesktop.msi</h1>\n<ul>\n  <li>\n  <p>Unzip the file you downloaded to extract the .msi file, and then launch the .msi file.<br/><img src=\"https://gse00010212.storage.oraclecloud.com/v1/Storage-gse00010212/images/snap0011606.jpg\" alt=\"DVInstall\" title=\"DVInstall\" /></p></li>\n  <li>\n  <p>Follow the prompts to install DV Desktop</p></li>\n  <li>\n  <p>When the install is done, click Finish<br/><img src=\"https://gse00010212.storage.oraclecloud.com/v1/Storage-gse00010212/images/snap0011607.jpg\" alt=\"DVInstall2\" title=\"DVInstall2\" /></p></li>\n  <li>\n  <p>DV Desktop will launch<br/><img src=\"https://gse00010212.storage.oraclecloud.com/v1/Storage-gse00010212/images/snap0011608.jpg\" alt=\"DVInstall3\" title=\"DVInstall3\" /></p></li>\n</ul>\n</div>"}]},"apps":[],"jobName":"paragraph_1502645622172_1541232507","id":"20170501-162605_2114505553","dateCreated":"2017-08-13T17:33:42+0000","status":"READY","errorMessage":"","progressUpdateIntervalMs":500,"$$hashKey":"object:1390"},{"text":"%md\n# Installing an ODBC driver for Hive\n\nDV Desktop can work with ODBC drivers.  We will leverage this capability as it allows us to define some advanced parameters which will be needed to connect securely to our Hive instance in BDCS-CE.  The first step is download and install an ODBC driver for Hive.\n\n+ Navigate to <a href=\"https://hortonworks.com/downloads\" target=\"_blank\">here</a>\n+ Under Hortonworks Data Platform Add-ons, download the Windows (64bit) version of the latest Hortonworks ODBC Driver for Apache Hive\n![HOdbcDownload](https://raw.githubusercontent.com/oracle/learning-library/master/workshops/journey2-new-data-lake/images/300/snap0012146.jpg \"HODBC\")\n+ Run the downloaded MSI file to install it\n![HOdbcinstall](https://raw.githubusercontent.com/oracle/learning-library/master/workshops/journey2-new-data-lake/images/300/HiveODBCinstall.gif \"HODBC\")\n","dateUpdated":"2017-08-13T17:36:24+0000","config":{"tableHide":false,"editorSetting":{"language":"markdown","editOnDblClick":"true"},"colWidth":12,"editorMode":"ace/mode/markdown","editorHide":true,"results":{},"enabled":true},"settings":{"params":{},"forms":{}},"results":{"code":"SUCCESS","msg":[{"type":"HTML","data":"<div class=\"markdown-body\">\n<h1>Installing an ODBC driver for Hive</h1>\n<p>DV Desktop can work with ODBC drivers. We will leverage this capability as it allows us to define some advanced parameters which will be needed to connect securely to our Hive instance in BDCS-CE. The first step is download and install an ODBC driver for Hive.</p>\n<ul>\n  <li>Navigate to <a href=\"https://hortonworks.com/downloads\" target=\"_blank\">here</a></li>\n  <li>Under Hortonworks Data Platform Add-ons, download the Windows (64bit) version of the latest Hortonworks ODBC Driver for Apache Hive<br/><img src=\"https://raw.githubusercontent.com/oracle/learning-library/master/workshops/journey2-new-data-lake/images/300/snap0012146.jpg\" alt=\"HOdbcDownload\" title=\"HODBC\" /></li>\n  <li>Run the downloaded MSI file to install it<br/><img src=\"https://raw.githubusercontent.com/oracle/learning-library/master/workshops/journey2-new-data-lake/images/300/HiveODBCinstall.gif\" alt=\"HOdbcinstall\" title=\"HODBC\" /></li>\n</ul>\n</div>"}]},"apps":[],"jobName":"paragraph_1502645622173_1540847758","id":"20170728-172033_1852387240","dateCreated":"2017-08-13T17:33:42+0000","status":"FINISHED","progressUpdateIntervalMs":500,"$$hashKey":"object:1391","user":"anonymous","dateFinished":"2017-08-13T17:36:24+0000","dateStarted":"2017-08-13T17:36:24+0000"},{"text":"%md\n# Configure the Hive ODBC Driver for BDCS-CE\n\n+ Open up the Windows ODBC Data Sources (64 bit) tool.  The easiest way is to use the search icon and type in ODBC.\n![ODBClaunch](https://raw.githubusercontent.com/oracle/learning-library/master/workshops/journey2-new-data-lake/images/300/snap0012147.jpg \"HODBC\")\n+ Click on the System DSN tab\n+ Click Add...\n+ Choose the Hortonworks Hive ODBC driver\n+ Enter a data source name (remember it for later as you will need it)\n+ Enter the public IP address for your BDCS-CE instance master.  Hint: you can see this on the Oracle Cloud My Services page for your BDCS-CE instance\n+ Enter 1080 for the port\n+ Set the mechanism for authentication to User Name and Password\n+ Set the User Name to admin username you use to sign-in to your BDCSCE cluster/notebook (the default username is bdcsce_admin)\n+ Set the Password to the admin password you use to sign-in to your BDCSCE cluster\n+ Choose HTTP for the the Thrift Transport\n+ Click on HTTP Options and enter hs2service for the HTTP path\n+ Click on SSL Options.  Check the box for Enable SSL, Allow Self-signed Server Certificate, and Allow Common Name Host Name Mismatch.\n+ Click Test to make sure it works\n+ Click OK\n![ODBClaunch](https://raw.githubusercontent.com/oracle/learning-library/master/workshops/journey2-new-data-lake/images/300/HiveODBCconfig.gif \"HODBC\")\n","dateUpdated":"2017-08-13T17:33:42+0000","config":{"tableHide":false,"editorSetting":{"language":"markdown","editOnDblClick":"true"},"colWidth":12,"editorMode":"ace/mode/markdown","editorHide":true,"results":{},"enabled":true},"settings":{"params":{},"forms":{}},"results":{"code":"SUCCESS","msg":[{"type":"HTML","data":"<div class=\"markdown-body\">\n<h1>Configure the Hive ODBC Driver for BDCS-CE</h1>\n<ul>\n  <li>Open up the Windows ODBC Data Sources (64 bit) tool. The easiest way is to use the search icon and type in ODBC.<br/><img src=\"https://raw.githubusercontent.com/oracle/learning-library/master/workshops/journey2-new-data-lake/images/300/snap0012147.jpg\" alt=\"ODBClaunch\" title=\"HODBC\" /></li>\n  <li>Click on the System DSN tab</li>\n  <li>Click Add&hellip;</li>\n  <li>Choose the Hortonworks Hive ODBC driver</li>\n  <li>Enter a data source name (remember it for later as you will need it)</li>\n  <li>Enter the public IP address for your BDCS-CE instance master. Hint: you can see this on the Oracle Cloud My Services page for your BDCS-CE instance</li>\n  <li>Enter 1080 for the port</li>\n  <li>Set the mechanism for authentication to User Name and Password</li>\n  <li>Set the User Name to admin username you use to sign-in to your BDCSCE cluster/notebook (the default username is bdcsce_admin)</li>\n  <li>Set the Password to the admin password you use to sign-in to your BDCSCE cluster</li>\n  <li>Choose HTTP for the the Thrift Transport</li>\n  <li>Click on HTTP Options and enter hs2service for the HTTP path</li>\n  <li>Click on SSL Options. Check the box for Enable SSL, Allow Self-signed Server Certificate, and Allow Common Name Host Name Mismatch.</li>\n  <li>Click Test to make sure it works</li>\n  <li>Click OK<br/><img src=\"https://raw.githubusercontent.com/oracle/learning-library/master/workshops/journey2-new-data-lake/images/300/HiveODBCconfig.gif\" alt=\"ODBClaunch\" title=\"HODBC\" /></li>\n</ul>\n</div>"}]},"apps":[],"jobName":"paragraph_1502645622173_1540847758","id":"20170728-173140_2001047313","dateCreated":"2017-08-13T17:33:42+0000","status":"READY","errorMessage":"","progressUpdateIntervalMs":500,"$$hashKey":"object:1392"},{"text":"%md\n# Define a connection in DV Desktop for the Hive ODBC connection\n\n+ Open up DV Desktop\n+ Click on Data Sources\n+ Click on Connection (Under Create)\n+ Click on ODBC\n+ Enter the Connection Name\n+ Enter the DSN (be sure to use the exact Data Source Name you used when you configured the ODBC connection)\n+ Set the Username to the admin username you use to sign-in to your BDCSCE cluster/notebook (the default username is bdcsce_admin)\n+ Set the Password to the admin password you use to sign-in to your BDCSCE cluster\n\n![DVDconnection](https://raw.githubusercontent.com/oracle/learning-library/master/workshops/journey2-new-data-lake/images/300/DVDconnection.gif \"HODBC\")\n\n\n\n\n","dateUpdated":"2017-08-13T17:33:42+0000","config":{"tableHide":false,"editorSetting":{"language":"markdown","editOnDblClick":"true"},"colWidth":12,"editorMode":"ace/mode/markdown","editorHide":true,"results":{},"enabled":true},"settings":{"params":{},"forms":{}},"results":{"code":"SUCCESS","msg":[{"type":"HTML","data":"<div class=\"markdown-body\">\n<h1>Define a connection in DV Desktop for the Hive ODBC connection</h1>\n<ul>\n  <li>Open up DV Desktop</li>\n  <li>Click on Data Sources</li>\n  <li>Click on Connection (Under Create)</li>\n  <li>Click on ODBC</li>\n  <li>Enter the Connection Name</li>\n  <li>Enter the DSN (be sure to use the exact Data Source Name you used when you configured the ODBC connection)</li>\n  <li>Set the Username to the admin username you use to sign-in to your BDCSCE cluster/notebook (the default username is bdcsce_admin)</li>\n  <li>Set the Password to the admin password you use to sign-in to your BDCSCE cluster</li>\n</ul>\n<p><img src=\"https://raw.githubusercontent.com/oracle/learning-library/master/workshops/journey2-new-data-lake/images/300/DVDconnection.gif\" alt=\"DVDconnection\" title=\"HODBC\" /></p>\n</div>"}]},"apps":[],"jobName":"paragraph_1502645622174_1542002005","id":"20170728-174228_1743240708","dateCreated":"2017-08-13T17:33:42+0000","status":"READY","errorMessage":"","progressUpdateIntervalMs":500,"$$hashKey":"object:1393"},{"text":"%md\n# Create a DV Desktop Data Source for your connection\n\n+ Invoke the pop-up menu on your new Data Source and choose Create Data Source\n+ Navigate through the database, tables, and columns to choose the elements you want to add.\n+ Name the new data source and Add it\n\n![DVDdatasource](https://raw.githubusercontent.com/oracle/learning-library/master/workshops/journey2-new-data-lake/images/300/DVDdatasource.gif \"HODBC\")\n","dateUpdated":"2017-08-13T17:33:42+0000","config":{"tableHide":false,"editorSetting":{"language":"markdown","editOnDblClick":"true"},"colWidth":12,"editorMode":"ace/mode/markdown","editorHide":true,"results":{},"enabled":true},"settings":{"params":{},"forms":{}},"results":{"code":"SUCCESS","msg":[{"type":"HTML","data":"<div class=\"markdown-body\">\n<h1>Create a DV Desktop Data Source for your connection</h1>\n<ul>\n  <li>Invoke the pop-up menu on your new Data Source and choose Create Data Source</li>\n  <li>Navigate through the database, tables, and columns to choose the elements you want to add.</li>\n  <li>Name the new data source and Add it</li>\n</ul>\n<p><img src=\"https://raw.githubusercontent.com/oracle/learning-library/master/workshops/journey2-new-data-lake/images/300/DVDdatasource.gif\" alt=\"DVDdatasource\" title=\"HODBC\" /></p>\n</div>"}]},"apps":[],"jobName":"paragraph_1502645622174_1542002005","id":"20170731-202416_1602004865","dateCreated":"2017-08-13T17:33:42+0000","status":"READY","errorMessage":"","progressUpdateIntervalMs":500,"$$hashKey":"object:1394"},{"dateUpdated":"2017-08-13T17:33:42+0000","config":{"editorSetting":{"language":"scala"},"colWidth":12,"editorMode":"ace/mode/scala","results":{},"graph":{"mode":"table","height":300,"optionOpen":false,"keys":[],"values":[],"groups":[],"scatter":{}},"enabled":true},"settings":{"params":{},"forms":{}},"apps":[],"jobName":"paragraph_1502645622174_1542002005","id":"20170504-171816_753503470","dateCreated":"2017-08-13T17:33:42+0000","status":"READY","errorMessage":"","progressUpdateIntervalMs":500,"$$hashKey":"object:1395"}],"name":"xtra Connecting DV Desktop and Hive","id":"2CSJ31Y5A","angularObjects":{"2CRC61AHT:shared_process":[],"2CQ1XQM8K:shared_process":[],"2CQK65TXR:shared_process":[],"2CQ1R3AU6:shared_process":[],"2CTA4DVPB:shared_process":[],"2C4U48MY3_spark2:shared_process":[],"2CPK7VRBY:shared_process":[],"2CSBR581X:shared_process":[]},"config":{"looknfeel":"default","personalizedMode":"false"},"info":{}}