﻿{"paragraphs":[{"text":"%md\n# xtra tutorial: Downloading Oracle Data Visualization Desktop\n\nThis tutorial was built for BDCS-CE version 17.3.5-20 as part of the New Data Lake User Journey: <a href=\"https://github.com/oracle/learning-library/tree/master/workshops/journey2-new-data-lake\" target=\"_blank\">here</a>.  Questions and feedback about the tutorial: <david.bayard@oracle.com>\n\n","user":"anonymous","dateUpdated":"2017-10-18T13:43:27+0000","config":{"tableHide":false,"editorSetting":{"editOnDblClick":"true","language":"markdown"},"colWidth":12,"editorMode":"ace/mode/markdown","editorHide":true,"results":[{"graph":{"mode":"table","height":300,"optionOpen":false,"keys":[],"values":[],"groups":[],"scatter":{}}}],"enabled":true},"settings":{"params":{},"forms":{}},"results":{"code":"SUCCESS","msg":[{"type":"HTML","data":"<div class=\"markdown-body\">\n<h1>xtra tutorial: Downloading Oracle Data Visualization Desktop</h1>\n<p>This tutorial was built for BDCS-CE version 17.3.5-20 as part of the New Data Lake User Journey: <a href=\"https://github.com/oracle/learning-library/tree/master/workshops/journey2-new-data-lake\" target=\"_blank\">here</a>. Questions and feedback about the tutorial: <a href=\"mailto:&#100;&#97;&#x76;&#105;d&#x2e;&#98;&#97;&#x79;&#97;&#x72;&#100;&#64;&#111;&#x72;&#x61;&#x63;&#108;&#101;&#46;&#x63;&#x6f;&#109;\">&#100;&#97;&#x76;&#105;d&#x2e;&#98;&#97;&#x79;&#97;&#x72;&#100;&#64;&#111;&#x72;&#x61;&#x63;&#108;&#101;&#46;&#x63;&#x6f;&#109;</a></p>\n</div>"}]},"apps":[],"jobName":"paragraph_1507916916361_-172229940","id":"20170504-171842_974565851","dateCreated":"2017-10-13T17:48:36+0000","dateStarted":"2017-10-18T13:43:27+0000","dateFinished":"2017-10-18T13:43:27+0000","status":"FINISHED","progressUpdateIntervalMs":500,"focus":true,"$$hashKey":"object:306"},{"text":"%md\n# About Oracle Data Visualization Desktop\n\nOracle Data Visualization Desktop ( <a href=\"https://docs.oracle.com/middleware/bidv1221/desktop/index.html\" target=\"_blank\">here</a> ) is a lightweight, single-file download tool to easily analyze data.  Data Visualization Desktop can connect to a variety of data sources.  In this tutorial, we will show you how to install DV Desktop.\n\n","user":"anonymous","dateUpdated":"2017-10-18T13:38:00+0000","config":{"colWidth":12,"enabled":true,"results":{},"editorSetting":{"language":"markdown","editOnDblClick":"true"},"editorMode":"ace/mode/markdown","editorHide":true,"tableHide":false},"settings":{"params":{},"forms":{}},"results":{"code":"SUCCESS","msg":[{"type":"HTML","data":"<div class=\"markdown-body\">\n<h1>About Oracle Data Visualization Desktop</h1>\n<p>Oracle Data Visualization Desktop ( <a href=\"https://docs.oracle.com/middleware/bidv1221/desktop/index.html\" target=\"_blank\">here</a> ) is a lightweight, single-file download tool to easily analyze data. Data Visualization Desktop can connect to a variety of data sources. In this tutorial, we will show you how to install DV Desktop.</p>\n</div>"}]},"apps":[],"jobName":"paragraph_1507917002375_-1157648494","id":"20171013-175002_1638821493","dateCreated":"2017-10-13T17:50:02+0000","dateStarted":"2017-10-18T13:38:00+0000","dateFinished":"2017-10-18T13:38:00+0000","status":"FINISHED","progressUpdateIntervalMs":500,"$$hashKey":"object:307"},{"text":"%md\n# Download Oracle Data Visualization Desktop\n\nDownload DV Desktop from <a href=\"http://www.oracle.com/technetwork/middleware/oracle-data-visualization/index.html\" target=\"_blank\">here</a>\n\nThis tutorial is based on DVD version 12.2.3.0.0 - June 2017 Update.  You need to be at least on this version.\n\n\n![DVDownload](https://raw.githubusercontent.com/oracle/learning-library/master/workshops/journey2-new-data-lake/images/300/snap0012145.jpg \"DVDownload\")\n\n\n","dateUpdated":"2017-10-13T17:48:36+0000","config":{"tableHide":false,"editorSetting":{"editOnDblClick":"true","language":"markdown"},"colWidth":12,"editorMode":"ace/mode/markdown","editorHide":true,"results":[{"graph":{"mode":"table","height":300,"optionOpen":false,"keys":[],"values":[],"groups":[],"scatter":{}}}],"enabled":true},"settings":{"params":{},"forms":{}},"results":{"code":"SUCCESS","msg":[{"type":"HTML","data":"<div class=\"markdown-body\">\n<h1>Download Oracle Data Visualization Desktop</h1>\n<p>Download DV Desktop from <a href=\"http://www.oracle.com/technetwork/middleware/oracle-data-visualization/index.html\" target=\"_blank\">here</a></p>\n<p>This tutorial is based on DVD version 12.2.3.0.0 - June 2017 Update. You need to be at least on this version.</p>\n<p><img src=\"https://raw.githubusercontent.com/oracle/learning-library/master/workshops/journey2-new-data-lake/images/300/snap0012145.jpg\" alt=\"DVDownload\" title=\"DVDownload\" /></p>\n</div>"}]},"apps":[],"jobName":"paragraph_1507916916362_-171075693","id":"20170501-162459_1108177652","dateCreated":"2017-10-13T17:48:36+0000","status":"READY","errorMessage":"","progressUpdateIntervalMs":500,"$$hashKey":"object:308"},{"text":"%md\n# Extract the DV Desktop zip file and run the DVDesktop.msi\n\n+ Unzip the file you downloaded to extract the .msi file, and then launch the .msi file.\n![DVInstall](https://gse00010212.storage.oraclecloud.com/v1/Storage-gse00010212/images/snap0011606.jpg \"DVInstall\")\n\n+ Follow the prompts to install DV Desktop\n\n+ When the install is done, click Finish\n![DVInstall2](https://gse00010212.storage.oraclecloud.com/v1/Storage-gse00010212/images/snap0011607.jpg \"DVInstall2\")\n\n+ DV Desktop will launch\n![DVInstall3](https://gse00010212.storage.oraclecloud.com/v1/Storage-gse00010212/images/snap0011608.jpg \"DVInstall3\")","dateUpdated":"2017-10-13T17:48:36+0000","config":{"tableHide":false,"editorSetting":{"editOnDblClick":"true","language":"markdown"},"colWidth":12,"editorMode":"ace/mode/markdown","editorHide":true,"results":[{"graph":{"mode":"table","height":300,"optionOpen":false,"keys":[],"values":[],"groups":[],"scatter":{}}}],"enabled":true},"settings":{"params":{},"forms":{}},"results":{"code":"SUCCESS","msg":[{"type":"HTML","data":"<div class=\"markdown-body\">\n<h1>Extract the DV Desktop zip file and run the DVDesktop.msi</h1>\n<ul>\n  <li>\n  <p>Unzip the file you downloaded to extract the .msi file, and then launch the .msi file.<br/><img src=\"https://gse00010212.storage.oraclecloud.com/v1/Storage-gse00010212/images/snap0011606.jpg\" alt=\"DVInstall\" title=\"DVInstall\" /></p></li>\n  <li>\n  <p>Follow the prompts to install DV Desktop</p></li>\n  <li>\n  <p>When the install is done, click Finish<br/><img src=\"https://gse00010212.storage.oraclecloud.com/v1/Storage-gse00010212/images/snap0011607.jpg\" alt=\"DVInstall2\" title=\"DVInstall2\" /></p></li>\n  <li>\n  <p>DV Desktop will launch<br/><img src=\"https://gse00010212.storage.oraclecloud.com/v1/Storage-gse00010212/images/snap0011608.jpg\" alt=\"DVInstall3\" title=\"DVInstall3\" /></p></li>\n</ul>\n</div>"}]},"apps":[],"jobName":"paragraph_1507916916363_-171460442","id":"20170501-162605_2114505553","dateCreated":"2017-10-13T17:48:36+0000","status":"READY","errorMessage":"","progressUpdateIntervalMs":500,"$$hashKey":"object:309"},{"text":"%md\n# Next Steps\n\nNow that Data Visualization Desktop is installed, you can follow the tutorial \"Tutorial 4c Getting Started with DVD\" for instructions on how to start visualizing our bike trips data.","user":"anonymous","dateUpdated":"2017-10-18T13:41:27+0000","config":{"colWidth":12,"enabled":true,"results":{},"editorSetting":{"language":"scala"},"editorMode":"ace/mode/scala","editorHide":true},"settings":{"params":{},"forms":{}},"results":{"code":"SUCCESS","msg":[{"type":"HTML","data":"<div class=\"markdown-body\">\n<h1>Next Steps</h1>\n<p>Now that Data Visualization Desktop is installed, you can follow the tutorial &ldquo;Tutorial 4c Getting Started with DVD&rdquo; for instructions on how to start visualizing our bike trips data.</p>\n</div>"}]},"apps":[],"jobName":"paragraph_1508334014074_916382774","id":"20171018-134014_411258335","dateCreated":"2017-10-18T13:40:14+0000","dateStarted":"2017-10-18T13:41:24+0000","dateFinished":"2017-10-18T13:41:24+0000","status":"FINISHED","progressUpdateIntervalMs":500,"$$hashKey":"object:310"},{"text":"%md\n### Tip - Viewing the DVD log files\n\n+ Navigate to where you installed DVD (example: c:\\Program Files\\Data Visualization Desktop)\n+ Open up a CMD window as Administrator in that folder\n+ In the CMD window, type:\n    diagnostic_dump.cmd outputfile.zip\n+ Look in the outputfile.zip for the logs\n \nOr look at C:\\Users\\USERNAME\\AppData\\Local\\Temp\\DVDesktop\\logs\\OBIS\\obis1-query.log\n","user":"anonymous","dateUpdated":"2017-10-18T13:42:32+0000","config":{"tableHide":false,"editorSetting":{"language":"markdown","editOnDblClick":"true"},"colWidth":12,"editorMode":"ace/mode/markdown","editorHide":true,"results":{},"graph":{"mode":"table","height":300,"optionOpen":false,"keys":[],"values":[],"groups":[],"scatter":{}},"enabled":true},"settings":{"params":{},"forms":{}},"results":{"code":"SUCCESS","msg":[{"type":"HTML","data":"<div class=\"markdown-body\">\n<h3>Tip - Viewing the DVD log files</h3>\n<ul>\n  <li>Navigate to where you installed DVD (example: c:\\Program Files\\Data Visualization Desktop)</li>\n  <li>Open up a CMD window as Administrator in that folder</li>\n  <li>In the CMD window, type:<br/>diagnostic_dump.cmd outputfile.zip</li>\n  <li>Look in the outputfile.zip for the logs</li>\n</ul>\n<p>Or look at C:\\Users\\USERNAME\\AppData\\Local\\Temp\\DVDesktop\\logs\\OBIS\\obis1-query.log</p>\n</div>"}]},"apps":[],"jobName":"paragraph_1507916916379_-165304459","id":"20170504-171816_753503470","dateCreated":"2017-10-13T17:48:36+0000","dateStarted":"2017-10-18T13:42:32+0000","dateFinished":"2017-10-18T13:42:32+0000","status":"FINISHED","progressUpdateIntervalMs":500,"$$hashKey":"object:311"},{"text":"%md\n","dateUpdated":"2017-10-13T17:48:36+0000","config":{"colWidth":12,"editorMode":"ace/mode/markdown","results":{},"enabled":true,"editorSetting":{"language":"markdown","editOnDblClick":"true"}},"settings":{"params":{},"forms":{}},"apps":[],"jobName":"paragraph_1507916916380_-167228204","id":"20170920-211628_15062498","dateCreated":"2017-10-13T17:48:36+0000","status":"READY","errorMessage":"","progressUpdateIntervalMs":500,"$$hashKey":"object:312"}],"name":"Extras/Downloading DV Desktop","id":"2CW3M59M2","angularObjects":{"2CXZJ9QJB:shared_process":[],"2CXPDTWPH:shared_process":[],"2CWDYXPTB:shared_process":[],"2CVW3CJG6:shared_process":[],"2CUQSP17V:shared_process":[],"2C4U48MY3_spark2:shared_process":[],"2CWBKB9Z5:shared_process":[],"2CX6D87EF:shared_process":[]},"config":{"looknfeel":"default","personalizedMode":"false"},"info":{}}