﻿{"paragraphs":[{"text":"%md\n# xtra tutorial: Working with Oracle Data Visualization Desktop and Hive\n\nThis tutorial was built for BDCS-CE version 17.3.5-20 as part of the New Data Lake User Journey: <a href=\"https://github.com/oracle/learning-library/tree/master/workshops/journey2-new-data-lake\" target=\"_blank\">here</a>.  Questions and feedback about the tutorial: <david.bayard@oracle.com>\n\n\n    Note: This tutorial assumes you have tables defined in the Hive metastore which you should have if you ran the earlier tutorials.\n\nOracle Data Visualization Desktop ( <a href=\"https://docs.oracle.com/middleware/bidv1221/desktop/index.html\" target=\"_blank\">here</a> ) is a lightweight, single-file download tool to easily analyze data.  Data Visualization Desktop can connect to a variety of data sources.  In this tutorial, we will show you how you can connect DV Desktop to the HiveServer2 process in BDCS-CE.\n\n","user":"anonymous","dateUpdated":"2017-09-11T18:16:35+0000","config":{"tableHide":false,"editorSetting":{"editOnDblClick":"true","language":"markdown"},"colWidth":12,"editorMode":"ace/mode/markdown","editorHide":true,"results":[{"graph":{"mode":"table","height":300,"optionOpen":false,"keys":[],"values":[],"groups":[],"scatter":{}}}],"enabled":true},"settings":{"params":{},"forms":{}},"results":{"code":"SUCCESS","msg":[{"type":"HTML","data":"<div class=\"markdown-body\">\n<h1>xtra tutorial: Working with Oracle Data Visualization Desktop and Hive</h1>\n<p>This tutorial was built for BDCS-CE version 17.3.5-20 as part of the New Data Lake User Journey: <a href=\"https://github.com/oracle/learning-library/tree/master/workshops/journey2-new-data-lake\" target=\"_blank\">here</a>. Questions and feedback about the tutorial: <a href=\"mailto:davi&#x64;&#46;&#98;a&#121;a&#114;&#100;&#x40;&#111;&#114;&#x61;&#x63;&#x6c;&#101;&#46;&#99;&#111;&#x6d;\">davi&#x64;&#46;&#98;a&#121;a&#114;&#100;&#x40;&#111;&#114;&#x61;&#x63;&#x6c;&#101;&#46;&#99;&#111;&#x6d;</a></p>\n<pre><code>Note: This tutorial assumes you have tables defined in the Hive metastore which you should have if you ran the earlier tutorials.\n</code></pre>\n<p>Oracle Data Visualization Desktop ( <a href=\"https://docs.oracle.com/middleware/bidv1221/desktop/index.html\" target=\"_blank\">here</a> ) is a lightweight, single-file download tool to easily analyze data. Data Visualization Desktop can connect to a variety of data sources. In this tutorial, we will show you how you can connect DV Desktop to the HiveServer2 process in BDCS-CE.</p>\n</div>"}]},"apps":[],"jobName":"paragraph_1504646601804_1812661501","id":"20170504-171842_974565851","dateCreated":"2017-09-05T21:23:21+0000","dateStarted":"2017-09-11T18:16:35+0000","dateFinished":"2017-09-11T18:16:35+0000","status":"FINISHED","progressUpdateIntervalMs":500,"focus":true,"$$hashKey":"object:376"},{"text":"%md\n# Download Oracle Data Visualization Desktop\n\nDownload DV Desktop from <a href=\"http://www.oracle.com/technetwork/middleware/oracle-data-visualization/index.html\" target=\"_blank\">here</a>\n\nThis tutorial is based on DVD version 12.2.3.0.0 - June 2017 Update.  You need to be at least on this version.\n\n\n![DVDownload](https://raw.githubusercontent.com/oracle/learning-library/master/workshops/journey2-new-data-lake/images/300/snap0012145.jpg \"DVDownload\")\n\n\n","user":"anonymous","dateUpdated":"2017-09-10T21:16:19+0000","config":{"tableHide":false,"editorSetting":{"editOnDblClick":"true","language":"markdown"},"colWidth":12,"editorMode":"ace/mode/markdown","editorHide":true,"results":[{"graph":{"mode":"table","height":300,"optionOpen":false,"keys":[],"values":[],"groups":[],"scatter":{}}}],"enabled":true},"settings":{"params":{},"forms":{}},"results":{"code":"SUCCESS","msg":[{"type":"HTML","data":"<div class=\"markdown-body\">\n<h1>Download Oracle Data Visualization Desktop</h1>\n<p>Download DV Desktop from <a href=\"http://www.oracle.com/technetwork/middleware/oracle-data-visualization/index.html\" target=\"_blank\">here</a></p>\n<p>This tutorial is based on DVD version 12.2.3.0.0 - June 2017 Update. You need to be at least on this version.</p>\n<p><img src=\"https://raw.githubusercontent.com/oracle/learning-library/master/workshops/journey2-new-data-lake/images/300/snap0012145.jpg\" alt=\"DVDownload\" title=\"DVDownload\" /></p>\n</div>"}]},"apps":[],"jobName":"paragraph_1504646601805_1812276752","id":"20170501-162459_1108177652","dateCreated":"2017-09-05T21:23:21+0000","dateStarted":"2017-09-10T21:16:19+0000","dateFinished":"2017-09-10T21:16:19+0000","status":"FINISHED","progressUpdateIntervalMs":500,"$$hashKey":"object:377"},{"text":"%md\n# Extract the DV Desktop zip file and run the DVDesktop.msi\n\n+ Unzip the file you downloaded to extract the .msi file, and then launch the .msi file.\n![DVInstall](https://gse00010212.storage.oraclecloud.com/v1/Storage-gse00010212/images/snap0011606.jpg \"DVInstall\")\n\n+ Follow the prompts to install DV Desktop\n\n+ When the install is done, click Finish\n![DVInstall2](https://gse00010212.storage.oraclecloud.com/v1/Storage-gse00010212/images/snap0011607.jpg \"DVInstall2\")\n\n+ DV Desktop will launch\n![DVInstall3](https://gse00010212.storage.oraclecloud.com/v1/Storage-gse00010212/images/snap0011608.jpg \"DVInstall3\")","dateUpdated":"2017-09-05T21:23:21+0000","config":{"tableHide":false,"editorSetting":{"editOnDblClick":"true","language":"markdown"},"colWidth":12,"editorMode":"ace/mode/markdown","editorHide":true,"results":[{"graph":{"mode":"table","height":300,"optionOpen":false,"keys":[],"values":[],"groups":[],"scatter":{}}}],"enabled":true},"settings":{"params":{},"forms":{}},"results":{"code":"SUCCESS","msg":[{"type":"HTML","data":"<div class=\"markdown-body\">\n<h1>Extract the DV Desktop zip file and run the DVDesktop.msi</h1>\n<ul>\n  <li>\n  <p>Unzip the file you downloaded to extract the .msi file, and then launch the .msi file.<br/><img src=\"https://gse00010212.storage.oraclecloud.com/v1/Storage-gse00010212/images/snap0011606.jpg\" alt=\"DVInstall\" title=\"DVInstall\" /></p></li>\n  <li>\n  <p>Follow the prompts to install DV Desktop</p></li>\n  <li>\n  <p>When the install is done, click Finish<br/><img src=\"https://gse00010212.storage.oraclecloud.com/v1/Storage-gse00010212/images/snap0011607.jpg\" alt=\"DVInstall2\" title=\"DVInstall2\" /></p></li>\n  <li>\n  <p>DV Desktop will launch<br/><img src=\"https://gse00010212.storage.oraclecloud.com/v1/Storage-gse00010212/images/snap0011608.jpg\" alt=\"DVInstall3\" title=\"DVInstall3\" /></p></li>\n</ul>\n</div>"}]},"apps":[],"jobName":"paragraph_1504646601805_1812276752","id":"20170501-162605_2114505553","dateCreated":"2017-09-05T21:23:21+0000","status":"READY","errorMessage":"","progressUpdateIntervalMs":500,"$$hashKey":"object:378"},{"text":"%md\n# Configuring the HiveServer2 process to use binary transport\n\nIn order to connect to Hive from DVD, we need to configure BDCS-CE's Hive Thrift Server to use the binary transport protocol.  By default, BDCS-CE's hive thrift server is configured to use the http transport protocol.  These changes are done using the Ambari web console.\n\nHere are the steps:\n\n1.Follow the note \"xtra Connecting to Ambari\" to login to Ambari.\n2.Once connected to Ambari, click on \"Hive\" on the left-hand list of services\n3.Then click on the \"Configs\" tab\n4.In the search box, type \"server2\"\n5.Click on the Advanced sub-tab\n6.In the General section, change the \"HiveServer2 Port\" to 10002 (it defaults to 10000, but that port will already be in use for something else)\n7.Also in the General section, change the \"hive.server2.transport.mode\" to binary.\n8.In the Custom hive-site section, delete the \"hive.server2.thrift.bind.host\" property (by clicking on the red minus symbol)\n9.Click save\n10.In the notes field, enter \"transport mode\"\n11.Click save again\n12.If you see a \"Configurations\" pop-up, click \"Proceed Anyway\"\n13.Click OK to acknowledge that changes were made successfully\n14.Then click Restart, then Restart All Affected\n15.Then click Confirm Restart All\n\n![AmbariHiveBinary](https://raw.githubusercontent.com/oracle/learning-library/master/workshops/journey2-new-data-lake/images/300/AmbariHiveBinary.gif)\n\n","user":"anonymous","dateUpdated":"2017-09-14T16:48:48+0000","config":{"colWidth":12,"enabled":true,"results":{},"editorSetting":{"language":"markdown","editOnDblClick":"true"},"editorMode":"ace/mode/markdown","editorHide":true,"tableHide":false},"settings":{"params":{},"forms":{}},"results":{"code":"SUCCESS","msg":[{"type":"HTML","data":"<div class=\"markdown-body\">\n<h1>Configuring the HiveServer2 process to use binary transport</h1>\n<p>In order to connect to Hive from DVD, we need to configure BDCS-CE&rsquo;s Hive Thrift Server to use the binary transport protocol. By default, BDCS-CE&rsquo;s hive thrift server is configured to use the http transport protocol. These changes are done using the Ambari web console.</p>\n<p>Here are the steps:</p>\n<p>1.Follow the note &ldquo;xtra Connecting to Ambari&rdquo; to login to Ambari.<br/>2.Once connected to Ambari, click on &ldquo;Hive&rdquo; on the left-hand list of services<br/>3.Then click on the &ldquo;Configs&rdquo; tab<br/>4.In the search box, type &ldquo;server2&rdquo;<br/>5.Click on the Advanced sub-tab<br/>6.In the General section, change the &ldquo;HiveServer2 Port&rdquo; to 10002 (it defaults to 10000, but that port will already be in use for something else)<br/>7.Also in the General section, change the &ldquo;hive.server2.transport.mode&rdquo; to binary.<br/>8.In the Custom hive-site section, delete the &ldquo;hive.server2.thrift.bind.host&rdquo; property (by clicking on the red minus symbol)<br/>9.Click save<br/>10.In the notes field, enter &ldquo;transport mode&rdquo;<br/>11.Click save again<br/>12.If you see a &ldquo;Configurations&rdquo; pop-up, click &ldquo;Proceed Anyway&rdquo;<br/>13.Click OK to acknowledge that changes were made successfully<br/>14.Then click Restart, then Restart All Affected<br/>15.Then click Confirm Restart All</p>\n<p><img src=\"https://raw.githubusercontent.com/oracle/learning-library/master/workshops/journey2-new-data-lake/images/300/AmbariHiveBinary.gif\" alt=\"AmbariHiveBinary\" /></p>\n</div>"}]},"apps":[],"jobName":"paragraph_1505078507956_2030057768","id":"20170910-212147_1316147767","dateCreated":"2017-09-10T21:21:47+0000","dateStarted":"2017-09-14T16:48:48+0000","dateFinished":"2017-09-14T16:48:48+0000","status":"FINISHED","progressUpdateIntervalMs":500,"$$hashKey":"object:379"},{"text":"%md\n# Connecting to the HiveServer2 port\n\nNow, you need to decide how you want to connect to the Hive Thrift Server port, which you set to port 10002.  You can either choose to use a SSH tunnel (which is very secure) or choose to open port 10002 to the outside world (which can be less secure).\n\n+ If you want to use a SSH tunnel, refer to the note \"xtra Connecting to Ambari\" which has an example of setting up a SSH tunnel (but you would use port 10002 instead of Ambari's 8080).\n+ If you want to open up port 10002, you will need to create a new access rule for port 10002.  Refer to the note \"xtra Connecting via SSH\" or \"OEHCS Tutorial 1\" for examples of working with network access rules.\n\n","user":"anonymous","dateUpdated":"2017-09-14T16:49:09+0000","config":{"colWidth":12,"enabled":true,"results":{},"editorSetting":{"language":"markdown","editOnDblClick":"true"},"editorMode":"ace/mode/markdown","editorHide":true,"tableHide":false},"settings":{"params":{},"forms":{}},"results":{"code":"SUCCESS","msg":[{"type":"HTML","data":"<div class=\"markdown-body\">\n<h1>Connecting to the HiveServer2 port</h1>\n<p>Now, you need to decide how you want to connect to the Hive Thrift Server port, which you set to port 10002. You can either choose to use a SSH tunnel (which is very secure) or choose to open port 10002 to the outside world (which can be less secure).</p>\n<ul>\n  <li>If you want to use a SSH tunnel, refer to the note &ldquo;xtra Connecting to Ambari&rdquo; which has an example of setting up a SSH tunnel (but you would use port 10002 instead of Ambari&rsquo;s 8080).</li>\n  <li>If you want to open up port 10002, you will need to create a new access rule for port 10002. Refer to the note &ldquo;xtra Connecting via SSH&rdquo; or &ldquo;OEHCS Tutorial 1&rdquo; for examples of working with network access rules.</li>\n</ul>\n</div>"}]},"apps":[],"jobName":"paragraph_1505079057630_224609612","id":"20170910-213057_586545895","dateCreated":"2017-09-10T21:30:57+0000","dateStarted":"2017-09-14T16:49:09+0000","dateFinished":"2017-09-14T16:49:09+0000","status":"FINISHED","progressUpdateIntervalMs":500,"$$hashKey":"object:380"},{"text":"%md\n## Note about the jdbc interpreter\n\nWhen you make the above changes to the HiveServer2 port and transport mode, you will break the configuration of the jdbc interpreter in Zeppelin.  If you want to fix it, navigate to Settings..Notebook..JDBC Interpreter and adjust the hive.url parameter to jdbc:hive2://localhost:10002/","user":"anonymous","dateUpdated":"2017-09-14T16:38:42+0000","config":{"colWidth":12,"enabled":true,"results":{},"editorSetting":{"language":"markdown","editOnDblClick":"true"},"editorMode":"ace/mode/markdown","editorHide":true,"tableHide":false},"settings":{"params":{},"forms":{}},"results":{"code":"SUCCESS","msg":[{"type":"HTML","data":"<div class=\"markdown-body\">\n<h2>Note about the jdbc interpreter</h2>\n<p>When you make the above changes to the HiveServer2 port and transport mode, you will break the configuration of the jdbc interpreter in Zeppelin. If you want to fix it, navigate to Settings..Notebook..JDBC Interpreter and adjust the hive.url parameter to jdbc:hive2://localhost:10002/</p>\n</div>"}]},"apps":[],"jobName":"paragraph_1505406932870_1118139388","id":"20170914-163532_877686177","dateCreated":"2017-09-14T16:35:32+0000","dateStarted":"2017-09-14T16:38:42+0000","dateFinished":"2017-09-14T16:38:42+0000","status":"FINISHED","progressUpdateIntervalMs":500,"$$hashKey":"object:381"},{"text":"%md\n# Define a connection in DV Desktop for the Hive connection\n\n+ Open up DV Desktop\n+ Click on Data Sources\n+ Click on Connection (Under Create)\n+ Click on Hortonworks Hive\n+ Enter the Connection Name\n+ Enter the Hostname.  If you chose to use SSH tunneling, enter \"127.0.0.1\" for the hostname.  If you chose to open port 10002 to the outside, enter the hostname or ip address of your BDCS-CE server.\n+ Enter to port, which is 10002\n+ Set the Username to hive\n+ Set the Password to x\n\n![DVDconnection](https://raw.githubusercontent.com/millerhoo/journey2-new-data-lake/master/workshops/journey2-new-data-lake/images/300/DVDconnection.gif)\n\n\n\n\n","user":"anonymous","dateUpdated":"2017-09-14T16:58:40+0000","config":{"tableHide":false,"editorSetting":{"language":"markdown","editOnDblClick":"true"},"colWidth":12,"editorMode":"ace/mode/markdown","editorHide":true,"results":{},"enabled":true},"settings":{"params":{},"forms":{}},"results":{"code":"SUCCESS","msg":[{"type":"HTML","data":"<div class=\"markdown-body\">\n<h1>Define a connection in DV Desktop for the Hive connection</h1>\n<ul>\n  <li>Open up DV Desktop</li>\n  <li>Click on Data Sources</li>\n  <li>Click on Connection (Under Create)</li>\n  <li>Click on Hortonworks Hive</li>\n  <li>Enter the Connection Name</li>\n  <li>Enter the Hostname. If you chose to use SSH tunneling, enter &ldquo;127.0.0.1&rdquo; for the hostname. If you chose to open port 10002 to the outside, enter the hostname or ip address of your BDCS-CE server.</li>\n  <li>Enter to port, which is 10002</li>\n  <li>Set the Username to hive</li>\n  <li>Set the Password to x</li>\n</ul>\n<p><img src=\"https://raw.githubusercontent.com/millerhoo/journey2-new-data-lake/master/workshops/journey2-new-data-lake/images/300/DVDconnection.gif\" alt=\"DVDconnection\" /></p>\n</div>"}]},"apps":[],"jobName":"paragraph_1504646601806_1813430998","id":"20170728-174228_1743240708","dateCreated":"2017-09-05T21:23:21+0000","dateStarted":"2017-09-14T16:58:40+0000","dateFinished":"2017-09-14T16:58:40+0000","status":"FINISHED","progressUpdateIntervalMs":500,"$$hashKey":"object:382"},{"text":"%md\n# Create a DV Desktop Data Source for your connection\n\n+ Double click on your Connection\n+ Double click on the default database\n+ Double click on the bike_trips_small table\n+ Click on Add All\n+ Click on Add\n+ Click Create Project\n\n![DVDdatasource](https://raw.githubusercontent.com/millerhoo/journey2-new-data-lake/master/workshops/journey2-new-data-lake/images/300/DVDdatasource.gif \"HODBC\")\n","user":"anonymous","dateUpdated":"2017-09-14T17:04:32+0000","config":{"tableHide":false,"editorSetting":{"language":"markdown","editOnDblClick":"true"},"colWidth":12,"editorMode":"ace/mode/markdown","editorHide":true,"results":{},"enabled":true},"settings":{"params":{},"forms":{}},"results":{"code":"SUCCESS","msg":[{"type":"HTML","data":"<div class=\"markdown-body\">\n<h1>Create a DV Desktop Data Source for your connection</h1>\n<ul>\n  <li>Double click on your Connection</li>\n  <li>Double click on the default database</li>\n  <li>Double click on the bike_trips_small table</li>\n  <li>Click on Add All</li>\n  <li>Click on Add</li>\n  <li>Click Create Project</li>\n</ul>\n<p><img src=\"https://raw.githubusercontent.com/millerhoo/journey2-new-data-lake/master/workshops/journey2-new-data-lake/images/300/DVDdatasource.gif\" alt=\"DVDdatasource\" title=\"HODBC\" /></p>\n</div>"}]},"apps":[],"jobName":"paragraph_1504646601806_1813430998","id":"20170731-202416_1602004865","dateCreated":"2017-09-05T21:23:21+0000","dateStarted":"2017-09-14T16:58:15+0000","dateFinished":"2017-09-14T16:58:15+0000","status":"FINISHED","progressUpdateIntervalMs":500,"$$hashKey":"object:383"},{"text":"%md\n# Create a visualization in your project\n\n+ Right-click on My Calculations.. choose Add Calculation..\n+ Expand Aggregate and double-click on Count(*)\n+ Name the calculation \"num_trips\"\n+ Click Save\n+ Right-click on num_trips and choose Create Best Visualization\n+ Drag Usertype to the Category (Y-Axis) area\n+ Drag Gender to the Color area\n\n![DVDvisualize](https://raw.githubusercontent.com/millerhoo/journey2-new-data-lake/master/workshops/journey2-new-data-lake/images/300/DVDvisualize.gif)\n","user":"anonymous","dateUpdated":"2017-09-14T17:05:08+0000","config":{"colWidth":12,"enabled":true,"results":{},"editorSetting":{"language":"markdown","editOnDblClick":"true"},"editorMode":"ace/mode/markdown","editorHide":true,"tableHide":false},"settings":{"params":{},"forms":{}},"results":{"code":"SUCCESS","msg":[{"type":"HTML","data":"<div class=\"markdown-body\">\n<h1>Create a visualization in your project</h1>\n<ul>\n  <li>Right-click on My Calculations.. choose Add Calculation..</li>\n  <li>Expand Aggregate and double-click on Count(*)</li>\n  <li>Name the calculation &ldquo;num_trips&rdquo;</li>\n  <li>Click Save</li>\n  <li>Right-click on num_trips and choose Create Best Visualization</li>\n  <li>Drag Usertype to the Category (Y-Axis) area</li>\n  <li>Drag Gender to the Color area</li>\n</ul>\n<p><img src=\"https://raw.githubusercontent.com/millerhoo/journey2-new-data-lake/master/workshops/journey2-new-data-lake/images/300/DVDvisualize.gif\" alt=\"DVDvisualize\" /></p>\n</div>"}]},"apps":[],"jobName":"paragraph_1505408329836_854561200","id":"20170914-165849_168756499","dateCreated":"2017-09-14T16:58:49+0000","dateStarted":"2017-09-14T17:05:08+0000","dateFinished":"2017-09-14T17:05:08+0000","status":"FINISHED","progressUpdateIntervalMs":500,"$$hashKey":"object:384"},{"text":"%md\n# Tip - Viewing the Hive queries issued by DVD\n\nRun the following shell paragraph to see the recent SQL commands sent to the Hive Server. ","user":"anonymous","dateUpdated":"2017-09-14T17:07:22+0000","config":{"colWidth":12,"enabled":true,"results":{},"editorSetting":{"language":"markdown","editOnDblClick":"true"},"editorMode":"ace/mode/markdown","editorHide":true,"tableHide":false},"settings":{"params":{},"forms":{}},"results":{"code":"SUCCESS","msg":[{"type":"HTML","data":"<div class=\"markdown-body\">\n<h1>Tip - Viewing the Hive queries issued by DVD</h1>\n<p>Run the following shell paragraph to see the recent SQL commands sent to the Hive Server.</p>\n</div>"}]},"apps":[],"jobName":"paragraph_1505155588384_-2028371540","id":"20170911-184628_727273517","dateCreated":"2017-09-11T18:46:28+0000","dateStarted":"2017-09-14T17:07:22+0000","dateFinished":"2017-09-14T17:07:22+0000","status":"FINISHED","progressUpdateIntervalMs":500,"$$hashKey":"object:385"},{"title":"Shell command to see the recent SQL sent to Hive Server","text":"%sh\ngrep \"Parsing command\" /data/var/log/hive/hiveserver2.log\n","user":"anonymous","dateUpdated":"2017-09-11T18:48:23+0000","config":{"colWidth":12,"enabled":true,"results":{},"editorSetting":{"language":"sh","editOnDblClick":"false"},"editorMode":"ace/mode/sh","editorHide":false,"tableHide":false,"title":true},"settings":{"params":{},"forms":{}},"apps":[],"jobName":"paragraph_1505155639030_-1089740754","id":"20170911-184719_1445882523","dateCreated":"2017-09-11T18:47:19+0000","dateStarted":"2017-09-11T18:47:45+0000","dateFinished":"2017-09-11T18:47:45+0000","status":"FINISHED","errorMessage":"","progressUpdateIntervalMs":500,"$$hashKey":"object:386"},{"dateUpdated":"2017-09-05T21:23:21+0000","config":{"editorSetting":{"language":"scala"},"colWidth":12,"editorMode":"ace/mode/scala","results":{},"graph":{"mode":"table","height":300,"optionOpen":false,"keys":[],"values":[],"groups":[],"scatter":{}},"enabled":true},"settings":{"params":{},"forms":{}},"apps":[],"jobName":"paragraph_1504646601807_1813046250","id":"20170504-171816_753503470","dateCreated":"2017-09-05T21:23:21+0000","status":"READY","errorMessage":"","progressUpdateIntervalMs":500,"$$hashKey":"object:387"}],"name":"xtra Connecting DV Desktop and Hive","id":"2CT2U672B","angularObjects":{"2CUR9TKC3:shared_process":[],"2CV6GZ6KY:shared_process":[],"2CRXRKTZS:shared_process":[],"2CUEWBE5C:shared_process":[],"2CUNV7BVE:shared_process":[],"2CRQ5UM9P:shared_process":[],"2CRHKT1V7:shared_process":[],"2C4U48MY3_spark2:shared_process":[]},"config":{"looknfeel":"default","personalizedMode":"false"},"info":{}}