﻿{"paragraphs":[{"text":"%md\n# xtra tutorial: Working with Oracle Data Visualization Desktop and Spark\n\nThis tutorial was built for BDCS-CE version 17.3.3-20 as part of the New Data Lake User Journey: <a href=\"https://github.com/oracle/learning-library/tree/master/workshops/journey2-new-data-lake\" target=\"_blank\">here</a>.  Questions and feedback about the tutorial: <david.bayard@oracle.com>\n\n\n    Note: This tutorial assumes you have tables defined in the Hive metastore which you should have if you ran the earlier tutorials.\n\nOracle Data Visualization Desktop ( <a href=\"https://docs.oracle.com/middleware/bidv1221/desktop/index.html\" target=\"_blank\">here</a> ) is a lightweight, single-file download tool to easily analyze data.  Data Visualization Desktop can connect to a variety of data sources.  In this tutorial, we will show you how you can use it to securely connect to BDCS-CE.  We will connect via DV Desktop's support for Spark.  \n\nPlease follow the instructions in the xtra Connecting DV Desktop and Hive for the DVD download and install instructions.\n","dateUpdated":"2017-08-15T14:40:24+0000","config":{"tableHide":false,"editorSetting":{"editOnDblClick":"true","language":"markdown"},"colWidth":12,"editorMode":"ace/mode/markdown","editorHide":false,"results":[{"graph":{"mode":"table","height":300,"optionOpen":false,"keys":[],"values":[],"groups":[],"scatter":{}}}],"enabled":true},"settings":{"params":{},"forms":{}},"results":{"code":"SUCCESS","msg":[{"type":"HTML","data":"<div class=\"markdown-body\">\n<h1>xtra tutorial: Working with Oracle Data Visualization Desktop and Spark</h1>\n<p>This tutorial was built for BDCS-CE version 17.3.3-20 as part of the New Data Lake User Journey: <a href=\"https://github.com/oracle/learning-library/tree/master/workshops/journey2-new-data-lake\" target=\"_blank\">here</a>. Questions and feedback about the tutorial: <a href=\"mailto:&#100;&#97;&#x76;&#105;d&#x2e;&#98;&#97;&#x79;&#97;&#x72;&#100;&#64;&#111;&#x72;&#x61;&#x63;&#108;&#101;&#46;&#x63;&#x6f;&#109;\">&#100;&#97;&#x76;&#105;d&#x2e;&#98;&#97;&#x79;&#97;&#x72;&#100;&#64;&#111;&#x72;&#x61;&#x63;&#108;&#101;&#46;&#x63;&#x6f;&#109;</a></p>\n<pre><code>Note: This tutorial assumes you have tables defined in the Hive metastore which you should have if you ran the earlier tutorials.\n</code></pre>\n<p>Oracle Data Visualization Desktop ( <a href=\"https://docs.oracle.com/middleware/bidv1221/desktop/index.html\" target=\"_blank\">here</a> ) is a lightweight, single-file download tool to easily analyze data. Data Visualization Desktop can connect to a variety of data sources. In this tutorial, we will show you how you can use it to securely connect to BDCS-CE. We will connect via DV Desktop&rsquo;s support for Spark. </p>\n<p>Please follow the instructions in the xtra Connecting DV Desktop and Hive for the DVD download and install instructions.</p>\n</div>"}]},"apps":[],"jobName":"paragraph_1502807969838_-861819552","id":"20170504-171842_974565851","dateCreated":"2017-08-15T14:39:29+0000","status":"READY","errorMessage":"","progressUpdateIntervalMs":500,"focus":true,"$$hashKey":"object:264"},{"text":"%md\n# Define a connection in DV Desktop for the Spark connection\n\n+ Open up DV Desktop\n+ Click on Data Sources\n+ Click on Connection (Under Create)\n+ Click on Spark\n+ Enter the Connection Name\n+ Enter the Host Name/IP for your BDCSCE instance.  The port should be the Thriftserver port for this instance. The default is 10015.\n+ Set the Username to the admin username you use to sign-in to your BDCSCE cluster/notebook (the default username is bdcsce_admin)\n+ Set the Password to the admin password you use to sign-in to your BDCSCE cluster\n\n![DVDconnection](https://raw.githubusercontent.com/oracle/learning-library/master/workshops/journey2-new-data-lake/images/300/DVDSparkconnection.bmp \"HODBC\")\n\n\n\n\n","dateUpdated":"2017-08-15T14:40:24+0000","config":{"tableHide":false,"editorSetting":{"language":"markdown","editOnDblClick":"true"},"colWidth":12,"editorMode":"ace/mode/markdown","editorHide":false,"results":{},"enabled":true},"settings":{"params":{},"forms":{}},"results":{"code":"SUCCESS","msg":[{"type":"HTML","data":"<div class=\"markdown-body\">\n<h1>Define a connection in DV Desktop for the Spark connection</h1>\n<ul>\n  <li>Open up DV Desktop</li>\n  <li>Click on Data Sources</li>\n  <li>Click on Connection (Under Create)</li>\n  <li>Click on Spark</li>\n  <li>Enter the Connection Name</li>\n  <li>Enter the Host Name/IP for your BDCSCE instance. The port should be the Thriftserver port for this instance. The default is 10015.</li>\n  <li>Set the Username to the admin username you use to sign-in to your BDCSCE cluster/notebook (the default username is bdcsce_admin)</li>\n  <li>Set the Password to the admin password you use to sign-in to your BDCSCE cluster</li>\n</ul>\n<p><img src=\"https://raw.githubusercontent.com/oracle/learning-library/master/workshops/journey2-new-data-lake/images/300/DVDSparkconnection.bmp\" alt=\"DVDconnection\" title=\"HODBC\" /></p>\n</div>"}]},"apps":[],"jobName":"paragraph_1502807969839_-862204301","id":"20170728-174228_1743240708","dateCreated":"2017-08-15T14:39:29+0000","status":"READY","errorMessage":"","progressUpdateIntervalMs":500,"$$hashKey":"object:265"},{"text":"%md\n# Create a DV Desktop Data Source for your connection\n\n+ Invoke the pop-up menu on your new Data Source and choose Create Data Source\n+ Navigate through the database, tables, and columns to choose the elements you want to add.\n+ Name the new data source and Add it\n\n![DVDdatasource](https://raw.githubusercontent.com/oracle/learning-library/master/workshops/journey2-new-data-lake/images/300/SparkDataSource.jpg \"HODBC\")\n","dateUpdated":"2017-08-15T14:40:24+0000","config":{"tableHide":false,"editorSetting":{"language":"markdown","editOnDblClick":"true"},"colWidth":12,"editorMode":"ace/mode/markdown","editorHide":false,"results":{},"enabled":true},"settings":{"params":{},"forms":{}},"results":{"code":"SUCCESS","msg":[{"type":"HTML","data":"<div class=\"markdown-body\">\n<h1>Create a DV Desktop Data Source for your connection</h1>\n<ul>\n  <li>Invoke the pop-up menu on your new Data Source and choose Create Data Source</li>\n  <li>Navigate through the database, tables, and columns to choose the elements you want to add.</li>\n  <li>Name the new data source and Add it</li>\n</ul>\n<p><img src=\"https://raw.githubusercontent.com/oracle/learning-library/master/workshops/journey2-new-data-lake/images/300/SparkDataSource.jpg\" alt=\"DVDdatasource\" title=\"HODBC\" /></p>\n</div>"}]},"apps":[],"jobName":"paragraph_1502807969839_-862204301","id":"20170731-202416_1602004865","dateCreated":"2017-08-15T14:39:29+0000","status":"READY","errorMessage":"","progressUpdateIntervalMs":500,"$$hashKey":"object:266"},{"dateUpdated":"2017-08-15T14:40:24+0000","config":{"editorSetting":{"language":"scala"},"colWidth":12,"editorMode":"ace/mode/scala","editorHide":false,"results":{},"graph":{"mode":"table","height":300,"optionOpen":false,"keys":[],"values":[],"groups":[],"scatter":{}},"enabled":true},"settings":{"params":{},"forms":{}},"apps":[],"jobName":"paragraph_1502807969839_-862204301","id":"20170504-171816_753503470","dateCreated":"2017-08-15T14:39:29+0000","status":"READY","errorMessage":"","progressUpdateIntervalMs":500,"$$hashKey":"object:267"}],"name":"xtra Connecting DV Desktop and Spark","id":"2CQ1AB31P","angularObjects":{"2CQ18QAG1:shared_process":[],"2CMCEY4QH:shared_process":[],"2CR2PNRZP:shared_process":[],"2CMH6VKZR:shared_process":[],"2CPTK818B:shared_process":[],"2CNEU2H7D:shared_process":[],"2CQJEYMER:shared_process":[],"2CQHBWDAA:shared_process":[]},"config":{"looknfeel":"default","personalizedMode":"false"},"info":{}}