{"paragraphs":[{"text":"%md\n# Demonstration: Citi Bike New York- Working with the Hive Interpeter\n\nThis tutorial was built for BDCS-CE version 17.2.5. If you are using a later version of BDCS-CE, please look for a newer version of this tutorial notebook at <https://github.com/oracle/learning-library/tree/master/workshops/journey2-new-data-lake> . Questions and feedback about the tutorial: david.bayard@oracle.com\n\nBe sure to run the previous Tutorial: \"Hive Table Setup\"\n\nThis tutorial will illustrate a few commands run in the Hive interpreter within a Notebook.\n\n## Contents\n+ About the Hive Interpreter \n+ Running simple queries (show databases, show tables)\n+ Query a simple Hive table and graph the results\n+ Next Steps\n\nAs a reminder, the documentation for BDCS-CE can be found here: <http://docs.oracle.com/cloud/latest/big-data-compute-cloud/index.html>","authenticationInfo":{},"dateUpdated":"Jun 13, 2017 7:56:43 AM","config":{"colWidth":12,"editorMode":"ace/mode/markdown","editorHide":true,"graph":{"mode":"table","height":300,"optionOpen":false,"keys":[],"values":[],"groups":[],"scatter":{}},"enabled":true},"settings":{"params":{},"forms":{}},"jobName":"paragraph_1497039736889_-1228936538","id":"20170316-112936_805072906","result":{"code":"SUCCESS","type":"HTML","msg":"<h1>Demonstration: Citi Bike New York- Working with the Hive Interpeter</h1>\n<p>This tutorial was built for BDCS-CE version 17.2.5. If you are using a later version of BDCS-CE, please look for a newer version of this tutorial notebook at <a href=\"https://github.com/oracle/learning-library/tree/master/workshops/journey2-new-data-lake\">https://github.com/oracle/learning-library/tree/master/workshops/journey2-new-data-lake</a> . Questions and feedback about the tutorial: david.bayard@oracle.com</p>\n<p>Be sure to run the previous Tutorial: &ldquo;Hive Table Setup&rdquo;</p>\n<p>This tutorial will illustrate a few commands run in the Hive interpreter within a Notebook.</p>\n<h2>Contents</h2>\n<ul>\n<li>About the Hive Interpreter</li>\n<li>Running simple queries (show databases, show tables)</li>\n<li>Query a simple Hive table and graph the results</li>\n<li>Next Steps</li>\n</ul>\n<p>As a reminder, the documentation for BDCS-CE can be found here: <a href=\"http://docs.oracle.com/cloud/latest/big-data-compute-cloud/index.html\">http://docs.oracle.com/cloud/latest/big-data-compute-cloud/index.html</a></p>\n"},"dateCreated":"Jun 9, 2017 4:22:16 PM","dateStarted":"Jun 13, 2017 7:56:41 AM","dateFinished":"Jun 13, 2017 7:56:41 AM","status":"FINISHED","progressUpdateIntervalMs":500,"$$hashKey":"object:199"},{"text":"%md\n\n##Overview\nThe Apache Hive data warehouse software facilitates querying and managing large datasets residing in distributed storage. Hive provides a mechanism to project structure onto this data and query the data using a SQL-like language called HiveQL. \n\n##How to use\nBasically, the Hive interpreter allows you to run a single HiveQL statement per paragraph and view the output in a variety of user-selectable formats:\n\n    %hive\n    select * from my_table;\n    \n","authenticationInfo":{},"dateUpdated":"Jun 13, 2017 8:09:58 AM","config":{"colWidth":12,"editorMode":"ace/mode/markdown","editorHide":true,"graph":{"mode":"table","height":300,"optionOpen":false,"keys":[],"values":[],"groups":[],"scatter":{}},"enabled":true},"settings":{"params":{"prefix":""},"forms":{}},"jobName":"paragraph_1497039736890_-1227782291","id":"20170510-144430_1423420881","result":{"code":"SUCCESS","type":"HTML","msg":"<h2>Overview</h2>\n<p>The Apache Hive data warehouse software facilitates querying and managing large datasets residing in distributed storage. Hive provides a mechanism to project structure onto this data and query the data using a SQL-like language called HiveQL.</p>\n<h2>How to use</h2>\n<p>Basically, the Hive interpreter allows you to run a single HiveQL statement per paragraph and view the output in a variety of user-selectable formats:</p>\n<pre><code>%hive\nselect * from my_table;\n</code></pre>\n"},"dateCreated":"Jun 9, 2017 4:22:16 PM","dateStarted":"Jun 13, 2017 8:00:09 AM","dateFinished":"Jun 13, 2017 8:00:09 AM","status":"FINISHED","progressUpdateIntervalMs":500,"$$hashKey":"object:200"},{"text":"%hive\nshow databases","authenticationInfo":{},"dateUpdated":"Jun 13, 2017 8:10:02 AM","config":{"colWidth":6,"editorMode":"ace/mode/scala","graph":{"mode":"table","height":278,"optionOpen":false,"keys":[],"values":[],"groups":[],"scatter":{}},"enabled":true},"settings":{"params":{},"forms":{}},"jobName":"paragraph_1497039736890_-1227782291","id":"20170316-085415_1154867859","result":{"code":"SUCCESS","type":"TABLE","msg":"database_name\ndefault\n","comment":"","msgTable":[[{"value":"default"}]],"columnNames":[{"name":"database_name","index":0,"aggr":"sum"}],"rows":[["default"]]},"dateCreated":"Jun 9, 2017 4:22:16 PM","dateStarted":"Jun 13, 2017 8:10:02 AM","dateFinished":"Jun 13, 2017 8:10:02 AM","status":"FINISHED","progressUpdateIntervalMs":500,"$$hashKey":"object:201"},{"text":"%hive\nshow tables","authenticationInfo":{},"dateUpdated":"Jun 13, 2017 8:19:46 AM","config":{"colWidth":6,"editorMode":"ace/mode/scala","graph":{"mode":"table","height":283,"optionOpen":false,"keys":[],"values":[],"groups":[],"scatter":{}},"enabled":true},"settings":{"params":{},"forms":{}},"jobName":"paragraph_1497039736890_-1227782291","id":"20170316-085428_14027211","result":{"code":"SUCCESS","type":"TABLE","msg":"tab_name\nbike_trips\nbike_trips_parquet\n","comment":"","msgTable":[[{"value":"bike_trips"}],[{"value":"bike_trips_parquet"}]],"columnNames":[{"name":"tab_name","index":0,"aggr":"sum"}],"rows":[["bike_trips"],["bike_trips_parquet"]]},"dateCreated":"Jun 9, 2017 4:22:16 PM","dateStarted":"Jun 13, 2017 8:19:47 AM","dateFinished":"Jun 13, 2017 8:19:48 AM","status":"FINISHED","progressUpdateIntervalMs":500,"$$hashKey":"object:202"},{"text":"%hive\ndescribe bike_trips","authenticationInfo":{},"dateUpdated":"Jun 12, 2017 9:15:01 AM","config":{"colWidth":6,"editorMode":"ace/mode/scala","graph":{"mode":"table","height":300,"optionOpen":false,"keys":[{"name":"col_name","index":0,"aggr":"sum"}],"values":[{"name":"data_type","index":1,"aggr":"sum"}],"groups":[],"scatter":{"xAxis":{"name":"col_name","index":0,"aggr":"sum"},"yAxis":{"name":"data_type","index":1,"aggr":"sum"}}},"enabled":true},"settings":{"params":{},"forms":{}},"jobName":"paragraph_1497039736890_-1227782291","id":"20170316-112903_182379485","result":{"code":"SUCCESS","type":"TABLE","msg":"col_name\tdata_type\tcomment\ntripduration\tint\t\nstarttime\ttimestamp\t\nstoptime\ttimestamp\t\nstartstationid\tstring\t\nstartstationname\tstring\t\nstartstationlatitude\tstring\t\nstartstationlongitude\tstring\t\nendstationid\tstring\t\nendstationname\tint\t\nendstationlatitude\tstring\t\nendstationlongitude\tstring\t\nbikeid\tint\t\nusertype\tstring\t\nbirthyear\tint\t\ngender\tint\t\n","comment":"","msgTable":[[{"key":"data_type","value":"tripduration"},{"key":"data_type","value":"int"},{"key":"data_type","value":""}],[{"key":"comment","value":"starttime"},{"key":"comment","value":"timestamp"},{"key":"comment","value":""}],[{"value":"stoptime"},{"value":"timestamp"},{"value":""}],[{"value":"startstationid"},{"value":"string"},{"value":""}],[{"value":"startstationname"},{"value":"string"},{"value":""}],[{"value":"startstationlatitude"},{"value":"string"},{"value":""}],[{"value":"startstationlongitude"},{"value":"string"},{"value":""}],[{"value":"endstationid"},{"value":"string"},{"value":""}],[{"value":"endstationname"},{"value":"int"},{"value":""}],[{"value":"endstationlatitude"},{"value":"string"},{"value":""}],[{"value":"endstationlongitude"},{"value":"string"},{"value":""}],[{"value":"bikeid"},{"value":"int"},{"value":""}],[{"value":"usertype"},{"value":"string"},{"value":""}],[{"value":"birthyear"},{"value":"int"},{"value":""}],[{"value":"gender"},{"value":"int"},{"value":""}]],"columnNames":[{"name":"col_name","index":0,"aggr":"sum"},{"name":"data_type","index":1,"aggr":"sum"},{"name":"comment","index":2,"aggr":"sum"}],"rows":[["tripduration","int",""],["starttime","timestamp",""],["stoptime","timestamp",""],["startstationid","string",""],["startstationname","string",""],["startstationlatitude","string",""],["startstationlongitude","string",""],["endstationid","string",""],["endstationname","int",""],["endstationlatitude","string",""],["endstationlongitude","string",""],["bikeid","int",""],["usertype","string",""],["birthyear","int",""],["gender","int",""]]},"dateCreated":"Jun 9, 2017 4:22:16 PM","dateStarted":"Jun 12, 2017 9:15:01 AM","dateFinished":"Jun 12, 2017 9:15:02 AM","status":"FINISHED","progressUpdateIntervalMs":500,"$$hashKey":"object:203"},{"text":"%hive\nshow create table bike_trips","authenticationInfo":{},"dateUpdated":"Jun 12, 2017 9:15:05 AM","config":{"colWidth":6,"editorMode":"ace/mode/scala","graph":{"mode":"table","height":300,"optionOpen":false,"keys":[],"values":[],"groups":[],"scatter":{}},"enabled":true},"settings":{"params":{},"forms":{}},"jobName":"paragraph_1497039736890_-1227782291","id":"20170316-113150_898389403","result":{"code":"SUCCESS","type":"TABLE","msg":"createtab_stmt\nCREATE TABLE `bike_trips`(\n  `tripduration` int, \n  `starttime` timestamp, \n  `stoptime` timestamp, \n  `startstationid` string, \n  `startstationname` string, \n  `startstationlatitude` string, \n  `startstationlongitude` string, \n  `endstationid` string, \n  `endstationname` int, \n  `endstationlatitude` string, \n  `endstationlongitude` string, \n  `bikeid` int, \n  `usertype` string, \n  `birthyear` int, \n  `gender` int)\nROW FORMAT DELIMITED \n  FIELDS TERMINATED BY ',' \nSTORED AS INPUTFORMAT \n  'org.apache.hadoop.mapred.TextInputFormat' \nOUTPUTFORMAT \n  'org.apache.hadoop.hive.ql.io.HiveIgnoreKeyTextOutputFormat'\nLOCATION\n  'hdfs://dcb-bdcs-jun05-bdcsce-1.compute-gse00010212.oraclecloud.internal:8020/apps/hive/warehouse/bike_trips'\nTBLPROPERTIES (\n  'COLUMN_STATS_ACCURATE'='true', \n  'numFiles'='1', \n  'totalSize'='136661199', \n  'transient_lastDdlTime'='1497273109')\n","comment":"","msgTable":[[{"value":"CREATE TABLE `bike_trips`("}],[{"value":"  `tripduration` int, "}],[{"value":"  `starttime` timestamp, "}],[{"value":"  `stoptime` timestamp, "}],[{"value":"  `startstationid` string, "}],[{"value":"  `startstationname` string, "}],[{"value":"  `startstationlatitude` string, "}],[{"value":"  `startstationlongitude` string, "}],[{"value":"  `endstationid` string, "}],[{"value":"  `endstationname` int, "}],[{"value":"  `endstationlatitude` string, "}],[{"value":"  `endstationlongitude` string, "}],[{"value":"  `bikeid` int, "}],[{"value":"  `usertype` string, "}],[{"value":"  `birthyear` int, "}],[{"value":"  `gender` int)"}],[{"value":"ROW FORMAT DELIMITED "}],[{"value":"  FIELDS TERMINATED BY ',' "}],[{"value":"STORED AS INPUTFORMAT "}],[{"value":"  'org.apache.hadoop.mapred.TextInputFormat' "}],[{"value":"OUTPUTFORMAT "}],[{"value":"  'org.apache.hadoop.hive.ql.io.HiveIgnoreKeyTextOutputFormat'"}],[{"value":"LOCATION"}],[{"value":"  'hdfs://dcb-bdcs-jun05-bdcsce-1.compute-gse00010212.oraclecloud.internal:8020/apps/hive/warehouse/bike_trips'"}],[{"value":"TBLPROPERTIES ("}],[{"value":"  'COLUMN_STATS_ACCURATE'='true', "}],[{"value":"  'numFiles'='1', "}],[{"value":"  'totalSize'='136661199', "}],[{"value":"  'transient_lastDdlTime'='1497273109')"}]],"columnNames":[{"name":"createtab_stmt","index":0,"aggr":"sum"}],"rows":[["CREATE TABLE `bike_trips`("],["  `tripduration` int, "],["  `starttime` timestamp, "],["  `stoptime` timestamp, "],["  `startstationid` string, "],["  `startstationname` string, "],["  `startstationlatitude` string, "],["  `startstationlongitude` string, "],["  `endstationid` string, "],["  `endstationname` int, "],["  `endstationlatitude` string, "],["  `endstationlongitude` string, "],["  `bikeid` int, "],["  `usertype` string, "],["  `birthyear` int, "],["  `gender` int)"],["ROW FORMAT DELIMITED "],["  FIELDS TERMINATED BY ',' "],["STORED AS INPUTFORMAT "],["  'org.apache.hadoop.mapred.TextInputFormat' "],["OUTPUTFORMAT "],["  'org.apache.hadoop.hive.ql.io.HiveIgnoreKeyTextOutputFormat'"],["LOCATION"],["  'hdfs://dcb-bdcs-jun05-bdcsce-1.compute-gse00010212.oraclecloud.internal:8020/apps/hive/warehouse/bike_trips'"],["TBLPROPERTIES ("],["  'COLUMN_STATS_ACCURATE'='true', "],["  'numFiles'='1', "],["  'totalSize'='136661199', "],["  'transient_lastDdlTime'='1497273109')"]]},"dateCreated":"Jun 9, 2017 4:22:16 PM","dateStarted":"Jun 12, 2017 9:15:05 AM","dateFinished":"Jun 12, 2017 9:15:06 AM","status":"FINISHED","progressUpdateIntervalMs":500,"$$hashKey":"object:204"},{"title":"Query to show Data as a Pie Chart (Riders by Gender)","text":"%hive\n\nselect \n case when a.gender=1 then 'Male' when a.gender=2 then 'Female' else 'Unknown' end gender,  a.trip_count \nfrom (select gender, count(*) trip_count from bike_trips\ngroup by gender) a","authenticationInfo":{},"dateUpdated":"Jun 13, 2017 8:19:53 AM","config":{"tableHide":false,"colWidth":12,"editorMode":"ace/mode/scala","title":true,"graph":{"mode":"pieChart","height":300,"optionOpen":false,"keys":[{"name":"gender","index":0,"aggr":"sum"}],"values":[{"name":"a.trip_count","index":1,"aggr":"sum"}],"groups":[],"scatter":{"xAxis":{"name":"gender","index":0,"aggr":"sum"},"yAxis":{"name":"a.trip_count","index":1,"aggr":"sum"}}},"enabled":true},"settings":{"params":{},"forms":{}},"jobName":"paragraph_1497039736891_-1228167040","id":"20170512-093652_676338818","result":{"code":"SUCCESS","type":"TABLE","msg":"gender\ta.trip_count\nUnknown\t42399\nMale\t596628\nFemale\t173165\n","comment":"","msgTable":[[{"key":"a.trip_count","value":"Unknown"},{"key":"a.trip_count","value":"42399"}],[{"value":"Male"},{"value":"596628"}],[{"value":"Female"},{"value":"173165"}]],"columnNames":[{"name":"gender","index":0,"aggr":"sum"},{"name":"a.trip_count","index":1,"aggr":"sum"}],"rows":[["Unknown","42399"],["Male","596628"],["Female","173165"]]},"dateCreated":"Jun 9, 2017 4:22:16 PM","dateStarted":"Jun 13, 2017 8:19:53 AM","dateFinished":"Jun 13, 2017 8:20:06 AM","status":"FINISHED","progressUpdateIntervalMs":500,"$$hashKey":"object:205"},{"title":"Query to Show a Chart with Stacks or Groupings (Riders by Gender by Day)","text":"%hive\n\nselect gender, dayofweek, count(*)\nfrom (    select date_format(`StartTime`,\"E\") dayofweek,\n          case when gender=1 then 'Male' when gender=2 then 'Female' else 'Unknown' end gender \nfrom bike_trips) bike_times \ngroup by gender, dayofweek","authenticationInfo":{},"dateUpdated":"Jun 13, 2017 8:20:13 AM","config":{"colWidth":12,"editorMode":"ace/mode/scala","title":true,"graph":{"mode":"multiBarChart","height":212,"optionOpen":false,"keys":[{"name":"dayofweek","index":1,"aggr":"sum"}],"values":[{"name":"_c2","index":2,"aggr":"sum"}],"groups":[{"name":"gender","index":0,"aggr":"sum"}],"scatter":{"xAxis":{"name":"gender","index":0,"aggr":"sum"},"yAxis":{"name":"dayofweek","index":1,"aggr":"sum"}}},"enabled":true},"settings":{"params":{"gender":"Male"},"forms":{}},"jobName":"paragraph_1497039736891_-1228167040","id":"20170316-112828_546269030","result":{"code":"SUCCESS","type":"TABLE","msg":"gender\tdayofweek\t_c2\nFemale\tFri\t30695\nFemale\tTue\t26607\nMale\tMon\t75736\nMale\tSat\t56793\nMale\tSun\t47422\nMale\tThu\t115590\nMale\tWed\t97394\nUnknown\tSat\t7098\nUnknown\tThu\t4942\nUnknown\tTue\t6134\nFemale\tMon\t21383\nFemale\tThu\t31447\nFemale\tWed\t27117\nMale\tTue\t93256\nUnknown\tFri\t6995\nUnknown\tSun\t7412\nUnknown\tWed\t5544\nFemale\tSat\t19277\nFemale\tSun\t16639\nMale\tFri\t110437\nUnknown\tMon\t4274\n","comment":"","msgTable":[[{"key":"dayofweek","value":"Female"},{"key":"dayofweek","value":"Fri"},{"key":"dayofweek","value":"30695"}],[{"key":"_c2","value":"Female"},{"key":"_c2","value":"Tue"},{"key":"_c2","value":"26607"}],[{"value":"Male"},{"value":"Mon"},{"value":"75736"}],[{"value":"Male"},{"value":"Sat"},{"value":"56793"}],[{"value":"Male"},{"value":"Sun"},{"value":"47422"}],[{"value":"Male"},{"value":"Thu"},{"value":"115590"}],[{"value":"Male"},{"value":"Wed"},{"value":"97394"}],[{"value":"Unknown"},{"value":"Sat"},{"value":"7098"}],[{"value":"Unknown"},{"value":"Thu"},{"value":"4942"}],[{"value":"Unknown"},{"value":"Tue"},{"value":"6134"}],[{"value":"Female"},{"value":"Mon"},{"value":"21383"}],[{"value":"Female"},{"value":"Thu"},{"value":"31447"}],[{"value":"Female"},{"value":"Wed"},{"value":"27117"}],[{"value":"Male"},{"value":"Tue"},{"value":"93256"}],[{"value":"Unknown"},{"value":"Fri"},{"value":"6995"}],[{"value":"Unknown"},{"value":"Sun"},{"value":"7412"}],[{"value":"Unknown"},{"value":"Wed"},{"value":"5544"}],[{"value":"Female"},{"value":"Sat"},{"value":"19277"}],[{"value":"Female"},{"value":"Sun"},{"value":"16639"}],[{"value":"Male"},{"value":"Fri"},{"value":"110437"}],[{"value":"Unknown"},{"value":"Mon"},{"value":"4274"}]],"columnNames":[{"name":"gender","index":0,"aggr":"sum"},{"name":"dayofweek","index":1,"aggr":"sum"},{"name":"_c2","index":2,"aggr":"sum"}],"rows":[["Female","Fri","30695"],["Female","Tue","26607"],["Male","Mon","75736"],["Male","Sat","56793"],["Male","Sun","47422"],["Male","Thu","115590"],["Male","Wed","97394"],["Unknown","Sat","7098"],["Unknown","Thu","4942"],["Unknown","Tue","6134"],["Female","Mon","21383"],["Female","Thu","31447"],["Female","Wed","27117"],["Male","Tue","93256"],["Unknown","Fri","6995"],["Unknown","Sun","7412"],["Unknown","Wed","5544"],["Female","Sat","19277"],["Female","Sun","16639"],["Male","Fri","110437"],["Unknown","Mon","4274"]]},"dateCreated":"Jun 9, 2017 4:22:16 PM","dateStarted":"Jun 13, 2017 8:20:13 AM","dateFinished":"Jun 13, 2017 8:20:18 AM","status":"FINISHED","progressUpdateIntervalMs":500,"$$hashKey":"object:206"},{"title":"Hive Query to Show a Chart (Age Distribution)","text":"%hive\n\nselect (2016 - a.birthyear) age, count(*) number_trips from bike_trips as a\nwhere birthyear is not null\ngroup by birthyear\n\n","authenticationInfo":{},"dateUpdated":"Jun 13, 2017 8:34:13 AM","config":{"colWidth":12,"editorMode":"ace/mode/scala","title":true,"graph":{"mode":"multiBarChart","height":300,"optionOpen":false,"keys":[{"name":"age","index":0,"aggr":"sum"}],"values":[{"name":"number_trips","index":1,"aggr":"sum"}],"groups":[],"scatter":{"xAxis":{"name":"age","index":0,"aggr":"sum"},"yAxis":{"name":"number_trips","index":1,"aggr":"sum"}}},"enabled":true},"settings":{"params":{"gender":"Female"},"forms":{}},"jobName":"paragraph_1497039736891_-1228167040","id":"20170316-160730_780267392","result":{"code":"SUCCESS","type":"TABLE","msg":"age\tnumber_trips\n130\t3\n117\t33\n116\t81\n115\t40\n106\t28\n99\t12\n93\t7\n90\t18\n86\t1\n85\t15\n84\t25\n79\t24\n75\t535\n74\t736\n73\t445\n72\t617\n67\t2116\n66\t2242\n63\t5680\n62\t5927\n61\t5940\n59\t7993\n58\t8632\n56\t12023\n53\t13513\n51\t14144\n49\t13498\n46\t19157\n44\t16545\n43\t15786\n41\t16318\n40\t18156\n39\t18059\n38\t18860\n35\t23988\n33\t27173\n31\t30366\n29\t28101\n28\t28776\n27\t29429\n26\t27252\n22\t8774\n21\t6573\n16\t837\n131\t42\n128\t11\n123\t13\n121\t5\n104\t19\n98\t11\n95\t8\n83\t20\n82\t67\n81\t21\n80\t43\n78\t233\n77\t118\n76\t344\n71\t646\n70\t1359\n69\t1607\n68\t1654\n65\t3256\n64\t3675\n60\t6947\n57\t10571\n55\t11359\n54\t13501\n52\t13905\n50\t13763\n48\t14960\n47\t17717\n45\t17273\n42\t17654\n37\t19896\n36\t21045\n34\t24093\n32\t28529\n30\t28844\n25\t23110\n24\t19449\n23\t15141\n20\t5575\n19\t3489\n18\t2178\n17\t1859\n","comment":"","msgTable":[[{"key":"number_trips","value":"130"},{"key":"number_trips","value":"3"}],[{"value":"117"},{"value":"33"}],[{"value":"116"},{"value":"81"}],[{"value":"115"},{"value":"40"}],[{"value":"106"},{"value":"28"}],[{"value":"99"},{"value":"12"}],[{"value":"93"},{"value":"7"}],[{"value":"90"},{"value":"18"}],[{"value":"86"},{"value":"1"}],[{"value":"85"},{"value":"15"}],[{"value":"84"},{"value":"25"}],[{"value":"79"},{"value":"24"}],[{"value":"75"},{"value":"535"}],[{"value":"74"},{"value":"736"}],[{"value":"73"},{"value":"445"}],[{"value":"72"},{"value":"617"}],[{"value":"67"},{"value":"2116"}],[{"value":"66"},{"value":"2242"}],[{"value":"63"},{"value":"5680"}],[{"value":"62"},{"value":"5927"}],[{"value":"61"},{"value":"5940"}],[{"value":"59"},{"value":"7993"}],[{"value":"58"},{"value":"8632"}],[{"value":"56"},{"value":"12023"}],[{"value":"53"},{"value":"13513"}],[{"value":"51"},{"value":"14144"}],[{"value":"49"},{"value":"13498"}],[{"value":"46"},{"value":"19157"}],[{"value":"44"},{"value":"16545"}],[{"value":"43"},{"value":"15786"}],[{"value":"41"},{"value":"16318"}],[{"value":"40"},{"value":"18156"}],[{"value":"39"},{"value":"18059"}],[{"value":"38"},{"value":"18860"}],[{"value":"35"},{"value":"23988"}],[{"value":"33"},{"value":"27173"}],[{"value":"31"},{"value":"30366"}],[{"value":"29"},{"value":"28101"}],[{"value":"28"},{"value":"28776"}],[{"value":"27"},{"value":"29429"}],[{"value":"26"},{"value":"27252"}],[{"value":"22"},{"value":"8774"}],[{"value":"21"},{"value":"6573"}],[{"value":"16"},{"value":"837"}],[{"value":"131"},{"value":"42"}],[{"value":"128"},{"value":"11"}],[{"value":"123"},{"value":"13"}],[{"value":"121"},{"value":"5"}],[{"value":"104"},{"value":"19"}],[{"value":"98"},{"value":"11"}],[{"value":"95"},{"value":"8"}],[{"value":"83"},{"value":"20"}],[{"value":"82"},{"value":"67"}],[{"value":"81"},{"value":"21"}],[{"value":"80"},{"value":"43"}],[{"value":"78"},{"value":"233"}],[{"value":"77"},{"value":"118"}],[{"value":"76"},{"value":"344"}],[{"value":"71"},{"value":"646"}],[{"value":"70"},{"value":"1359"}],[{"value":"69"},{"value":"1607"}],[{"value":"68"},{"value":"1654"}],[{"value":"65"},{"value":"3256"}],[{"value":"64"},{"value":"3675"}],[{"value":"60"},{"value":"6947"}],[{"value":"57"},{"value":"10571"}],[{"value":"55"},{"value":"11359"}],[{"value":"54"},{"value":"13501"}],[{"value":"52"},{"value":"13905"}],[{"value":"50"},{"value":"13763"}],[{"value":"48"},{"value":"14960"}],[{"value":"47"},{"value":"17717"}],[{"value":"45"},{"value":"17273"}],[{"value":"42"},{"value":"17654"}],[{"value":"37"},{"value":"19896"}],[{"value":"36"},{"value":"21045"}],[{"value":"34"},{"value":"24093"}],[{"value":"32"},{"value":"28529"}],[{"value":"30"},{"value":"28844"}],[{"value":"25"},{"value":"23110"}],[{"value":"24"},{"value":"19449"}],[{"value":"23"},{"value":"15141"}],[{"value":"20"},{"value":"5575"}],[{"value":"19"},{"value":"3489"}],[{"value":"18"},{"value":"2178"}],[{"value":"17"},{"value":"1859"}]],"columnNames":[{"name":"age","index":0,"aggr":"sum"},{"name":"number_trips","index":1,"aggr":"sum"}],"rows":[["130","3"],["117","33"],["116","81"],["115","40"],["106","28"],["99","12"],["93","7"],["90","18"],["86","1"],["85","15"],["84","25"],["79","24"],["75","535"],["74","736"],["73","445"],["72","617"],["67","2116"],["66","2242"],["63","5680"],["62","5927"],["61","5940"],["59","7993"],["58","8632"],["56","12023"],["53","13513"],["51","14144"],["49","13498"],["46","19157"],["44","16545"],["43","15786"],["41","16318"],["40","18156"],["39","18059"],["38","18860"],["35","23988"],["33","27173"],["31","30366"],["29","28101"],["28","28776"],["27","29429"],["26","27252"],["22","8774"],["21","6573"],["16","837"],["131","42"],["128","11"],["123","13"],["121","5"],["104","19"],["98","11"],["95","8"],["83","20"],["82","67"],["81","21"],["80","43"],["78","233"],["77","118"],["76","344"],["71","646"],["70","1359"],["69","1607"],["68","1654"],["65","3256"],["64","3675"],["60","6947"],["57","10571"],["55","11359"],["54","13501"],["52","13905"],["50","13763"],["48","14960"],["47","17717"],["45","17273"],["42","17654"],["37","19896"],["36","21045"],["34","24093"],["32","28529"],["30","28844"],["25","23110"],["24","19449"],["23","15141"],["20","5575"],["19","3489"],["18","2178"],["17","1859"]]},"dateCreated":"Jun 9, 2017 4:22:16 PM","dateStarted":"Jun 13, 2017 8:34:13 AM","dateFinished":"Jun 13, 2017 8:34:20 AM","status":"FINISHED","progressUpdateIntervalMs":500,"$$hashKey":"object:207"},{"title":"Query to  Trip Durations","text":"%hive\n\nselect trip_duration,  a.trip_count \nfrom (select tripduration  as trip_duration, count(*) trip_count from bike_trips\ngroup by tripduration) a\n","authenticationInfo":{},"dateUpdated":"Jun 13, 2017 8:29:48 AM","config":{"colWidth":12,"editorMode":"ace/mode/scala","title":true,"graph":{"mode":"lineChart","height":300,"optionOpen":false,"keys":[{"name":"trip_duration","index":0,"aggr":"sum"}],"values":[{"name":"a.trip_count","index":1,"aggr":"sum"}],"groups":[],"scatter":{"xAxis":{"name":"trip_duration","index":0,"aggr":"sum"},"yAxis":{"name":"a.trip_count","index":1,"aggr":"sum"}}},"enabled":true},"settings":{"params":{},"forms":{}},"jobName":"paragraph_1497039736891_-1228167040","id":"20170316-085448_355044922","result":{"code":"SUCCESS","type":"TABLE","msg":"trip_duration\ta.trip_count\n61\t93\n63\t85\n65\t83\n66\t95\n70\t113\n76\t142\n77\t128\n80\t146\n87\t182\n89\t199\n90\t208\n91\t224\n93\t221\n98\t233\n103\t257\n118\t402\n125\t405\n127\t433\n128\t416\n129\t445\n130\t431\n132\t473\n133\t449\n137\t506\n142\t516\n145\t583\n153\t604\n156\t598\n167\t669\n170\t699\n172\t663\n176\t697\n178\t783\n179\t720\n187\t783\n191\t789\n193\t788\n194\t862\n195\t830\n199\t840\n201\t892\n202\t888\n203\t860\n204\t905\n206\t864\n210\t905\n219\t913\n220\t939\n229\t931\n233\t1003\n238\t918\n239\t1012\n242\t1037\n245\t1030\n247\t1041\n249\t966\n250\t1005\n258\t1021\n262\t1034\n264\t1078\n266\t1077\n269\t1088\n285\t1087\n290\t1123\n292\t1144\n295\t1058\n299\t1052\n300\t1189\n301\t1093\n303\t1102\n305\t1083\n311\t1172\n316\t1153\n318\t1146\n320\t1134\n324\t1083\n329\t1103\n330\t1094\n336\t1182\n345\t1119\n346\t1126\n347\t1148\n350\t1157\n352\t1079\n353\t1162\n356\t1127\n357\t1127\n362\t1060\n367\t1088\n375\t1090\n376\t1088\n380\t1107\n381\t1068\n382\t1090\n385\t1058\n389\t1158\n390\t1064\n395\t1081\n398\t1067\n400\t1088\n402\t1108\n404\t1098\n406\t1024\n407\t975\n408\t1064\n411\t1048\n413\t1050\n414\t1034\n416\t1058\n421\t1061\n426\t1064\n431\t1043\n432\t1084\n437\t1032\n438\t957\n441\t1008\n442\t1023\n446\t1035\n447\t989\n455\t1023\n461\t933\n462\t964\n468\t998\n470\t1001\n475\t874\n476\t982\n477\t974\n483\t1002\n484\t912\n489\t971\n491\t944\n495\t910\n496\t984\n499\t896\n501\t914\n507\t887\n510\t935\n512\t880\n526\t891\n530\t876\n534\t849\n538\t857\n539\t868\n541\t845\n543\t870\n544\t823\n546\t842\n547\t839\n549\t794\n553\t842\n554\t823\n556\t819\n559\t787\n564\t791\n569\t840\n572\t799\n573\t784\n579\t697\n584\t722\n585\t787\n586\t798\n587\t760\n589\t788\n591\t783\n597\t734\n599\t755\n601\t754\n602\t723\n603\t715\n604\t733\n605\t728\n606\t733\n609\t721\n619\t667\n620\t709\n623\t650\n626\t713\n629\t707\n630\t677\n633\t629\n637\t710\n639\t612\n641\t711\n642\t684\n645\t698\n654\t650\n655\t606\n660\t614\n663\t643\n665\t604\n666\t643\n668\t613\n669\t639\n673\t595\n676\t622\n678\t570\n682\t617\n689\t592\n690\t576\n694\t597\n695\t588\n696\t556\n703\t579\n705\t584\n708\t592\n710\t612\n711\t589\n713\t587\n716\t570\n720\t554\n722\t589\n723\t547\n724\t539\n728\t580\n729\t492\n730\t530\n732\t508\n733\t531\n737\t566\n738\t526\n739\t520\n740\t514\n744\t532\n745\t500\n746\t516\n747\t528\n748\t499\n749\t513\n752\t497\n756\t499\n757\t500\n763\t507\n770\t474\n772\t478\n773\t484\n774\t528\n775\t518\n782\t478\n783\t529\n787\t494\n790\t458\n793\t482\n795\t452\n797\t445\n803\t462\n804\t434\n809\t439\n813\t435\n815\t405\n817\t449\n825\t450\n827\t400\n828\t413\n832\t421\n837\t414\n839\t457\n845\t389\n847\t409\n849\t415\n853\t407\n863\t356\n866\t376\n867\t375\n868\t423\n869\t380\n870\t403\n871\t392\n872\t390\n873\t391\n875\t399\n876\t427\n877\t377\n880\t386\n883\t407\n885\t337\n886\t391\n891\t378\n892\t361\n897\t339\n898\t394\n901\t374\n911\t367\n912\t350\n913\t356\n917\t364\n921\t382\n923\t327\n929\t374\n930\t342\n931\t333\n934\t330\n935\t359\n942\t323\n947\t317\n948\t322\n949\t338\n951\t326\n952\t327\n955\t294\n962\t319\n966\t322\n968\t306\n971\t317\n981\t329\n983\t288\n987\t290\n995\t293\n996\t298\n999\t298\n1001\t289\n1002\t314\n1004\t318\n1006\t273\n1008\t266\n1009\t315\n1011\t291\n1020\t281\n1023\t267\n1024\t284\n1027\t323\n1030\t307\n1031\t314\n1032\t263\n1033\t290\n1035\t293\n1037\t264\n1039\t271\n1042\t285\n1045\t270\n1046\t268\n1049\t264\n1053\t242\n1057\t243\n1060\t265\n1061\t259\n1064\t273\n1065\t276\n1067\t251\n1069\t251\n1071\t255\n1073\t264\n1076\t251\n1079\t256\n1086\t229\n1088\t274\n1093\t231\n1094\t246\n1095\t279\n1096\t230\n1097\t254\n1099\t247\n1101\t251\n1102\t261\n1103\t236\n1107\t248\n1108\t242\n1109\t249\n1112\t242\n1113\t225\n1115\t243\n1122\t226\n1125\t270\n1127\t246\n1129\t238\n1131\t247\n1135\t253\n1137\t198\n1138\t206\n1144\t247\n1145\t239\n1146\t232\n1150\t219\n1154\t232\n1156\t250\n1160\t209\n1163\t238\n1169\t190\n1171\t234\n1173\t216\n1174\t203\n1177\t214\n1182\t206\n1185\t209\n1188\t214\n1193\t214\n1197\t222\n1200\t210\n1211\t201\n1212\t188\n1216\t188\n1218\t191\n1220\t206\n1231\t194\n1232\t185\n1238\t188\n1239\t177\n1241\t194\n1243\t189\n1246\t202\n1247\t170\n1251\t180\n1252\t203\n1257\t165\n1267\t167\n1269\t179\n1271\t181\n1273\t165\n1276\t170\n1277\t187\n1279\t183\n1281\t192\n1282\t206\n1286\t185\n1293\t185\n1294\t174\n1301\t158\n1308\t147\n1315\t194\n1320\t161\n1324\t139\n1325\t171\n1326\t184\n1330\t180\n1331\t130\n1334\t165\n1337\t165\n1343\t138\n1346\t161\n1350\t168\n1351\t153\n1354\t188\n1355\t163\n1362\t141\n1363\t140\n1369\t158\n1370\t157\n1372\t141\n1378\t162\n1382\t156\n1383\t167\n1388\t155\n1395\t159\n1396\t149\n1401\t168\n1404\t157\n1409\t134\n1415\t156\n1417\t143\n1420\t117\n1423\t149\n1424\t139\n1425\t143\n1428\t142\n1429\t137\n1440\t119\n1444\t129\n1446\t140\n1447\t145\n1449\t128\n1451\t137\n1455\t126\n1459\t133\n1460\t111\n1462\t127\n1465\t107\n1466\t123\n1468\t132\n1472\t128\n1473\t126\n1475\t127\n1476\t121\n1481\t127\n1482\t120\n1484\t133\n1486\t127\n1487\t145\n1488\t114\n1495\t113\n1496\t119\n1499\t123\n1501\t112\n1502\t126\n1503\t129\n1505\t128\n1507\t110\n1510\t132\n1511\t101\n1514\t116\n1522\t126\n1524\t122\n1525\t122\n1530\t137\n1531\t109\n1533\t111\n1534\t93\n1538\t123\n1547\t129\n1550\t93\n1552\t102\n1556\t122\n1562\t102\n1566\t108\n1567\t108\n1569\t114\n1579\t95\n1583\t107\n1586\t108\n1591\t110\n1592\t93\n1594\t103\n1595\t87\n1605\t100\n1606\t101\n1607\t98\n1614\t106\n1618\t116\n1621\t85\n1627\t97\n1628\t102\n1633\t105\n1639\t86\n1647\t99\n1649\t85\n1659\t96\n1662\t86\n1666\t83\n1668\t88\n1669\t74\n1683\t81\n1685\t71\n1686\t81\n1687\t73\n1691\t75\n1694\t82\n1695\t79\n1698\t73\n1700\t81\n1702\t78\n1708\t85\n1710\t88\n1711\t73\n1713\t87\n1716\t75\n1721\t86\n1722\t73\n1725\t92\n1730\t85\n1731\t79\n1734\t80\n1736\t76\n1742\t67\n1748\t80\n1752\t73\n1754\t82\n1756\t79\n1757\t86\n1758\t70\n1759\t72\n1763\t80\n1765\t86\n1770\t67\n1771\t78\n1772\t82\n1785\t71\n1787\t90\n1791\t68\n1793\t73\n1795\t72\n1796\t73\n1797\t71\n1802\t69\n1809\t59\n1813\t68\n1814\t60\n1816\t67\n1822\t67\n1825\t57\n1829\t54\n1837\t64\n1844\t57\n1845\t69\n1850\t59\n1851\t44\n1855\t49\n1858\t47\n1861\t52\n1866\t66\n1872\t58\n1873\t63\n1877\t70\n1879\t62\n1880\t64\n1882\t54\n1884\t41\n1890\t59\n1892\t57\n1896\t49\n1899\t49\n1900\t42\n1906\t61\n1908\t56\n1912\t63\n1914\t62\n1916\t55\n1919\t54\n1923\t52\n1925\t59\n1928\t37\n1929\t65\n1930\t60\n1931\t62\n1935\t50\n1937\t55\n1943\t53\n1944\t50\n1945\t58\n1946\t49\n1947\t55\n1950\t53\n1951\t63\n1952\t45\n1962\t52\n1963\t44\n1965\t50\n1969\t52\n1972\t52\n1977\t41\n1982\t56\n1984\t53\n1988\t54\n1992\t52\n1997\t49\n1998\t50\n2002\t49\n2010\t39\n2014\t22\n2018\t41\n2019\t43\n2024\t48\n2033\t47\n2039\t38\n2042\t43\n2043\t34\n2047\t44\n2048\t45\n2053\t41\n2055\t51\n2056\t49\n2058\t44\n2059\t43\n2062\t43\n2065\t61\n2066\t35\n2069\t50\n2071\t31\n2072\t38\n2075\t34\n2077\t28\n2079\t32\n2080\t46\n2085\t42\n2091\t43\n2092\t46\n2095\t30\n2098\t31\n2104\t32\n2107\t44\n2121\t30\n2125\t34\n2128\t27\n2129\t40\n2131\t39\n2132\t43\n2138\t28\n2139\t24\n2141\t34\n2143\t34\n2147\t34\n2152\t31\n2154\t21\n2156\t34\n2165\t38\n2168\t32\n2173\t26\n2174\t40\n2175\t38\n2186\t28\n2199\t33\n2200\t33\n2206\t39\n2210\t28\n2214\t31\n2215\t27\n2220\t27\n2222\t33\n2228\t29\n2231\t24\n2232\t26\n2233\t35\n2234\t38\n2235\t28\n2236\t36\n2237\t29\n2240\t19\n2249\t30\n2251\t26\n2253\t30\n2254\t33\n2255\t22\n2257\t37\n2261\t29\n2265\t27\n2266\t24\n2271\t28\n2272\t23\n2274\t39\n2280\t26\n2287\t35\n2288\t29\n2290\t31\n2291\t23\n2292\t20\n2293\t24\n2295\t29\n2300\t27\n2301\t26\n2304\t21\n2305\t30\n2307\t20\n2308\t23\n2312\t26\n2314\t18\n2318\t24\n2320\t24\n2323\t36\n2324\t24\n2325\t28\n2333\t21\n2335\t27\n2336\t29\n2341\t27\n2342\t28\n2353\t32\n2357\t28\n2358\t19\n2359\t24\n2360\t26\n2362\t24\n2363\t29\n2364\t22\n2366\t24\n2367\t20\n2368\t22\n2376\t23\n2378\t18\n2382\t16\n2384\t17\n2386\t21\n2391\t14\n2395\t17\n2401\t20\n2402\t14\n2406\t21\n2408\t12\n2410\t23\n2411\t20\n2413\t10\n2418\t20\n2421\t19\n2422\t23\n2424\t19\n2427\t18\n2435\t24\n2437\t27\n2443\t19\n2447\t17\n2452\t14\n2456\t21\n2457\t15\n2458\t18\n2465\t15\n2466\t17\n2468\t20\n2471\t21\n2474\t15\n2476\t15\n2478\t24\n2479\t10\n2480\t23\n2483\t16\n2485\t16\n2486\t15\n2500\t25\n2502\t14\n2504\t22\n2508\t23\n2509\t15\n2510\t13\n2512\t17\n2516\t12\n2517\t11\n2519\t16\n2520\t10\n2521\t12\n2522\t14\n2523\t16\n2527\t19\n2530\t19\n2532\t16\n2534\t21\n2536\t19\n2538\t20\n2541\t11\n2542\t18\n2543\t16\n2547\t15\n2549\t11\n2551\t10\n2553\t16\n2554\t9\n2560\t15\n2563\t17\n2564\t15\n2566\t11\n2572\t19\n2574\t24\n2586\t13\n2587\t13\n2588\t11\n2589\t15\n2591\t13\n2595\t10\n2598\t18\n2599\t12\n2602\t12\n2605\t10\n2610\t21\n2611\t13\n2621\t17\n2623\t15\n2629\t17\n2630\t9\n2632\t9\n2634\t16\n2638\t7\n2639\t15\n2641\t13\n2644\t9\n2647\t15\n2658\t11\n2660\t10\n2669\t17\n2675\t9\n2677\t14\n2687\t9\n2690\t12\n2691\t13\n2692\t16\n2700\t10\n2710\t11\n2716\t8\n2718\t13\n2719\t6\n2723\t12\n2728\t8\n2730\t10\n2731\t14\n2733\t7\n2734\t11\n2738\t6\n2739\t13\n2743\t5\n2751\t7\n2752\t10\n2756\t9\n2757\t13\n2759\t10\n2760\t9\n2763\t7\n2769\t13\n2771\t1\n2772\t1\n2775\t10\n2777\t7\n2779\t4\n2781\t6\n2788\t7\n2790\t13\n2795\t8\n2808\t4\n2812\t8\n2814\t3\n2819\t8\n2820\t3\n2821\t4\n2825\t5\n2832\t9\n2836\t3\n2837\t6\n2838\t6\n2841\t7\n2852\t7\n2854\t4\n2858\t6\n2859\t9\n2860\t6\n2861\t10\n2862\t4\n2864\t5\n2867\t11\n2868\t9\n2869\t6\n2872\t3\n2874\t5\n2876\t6\n2877\t4\n2879\t8\n2881\t4\n2883\t5\n2889\t4\n2890\t3\n2894\t1\n2904\t1\n2905\t4\n2910\t7\n2911\t5\n2914\t6\n2916\t8\n2918\t3\n2920\t5\n2923\t4\n2925\t2\n2930\t6\n2932\t2\n2933\t13\n2934\t3\n2936\t5\n2938\t9\n2940\t3\n2947\t4\n2948\t4\n2949\t4\n2952\t1\n2954\t3\n2955\t2\n2956\t4\n2959\t7\n2961\t6\n2962\t5\n2964\t10\n2967\t2\n2978\t4\n2980\t2\n2984\t2\n2985\t4\n2995\t1\n3010\t3\n3015\t4\n3020\t2\n3022\t1\n3023\t1\n3027\t8\n3028\t3\n3031\t8\n3034\t4\n3040\t2\n3043\t1\n3044\t8\n3048\t3\n3049\t2\n3056\t3\n3058\t3\n3061\t6\n3064\t3\n3065\t3\n3066\t8\n3068\t2\n3069\t4\n3072\t5\n3073\t4\n3075\t2\n3085\t4\n3087\t5\n3089\t5\n3092\t2\n3094\t7\n3096\t6\n3101\t5\n3103\t4\n3109\t3\n3110\t4\n3114\t4\n3118\t3\n3119\t4\n3126\t4\n3129\t2\n3135\t5\n3136\t1\n3137\t3\n3140\t3\n","comment":"","msgTable":[[{"key":"a.trip_count","value":"61"},{"key":"a.trip_count","value":"93"}],[{"value":"63"},{"value":"85"}],[{"value":"65"},{"value":"83"}],[{"value":"66"},{"value":"95"}],[{"value":"70"},{"value":"113"}],[{"value":"76"},{"value":"142"}],[{"value":"77"},{"value":"128"}],[{"value":"80"},{"value":"146"}],[{"value":"87"},{"value":"182"}],[{"value":"89"},{"value":"199"}],[{"value":"90"},{"value":"208"}],[{"value":"91"},{"value":"224"}],[{"value":"93"},{"value":"221"}],[{"value":"98"},{"value":"233"}],[{"value":"103"},{"value":"257"}],[{"value":"118"},{"value":"402"}],[{"value":"125"},{"value":"405"}],[{"value":"127"},{"value":"433"}],[{"value":"128"},{"value":"416"}],[{"value":"129"},{"value":"445"}],[{"value":"130"},{"value":"431"}],[{"value":"132"},{"value":"473"}],[{"value":"133"},{"value":"449"}],[{"value":"137"},{"value":"506"}],[{"value":"142"},{"value":"516"}],[{"value":"145"},{"value":"583"}],[{"value":"153"},{"value":"604"}],[{"value":"156"},{"value":"598"}],[{"value":"167"},{"value":"669"}],[{"value":"170"},{"value":"699"}],[{"value":"172"},{"value":"663"}],[{"value":"176"},{"value":"697"}],[{"value":"178"},{"value":"783"}],[{"value":"179"},{"value":"720"}],[{"value":"187"},{"value":"783"}],[{"value":"191"},{"value":"789"}],[{"value":"193"},{"value":"788"}],[{"value":"194"},{"value":"862"}],[{"value":"195"},{"value":"830"}],[{"value":"199"},{"value":"840"}],[{"value":"201"},{"value":"892"}],[{"value":"202"},{"value":"888"}],[{"value":"203"},{"value":"860"}],[{"value":"204"},{"value":"905"}],[{"value":"206"},{"value":"864"}],[{"value":"210"},{"value":"905"}],[{"value":"219"},{"value":"913"}],[{"value":"220"},{"value":"939"}],[{"value":"229"},{"value":"931"}],[{"value":"233"},{"value":"1003"}],[{"value":"238"},{"value":"918"}],[{"value":"239"},{"value":"1012"}],[{"value":"242"},{"value":"1037"}],[{"value":"245"},{"value":"1030"}],[{"value":"247"},{"value":"1041"}],[{"value":"249"},{"value":"966"}],[{"value":"250"},{"value":"1005"}],[{"value":"258"},{"value":"1021"}],[{"value":"262"},{"value":"1034"}],[{"value":"264"},{"value":"1078"}],[{"value":"266"},{"value":"1077"}],[{"value":"269"},{"value":"1088"}],[{"value":"285"},{"value":"1087"}],[{"value":"290"},{"value":"1123"}],[{"value":"292"},{"value":"1144"}],[{"value":"295"},{"value":"1058"}],[{"value":"299"},{"value":"1052"}],[{"value":"300"},{"value":"1189"}],[{"value":"301"},{"value":"1093"}],[{"value":"303"},{"value":"1102"}],[{"value":"305"},{"value":"1083"}],[{"value":"311"},{"value":"1172"}],[{"value":"316"},{"value":"1153"}],[{"value":"318"},{"value":"1146"}],[{"value":"320"},{"value":"1134"}],[{"value":"324"},{"value":"1083"}],[{"value":"329"},{"value":"1103"}],[{"value":"330"},{"value":"1094"}],[{"value":"336"},{"value":"1182"}],[{"value":"345"},{"value":"1119"}],[{"value":"346"},{"value":"1126"}],[{"value":"347"},{"value":"1148"}],[{"value":"350"},{"value":"1157"}],[{"value":"352"},{"value":"1079"}],[{"value":"353"},{"value":"1162"}],[{"value":"356"},{"value":"1127"}],[{"value":"357"},{"value":"1127"}],[{"value":"362"},{"value":"1060"}],[{"value":"367"},{"value":"1088"}],[{"value":"375"},{"value":"1090"}],[{"value":"376"},{"value":"1088"}],[{"value":"380"},{"value":"1107"}],[{"value":"381"},{"value":"1068"}],[{"value":"382"},{"value":"1090"}],[{"value":"385"},{"value":"1058"}],[{"value":"389"},{"value":"1158"}],[{"value":"390"},{"value":"1064"}],[{"value":"395"},{"value":"1081"}],[{"value":"398"},{"value":"1067"}],[{"value":"400"},{"value":"1088"}],[{"value":"402"},{"value":"1108"}],[{"value":"404"},{"value":"1098"}],[{"value":"406"},{"value":"1024"}],[{"value":"407"},{"value":"975"}],[{"value":"408"},{"value":"1064"}],[{"value":"411"},{"value":"1048"}],[{"value":"413"},{"value":"1050"}],[{"value":"414"},{"value":"1034"}],[{"value":"416"},{"value":"1058"}],[{"value":"421"},{"value":"1061"}],[{"value":"426"},{"value":"1064"}],[{"value":"431"},{"value":"1043"}],[{"value":"432"},{"value":"1084"}],[{"value":"437"},{"value":"1032"}],[{"value":"438"},{"value":"957"}],[{"value":"441"},{"value":"1008"}],[{"value":"442"},{"value":"1023"}],[{"value":"446"},{"value":"1035"}],[{"value":"447"},{"value":"989"}],[{"value":"455"},{"value":"1023"}],[{"value":"461"},{"value":"933"}],[{"value":"462"},{"value":"964"}],[{"value":"468"},{"value":"998"}],[{"value":"470"},{"value":"1001"}],[{"value":"475"},{"value":"874"}],[{"value":"476"},{"value":"982"}],[{"value":"477"},{"value":"974"}],[{"value":"483"},{"value":"1002"}],[{"value":"484"},{"value":"912"}],[{"value":"489"},{"value":"971"}],[{"value":"491"},{"value":"944"}],[{"value":"495"},{"value":"910"}],[{"value":"496"},{"value":"984"}],[{"value":"499"},{"value":"896"}],[{"value":"501"},{"value":"914"}],[{"value":"507"},{"value":"887"}],[{"value":"510"},{"value":"935"}],[{"value":"512"},{"value":"880"}],[{"value":"526"},{"value":"891"}],[{"value":"530"},{"value":"876"}],[{"value":"534"},{"value":"849"}],[{"value":"538"},{"value":"857"}],[{"value":"539"},{"value":"868"}],[{"value":"541"},{"value":"845"}],[{"value":"543"},{"value":"870"}],[{"value":"544"},{"value":"823"}],[{"value":"546"},{"value":"842"}],[{"value":"547"},{"value":"839"}],[{"value":"549"},{"value":"794"}],[{"value":"553"},{"value":"842"}],[{"value":"554"},{"value":"823"}],[{"value":"556"},{"value":"819"}],[{"value":"559"},{"value":"787"}],[{"value":"564"},{"value":"791"}],[{"value":"569"},{"value":"840"}],[{"value":"572"},{"value":"799"}],[{"value":"573"},{"value":"784"}],[{"value":"579"},{"value":"697"}],[{"value":"584"},{"value":"722"}],[{"value":"585"},{"value":"787"}],[{"value":"586"},{"value":"798"}],[{"value":"587"},{"value":"760"}],[{"value":"589"},{"value":"788"}],[{"value":"591"},{"value":"783"}],[{"value":"597"},{"value":"734"}],[{"value":"599"},{"value":"755"}],[{"value":"601"},{"value":"754"}],[{"value":"602"},{"value":"723"}],[{"value":"603"},{"value":"715"}],[{"value":"604"},{"value":"733"}],[{"value":"605"},{"value":"728"}],[{"value":"606"},{"value":"733"}],[{"value":"609"},{"value":"721"}],[{"value":"619"},{"value":"667"}],[{"value":"620"},{"value":"709"}],[{"value":"623"},{"value":"650"}],[{"value":"626"},{"value":"713"}],[{"value":"629"},{"value":"707"}],[{"value":"630"},{"value":"677"}],[{"value":"633"},{"value":"629"}],[{"value":"637"},{"value":"710"}],[{"value":"639"},{"value":"612"}],[{"value":"641"},{"value":"711"}],[{"value":"642"},{"value":"684"}],[{"value":"645"},{"value":"698"}],[{"value":"654"},{"value":"650"}],[{"value":"655"},{"value":"606"}],[{"value":"660"},{"value":"614"}],[{"value":"663"},{"value":"643"}],[{"value":"665"},{"value":"604"}],[{"value":"666"},{"value":"643"}],[{"value":"668"},{"value":"613"}],[{"value":"669"},{"value":"639"}],[{"value":"673"},{"value":"595"}],[{"value":"676"},{"value":"622"}],[{"value":"678"},{"value":"570"}],[{"value":"682"},{"value":"617"}],[{"value":"689"},{"value":"592"}],[{"value":"690"},{"value":"576"}],[{"value":"694"},{"value":"597"}],[{"value":"695"},{"value":"588"}],[{"value":"696"},{"value":"556"}],[{"value":"703"},{"value":"579"}],[{"value":"705"},{"value":"584"}],[{"value":"708"},{"value":"592"}],[{"value":"710"},{"value":"612"}],[{"value":"711"},{"value":"589"}],[{"value":"713"},{"value":"587"}],[{"value":"716"},{"value":"570"}],[{"value":"720"},{"value":"554"}],[{"value":"722"},{"value":"589"}],[{"value":"723"},{"value":"547"}],[{"value":"724"},{"value":"539"}],[{"value":"728"},{"value":"580"}],[{"value":"729"},{"value":"492"}],[{"value":"730"},{"value":"530"}],[{"value":"732"},{"value":"508"}],[{"value":"733"},{"value":"531"}],[{"value":"737"},{"value":"566"}],[{"value":"738"},{"value":"526"}],[{"value":"739"},{"value":"520"}],[{"value":"740"},{"value":"514"}],[{"value":"744"},{"value":"532"}],[{"value":"745"},{"value":"500"}],[{"value":"746"},{"value":"516"}],[{"value":"747"},{"value":"528"}],[{"value":"748"},{"value":"499"}],[{"value":"749"},{"value":"513"}],[{"value":"752"},{"value":"497"}],[{"value":"756"},{"value":"499"}],[{"value":"757"},{"value":"500"}],[{"value":"763"},{"value":"507"}],[{"value":"770"},{"value":"474"}],[{"value":"772"},{"value":"478"}],[{"value":"773"},{"value":"484"}],[{"value":"774"},{"value":"528"}],[{"value":"775"},{"value":"518"}],[{"value":"782"},{"value":"478"}],[{"value":"783"},{"value":"529"}],[{"value":"787"},{"value":"494"}],[{"value":"790"},{"value":"458"}],[{"value":"793"},{"value":"482"}],[{"value":"795"},{"value":"452"}],[{"value":"797"},{"value":"445"}],[{"value":"803"},{"value":"462"}],[{"value":"804"},{"value":"434"}],[{"value":"809"},{"value":"439"}],[{"value":"813"},{"value":"435"}],[{"value":"815"},{"value":"405"}],[{"value":"817"},{"value":"449"}],[{"value":"825"},{"value":"450"}],[{"value":"827"},{"value":"400"}],[{"value":"828"},{"value":"413"}],[{"value":"832"},{"value":"421"}],[{"value":"837"},{"value":"414"}],[{"value":"839"},{"value":"457"}],[{"value":"845"},{"value":"389"}],[{"value":"847"},{"value":"409"}],[{"value":"849"},{"value":"415"}],[{"value":"853"},{"value":"407"}],[{"value":"863"},{"value":"356"}],[{"value":"866"},{"value":"376"}],[{"value":"867"},{"value":"375"}],[{"value":"868"},{"value":"423"}],[{"value":"869"},{"value":"380"}],[{"value":"870"},{"value":"403"}],[{"value":"871"},{"value":"392"}],[{"value":"872"},{"value":"390"}],[{"value":"873"},{"value":"391"}],[{"value":"875"},{"value":"399"}],[{"value":"876"},{"value":"427"}],[{"value":"877"},{"value":"377"}],[{"value":"880"},{"value":"386"}],[{"value":"883"},{"value":"407"}],[{"value":"885"},{"value":"337"}],[{"value":"886"},{"value":"391"}],[{"value":"891"},{"value":"378"}],[{"value":"892"},{"value":"361"}],[{"value":"897"},{"value":"339"}],[{"value":"898"},{"value":"394"}],[{"value":"901"},{"value":"374"}],[{"value":"911"},{"value":"367"}],[{"value":"912"},{"value":"350"}],[{"value":"913"},{"value":"356"}],[{"value":"917"},{"value":"364"}],[{"value":"921"},{"value":"382"}],[{"value":"923"},{"value":"327"}],[{"value":"929"},{"value":"374"}],[{"value":"930"},{"value":"342"}],[{"value":"931"},{"value":"333"}],[{"value":"934"},{"value":"330"}],[{"value":"935"},{"value":"359"}],[{"value":"942"},{"value":"323"}],[{"value":"947"},{"value":"317"}],[{"value":"948"},{"value":"322"}],[{"value":"949"},{"value":"338"}],[{"value":"951"},{"value":"326"}],[{"value":"952"},{"value":"327"}],[{"value":"955"},{"value":"294"}],[{"value":"962"},{"value":"319"}],[{"value":"966"},{"value":"322"}],[{"value":"968"},{"value":"306"}],[{"value":"971"},{"value":"317"}],[{"value":"981"},{"value":"329"}],[{"value":"983"},{"value":"288"}],[{"value":"987"},{"value":"290"}],[{"value":"995"},{"value":"293"}],[{"value":"996"},{"value":"298"}],[{"value":"999"},{"value":"298"}],[{"value":"1001"},{"value":"289"}],[{"value":"1002"},{"value":"314"}],[{"value":"1004"},{"value":"318"}],[{"value":"1006"},{"value":"273"}],[{"value":"1008"},{"value":"266"}],[{"value":"1009"},{"value":"315"}],[{"value":"1011"},{"value":"291"}],[{"value":"1020"},{"value":"281"}],[{"value":"1023"},{"value":"267"}],[{"value":"1024"},{"value":"284"}],[{"value":"1027"},{"value":"323"}],[{"value":"1030"},{"value":"307"}],[{"value":"1031"},{"value":"314"}],[{"value":"1032"},{"value":"263"}],[{"value":"1033"},{"value":"290"}],[{"value":"1035"},{"value":"293"}],[{"value":"1037"},{"value":"264"}],[{"value":"1039"},{"value":"271"}],[{"value":"1042"},{"value":"285"}],[{"value":"1045"},{"value":"270"}],[{"value":"1046"},{"value":"268"}],[{"value":"1049"},{"value":"264"}],[{"value":"1053"},{"value":"242"}],[{"value":"1057"},{"value":"243"}],[{"value":"1060"},{"value":"265"}],[{"value":"1061"},{"value":"259"}],[{"value":"1064"},{"value":"273"}],[{"value":"1065"},{"value":"276"}],[{"value":"1067"},{"value":"251"}],[{"value":"1069"},{"value":"251"}],[{"value":"1071"},{"value":"255"}],[{"value":"1073"},{"value":"264"}],[{"value":"1076"},{"value":"251"}],[{"value":"1079"},{"value":"256"}],[{"value":"1086"},{"value":"229"}],[{"value":"1088"},{"value":"274"}],[{"value":"1093"},{"value":"231"}],[{"value":"1094"},{"value":"246"}],[{"value":"1095"},{"value":"279"}],[{"value":"1096"},{"value":"230"}],[{"value":"1097"},{"value":"254"}],[{"value":"1099"},{"value":"247"}],[{"value":"1101"},{"value":"251"}],[{"value":"1102"},{"value":"261"}],[{"value":"1103"},{"value":"236"}],[{"value":"1107"},{"value":"248"}],[{"value":"1108"},{"value":"242"}],[{"value":"1109"},{"value":"249"}],[{"value":"1112"},{"value":"242"}],[{"value":"1113"},{"value":"225"}],[{"value":"1115"},{"value":"243"}],[{"value":"1122"},{"value":"226"}],[{"value":"1125"},{"value":"270"}],[{"value":"1127"},{"value":"246"}],[{"value":"1129"},{"value":"238"}],[{"value":"1131"},{"value":"247"}],[{"value":"1135"},{"value":"253"}],[{"value":"1137"},{"value":"198"}],[{"value":"1138"},{"value":"206"}],[{"value":"1144"},{"value":"247"}],[{"value":"1145"},{"value":"239"}],[{"value":"1146"},{"value":"232"}],[{"value":"1150"},{"value":"219"}],[{"value":"1154"},{"value":"232"}],[{"value":"1156"},{"value":"250"}],[{"value":"1160"},{"value":"209"}],[{"value":"1163"},{"value":"238"}],[{"value":"1169"},{"value":"190"}],[{"value":"1171"},{"value":"234"}],[{"value":"1173"},{"value":"216"}],[{"value":"1174"},{"value":"203"}],[{"value":"1177"},{"value":"214"}],[{"value":"1182"},{"value":"206"}],[{"value":"1185"},{"value":"209"}],[{"value":"1188"},{"value":"214"}],[{"value":"1193"},{"value":"214"}],[{"value":"1197"},{"value":"222"}],[{"value":"1200"},{"value":"210"}],[{"value":"1211"},{"value":"201"}],[{"value":"1212"},{"value":"188"}],[{"value":"1216"},{"value":"188"}],[{"value":"1218"},{"value":"191"}],[{"value":"1220"},{"value":"206"}],[{"value":"1231"},{"value":"194"}],[{"value":"1232"},{"value":"185"}],[{"value":"1238"},{"value":"188"}],[{"value":"1239"},{"value":"177"}],[{"value":"1241"},{"value":"194"}],[{"value":"1243"},{"value":"189"}],[{"value":"1246"},{"value":"202"}],[{"value":"1247"},{"value":"170"}],[{"value":"1251"},{"value":"180"}],[{"value":"1252"},{"value":"203"}],[{"value":"1257"},{"value":"165"}],[{"value":"1267"},{"value":"167"}],[{"value":"1269"},{"value":"179"}],[{"value":"1271"},{"value":"181"}],[{"value":"1273"},{"value":"165"}],[{"value":"1276"},{"value":"170"}],[{"value":"1277"},{"value":"187"}],[{"value":"1279"},{"value":"183"}],[{"value":"1281"},{"value":"192"}],[{"value":"1282"},{"value":"206"}],[{"value":"1286"},{"value":"185"}],[{"value":"1293"},{"value":"185"}],[{"value":"1294"},{"value":"174"}],[{"value":"1301"},{"value":"158"}],[{"value":"1308"},{"value":"147"}],[{"value":"1315"},{"value":"194"}],[{"value":"1320"},{"value":"161"}],[{"value":"1324"},{"value":"139"}],[{"value":"1325"},{"value":"171"}],[{"value":"1326"},{"value":"184"}],[{"value":"1330"},{"value":"180"}],[{"value":"1331"},{"value":"130"}],[{"value":"1334"},{"value":"165"}],[{"value":"1337"},{"value":"165"}],[{"value":"1343"},{"value":"138"}],[{"value":"1346"},{"value":"161"}],[{"value":"1350"},{"value":"168"}],[{"value":"1351"},{"value":"153"}],[{"value":"1354"},{"value":"188"}],[{"value":"1355"},{"value":"163"}],[{"value":"1362"},{"value":"141"}],[{"value":"1363"},{"value":"140"}],[{"value":"1369"},{"value":"158"}],[{"value":"1370"},{"value":"157"}],[{"value":"1372"},{"value":"141"}],[{"value":"1378"},{"value":"162"}],[{"value":"1382"},{"value":"156"}],[{"value":"1383"},{"value":"167"}],[{"value":"1388"},{"value":"155"}],[{"value":"1395"},{"value":"159"}],[{"value":"1396"},{"value":"149"}],[{"value":"1401"},{"value":"168"}],[{"value":"1404"},{"value":"157"}],[{"value":"1409"},{"value":"134"}],[{"value":"1415"},{"value":"156"}],[{"value":"1417"},{"value":"143"}],[{"value":"1420"},{"value":"117"}],[{"value":"1423"},{"value":"149"}],[{"value":"1424"},{"value":"139"}],[{"value":"1425"},{"value":"143"}],[{"value":"1428"},{"value":"142"}],[{"value":"1429"},{"value":"137"}],[{"value":"1440"},{"value":"119"}],[{"value":"1444"},{"value":"129"}],[{"value":"1446"},{"value":"140"}],[{"value":"1447"},{"value":"145"}],[{"value":"1449"},{"value":"128"}],[{"value":"1451"},{"value":"137"}],[{"value":"1455"},{"value":"126"}],[{"value":"1459"},{"value":"133"}],[{"value":"1460"},{"value":"111"}],[{"value":"1462"},{"value":"127"}],[{"value":"1465"},{"value":"107"}],[{"value":"1466"},{"value":"123"}],[{"value":"1468"},{"value":"132"}],[{"value":"1472"},{"value":"128"}],[{"value":"1473"},{"value":"126"}],[{"value":"1475"},{"value":"127"}],[{"value":"1476"},{"value":"121"}],[{"value":"1481"},{"value":"127"}],[{"value":"1482"},{"value":"120"}],[{"value":"1484"},{"value":"133"}],[{"value":"1486"},{"value":"127"}],[{"value":"1487"},{"value":"145"}],[{"value":"1488"},{"value":"114"}],[{"value":"1495"},{"value":"113"}],[{"value":"1496"},{"value":"119"}],[{"value":"1499"},{"value":"123"}],[{"value":"1501"},{"value":"112"}],[{"value":"1502"},{"value":"126"}],[{"value":"1503"},{"value":"129"}],[{"value":"1505"},{"value":"128"}],[{"value":"1507"},{"value":"110"}],[{"value":"1510"},{"value":"132"}],[{"value":"1511"},{"value":"101"}],[{"value":"1514"},{"value":"116"}],[{"value":"1522"},{"value":"126"}],[{"value":"1524"},{"value":"122"}],[{"value":"1525"},{"value":"122"}],[{"value":"1530"},{"value":"137"}],[{"value":"1531"},{"value":"109"}],[{"value":"1533"},{"value":"111"}],[{"value":"1534"},{"value":"93"}],[{"value":"1538"},{"value":"123"}],[{"value":"1547"},{"value":"129"}],[{"value":"1550"},{"value":"93"}],[{"value":"1552"},{"value":"102"}],[{"value":"1556"},{"value":"122"}],[{"value":"1562"},{"value":"102"}],[{"value":"1566"},{"value":"108"}],[{"value":"1567"},{"value":"108"}],[{"value":"1569"},{"value":"114"}],[{"value":"1579"},{"value":"95"}],[{"value":"1583"},{"value":"107"}],[{"value":"1586"},{"value":"108"}],[{"value":"1591"},{"value":"110"}],[{"value":"1592"},{"value":"93"}],[{"value":"1594"},{"value":"103"}],[{"value":"1595"},{"value":"87"}],[{"value":"1605"},{"value":"100"}],[{"value":"1606"},{"value":"101"}],[{"value":"1607"},{"value":"98"}],[{"value":"1614"},{"value":"106"}],[{"value":"1618"},{"value":"116"}],[{"value":"1621"},{"value":"85"}],[{"value":"1627"},{"value":"97"}],[{"value":"1628"},{"value":"102"}],[{"value":"1633"},{"value":"105"}],[{"value":"1639"},{"value":"86"}],[{"value":"1647"},{"value":"99"}],[{"value":"1649"},{"value":"85"}],[{"value":"1659"},{"value":"96"}],[{"value":"1662"},{"value":"86"}],[{"value":"1666"},{"value":"83"}],[{"value":"1668"},{"value":"88"}],[{"value":"1669"},{"value":"74"}],[{"value":"1683"},{"value":"81"}],[{"value":"1685"},{"value":"71"}],[{"value":"1686"},{"value":"81"}],[{"value":"1687"},{"value":"73"}],[{"value":"1691"},{"value":"75"}],[{"value":"1694"},{"value":"82"}],[{"value":"1695"},{"value":"79"}],[{"value":"1698"},{"value":"73"}],[{"value":"1700"},{"value":"81"}],[{"value":"1702"},{"value":"78"}],[{"value":"1708"},{"value":"85"}],[{"value":"1710"},{"value":"88"}],[{"value":"1711"},{"value":"73"}],[{"value":"1713"},{"value":"87"}],[{"value":"1716"},{"value":"75"}],[{"value":"1721"},{"value":"86"}],[{"value":"1722"},{"value":"73"}],[{"value":"1725"},{"value":"92"}],[{"value":"1730"},{"value":"85"}],[{"value":"1731"},{"value":"79"}],[{"value":"1734"},{"value":"80"}],[{"value":"1736"},{"value":"76"}],[{"value":"1742"},{"value":"67"}],[{"value":"1748"},{"value":"80"}],[{"value":"1752"},{"value":"73"}],[{"value":"1754"},{"value":"82"}],[{"value":"1756"},{"value":"79"}],[{"value":"1757"},{"value":"86"}],[{"value":"1758"},{"value":"70"}],[{"value":"1759"},{"value":"72"}],[{"value":"1763"},{"value":"80"}],[{"value":"1765"},{"value":"86"}],[{"value":"1770"},{"value":"67"}],[{"value":"1771"},{"value":"78"}],[{"value":"1772"},{"value":"82"}],[{"value":"1785"},{"value":"71"}],[{"value":"1787"},{"value":"90"}],[{"value":"1791"},{"value":"68"}],[{"value":"1793"},{"value":"73"}],[{"value":"1795"},{"value":"72"}],[{"value":"1796"},{"value":"73"}],[{"value":"1797"},{"value":"71"}],[{"value":"1802"},{"value":"69"}],[{"value":"1809"},{"value":"59"}],[{"value":"1813"},{"value":"68"}],[{"value":"1814"},{"value":"60"}],[{"value":"1816"},{"value":"67"}],[{"value":"1822"},{"value":"67"}],[{"value":"1825"},{"value":"57"}],[{"value":"1829"},{"value":"54"}],[{"value":"1837"},{"value":"64"}],[{"value":"1844"},{"value":"57"}],[{"value":"1845"},{"value":"69"}],[{"value":"1850"},{"value":"59"}],[{"value":"1851"},{"value":"44"}],[{"value":"1855"},{"value":"49"}],[{"value":"1858"},{"value":"47"}],[{"value":"1861"},{"value":"52"}],[{"value":"1866"},{"value":"66"}],[{"value":"1872"},{"value":"58"}],[{"value":"1873"},{"value":"63"}],[{"value":"1877"},{"value":"70"}],[{"value":"1879"},{"value":"62"}],[{"value":"1880"},{"value":"64"}],[{"value":"1882"},{"value":"54"}],[{"value":"1884"},{"value":"41"}],[{"value":"1890"},{"value":"59"}],[{"value":"1892"},{"value":"57"}],[{"value":"1896"},{"value":"49"}],[{"value":"1899"},{"value":"49"}],[{"value":"1900"},{"value":"42"}],[{"value":"1906"},{"value":"61"}],[{"value":"1908"},{"value":"56"}],[{"value":"1912"},{"value":"63"}],[{"value":"1914"},{"value":"62"}],[{"value":"1916"},{"value":"55"}],[{"value":"1919"},{"value":"54"}],[{"value":"1923"},{"value":"52"}],[{"value":"1925"},{"value":"59"}],[{"value":"1928"},{"value":"37"}],[{"value":"1929"},{"value":"65"}],[{"value":"1930"},{"value":"60"}],[{"value":"1931"},{"value":"62"}],[{"value":"1935"},{"value":"50"}],[{"value":"1937"},{"value":"55"}],[{"value":"1943"},{"value":"53"}],[{"value":"1944"},{"value":"50"}],[{"value":"1945"},{"value":"58"}],[{"value":"1946"},{"value":"49"}],[{"value":"1947"},{"value":"55"}],[{"value":"1950"},{"value":"53"}],[{"value":"1951"},{"value":"63"}],[{"value":"1952"},{"value":"45"}],[{"value":"1962"},{"value":"52"}],[{"value":"1963"},{"value":"44"}],[{"value":"1965"},{"value":"50"}],[{"value":"1969"},{"value":"52"}],[{"value":"1972"},{"value":"52"}],[{"value":"1977"},{"value":"41"}],[{"value":"1982"},{"value":"56"}],[{"value":"1984"},{"value":"53"}],[{"value":"1988"},{"value":"54"}],[{"value":"1992"},{"value":"52"}],[{"value":"1997"},{"value":"49"}],[{"value":"1998"},{"value":"50"}],[{"value":"2002"},{"value":"49"}],[{"value":"2010"},{"value":"39"}],[{"value":"2014"},{"value":"22"}],[{"value":"2018"},{"value":"41"}],[{"value":"2019"},{"value":"43"}],[{"value":"2024"},{"value":"48"}],[{"value":"2033"},{"value":"47"}],[{"value":"2039"},{"value":"38"}],[{"value":"2042"},{"value":"43"}],[{"value":"2043"},{"value":"34"}],[{"value":"2047"},{"value":"44"}],[{"value":"2048"},{"value":"45"}],[{"value":"2053"},{"value":"41"}],[{"value":"2055"},{"value":"51"}],[{"value":"2056"},{"value":"49"}],[{"value":"2058"},{"value":"44"}],[{"value":"2059"},{"value":"43"}],[{"value":"2062"},{"value":"43"}],[{"value":"2065"},{"value":"61"}],[{"value":"2066"},{"value":"35"}],[{"value":"2069"},{"value":"50"}],[{"value":"2071"},{"value":"31"}],[{"value":"2072"},{"value":"38"}],[{"value":"2075"},{"value":"34"}],[{"value":"2077"},{"value":"28"}],[{"value":"2079"},{"value":"32"}],[{"value":"2080"},{"value":"46"}],[{"value":"2085"},{"value":"42"}],[{"value":"2091"},{"value":"43"}],[{"value":"2092"},{"value":"46"}],[{"value":"2095"},{"value":"30"}],[{"value":"2098"},{"value":"31"}],[{"value":"2104"},{"value":"32"}],[{"value":"2107"},{"value":"44"}],[{"value":"2121"},{"value":"30"}],[{"value":"2125"},{"value":"34"}],[{"value":"2128"},{"value":"27"}],[{"value":"2129"},{"value":"40"}],[{"value":"2131"},{"value":"39"}],[{"value":"2132"},{"value":"43"}],[{"value":"2138"},{"value":"28"}],[{"value":"2139"},{"value":"24"}],[{"value":"2141"},{"value":"34"}],[{"value":"2143"},{"value":"34"}],[{"value":"2147"},{"value":"34"}],[{"value":"2152"},{"value":"31"}],[{"value":"2154"},{"value":"21"}],[{"value":"2156"},{"value":"34"}],[{"value":"2165"},{"value":"38"}],[{"value":"2168"},{"value":"32"}],[{"value":"2173"},{"value":"26"}],[{"value":"2174"},{"value":"40"}],[{"value":"2175"},{"value":"38"}],[{"value":"2186"},{"value":"28"}],[{"value":"2199"},{"value":"33"}],[{"value":"2200"},{"value":"33"}],[{"value":"2206"},{"value":"39"}],[{"value":"2210"},{"value":"28"}],[{"value":"2214"},{"value":"31"}],[{"value":"2215"},{"value":"27"}],[{"value":"2220"},{"value":"27"}],[{"value":"2222"},{"value":"33"}],[{"value":"2228"},{"value":"29"}],[{"value":"2231"},{"value":"24"}],[{"value":"2232"},{"value":"26"}],[{"value":"2233"},{"value":"35"}],[{"value":"2234"},{"value":"38"}],[{"value":"2235"},{"value":"28"}],[{"value":"2236"},{"value":"36"}],[{"value":"2237"},{"value":"29"}],[{"value":"2240"},{"value":"19"}],[{"value":"2249"},{"value":"30"}],[{"value":"2251"},{"value":"26"}],[{"value":"2253"},{"value":"30"}],[{"value":"2254"},{"value":"33"}],[{"value":"2255"},{"value":"22"}],[{"value":"2257"},{"value":"37"}],[{"value":"2261"},{"value":"29"}],[{"value":"2265"},{"value":"27"}],[{"value":"2266"},{"value":"24"}],[{"value":"2271"},{"value":"28"}],[{"value":"2272"},{"value":"23"}],[{"value":"2274"},{"value":"39"}],[{"value":"2280"},{"value":"26"}],[{"value":"2287"},{"value":"35"}],[{"value":"2288"},{"value":"29"}],[{"value":"2290"},{"value":"31"}],[{"value":"2291"},{"value":"23"}],[{"value":"2292"},{"value":"20"}],[{"value":"2293"},{"value":"24"}],[{"value":"2295"},{"value":"29"}],[{"value":"2300"},{"value":"27"}],[{"value":"2301"},{"value":"26"}],[{"value":"2304"},{"value":"21"}],[{"value":"2305"},{"value":"30"}],[{"value":"2307"},{"value":"20"}],[{"value":"2308"},{"value":"23"}],[{"value":"2312"},{"value":"26"}],[{"value":"2314"},{"value":"18"}],[{"value":"2318"},{"value":"24"}],[{"value":"2320"},{"value":"24"}],[{"value":"2323"},{"value":"36"}],[{"value":"2324"},{"value":"24"}],[{"value":"2325"},{"value":"28"}],[{"value":"2333"},{"value":"21"}],[{"value":"2335"},{"value":"27"}],[{"value":"2336"},{"value":"29"}],[{"value":"2341"},{"value":"27"}],[{"value":"2342"},{"value":"28"}],[{"value":"2353"},{"value":"32"}],[{"value":"2357"},{"value":"28"}],[{"value":"2358"},{"value":"19"}],[{"value":"2359"},{"value":"24"}],[{"value":"2360"},{"value":"26"}],[{"value":"2362"},{"value":"24"}],[{"value":"2363"},{"value":"29"}],[{"value":"2364"},{"value":"22"}],[{"value":"2366"},{"value":"24"}],[{"value":"2367"},{"value":"20"}],[{"value":"2368"},{"value":"22"}],[{"value":"2376"},{"value":"23"}],[{"value":"2378"},{"value":"18"}],[{"value":"2382"},{"value":"16"}],[{"value":"2384"},{"value":"17"}],[{"value":"2386"},{"value":"21"}],[{"value":"2391"},{"value":"14"}],[{"value":"2395"},{"value":"17"}],[{"value":"2401"},{"value":"20"}],[{"value":"2402"},{"value":"14"}],[{"value":"2406"},{"value":"21"}],[{"value":"2408"},{"value":"12"}],[{"value":"2410"},{"value":"23"}],[{"value":"2411"},{"value":"20"}],[{"value":"2413"},{"value":"10"}],[{"value":"2418"},{"value":"20"}],[{"value":"2421"},{"value":"19"}],[{"value":"2422"},{"value":"23"}],[{"value":"2424"},{"value":"19"}],[{"value":"2427"},{"value":"18"}],[{"value":"2435"},{"value":"24"}],[{"value":"2437"},{"value":"27"}],[{"value":"2443"},{"value":"19"}],[{"value":"2447"},{"value":"17"}],[{"value":"2452"},{"value":"14"}],[{"value":"2456"},{"value":"21"}],[{"value":"2457"},{"value":"15"}],[{"value":"2458"},{"value":"18"}],[{"value":"2465"},{"value":"15"}],[{"value":"2466"},{"value":"17"}],[{"value":"2468"},{"value":"20"}],[{"value":"2471"},{"value":"21"}],[{"value":"2474"},{"value":"15"}],[{"value":"2476"},{"value":"15"}],[{"value":"2478"},{"value":"24"}],[{"value":"2479"},{"value":"10"}],[{"value":"2480"},{"value":"23"}],[{"value":"2483"},{"value":"16"}],[{"value":"2485"},{"value":"16"}],[{"value":"2486"},{"value":"15"}],[{"value":"2500"},{"value":"25"}],[{"value":"2502"},{"value":"14"}],[{"value":"2504"},{"value":"22"}],[{"value":"2508"},{"value":"23"}],[{"value":"2509"},{"value":"15"}],[{"value":"2510"},{"value":"13"}],[{"value":"2512"},{"value":"17"}],[{"value":"2516"},{"value":"12"}],[{"value":"2517"},{"value":"11"}],[{"value":"2519"},{"value":"16"}],[{"value":"2520"},{"value":"10"}],[{"value":"2521"},{"value":"12"}],[{"value":"2522"},{"value":"14"}],[{"value":"2523"},{"value":"16"}],[{"value":"2527"},{"value":"19"}],[{"value":"2530"},{"value":"19"}],[{"value":"2532"},{"value":"16"}],[{"value":"2534"},{"value":"21"}],[{"value":"2536"},{"value":"19"}],[{"value":"2538"},{"value":"20"}],[{"value":"2541"},{"value":"11"}],[{"value":"2542"},{"value":"18"}],[{"value":"2543"},{"value":"16"}],[{"value":"2547"},{"value":"15"}],[{"value":"2549"},{"value":"11"}],[{"value":"2551"},{"value":"10"}],[{"value":"2553"},{"value":"16"}],[{"value":"2554"},{"value":"9"}],[{"value":"2560"},{"value":"15"}],[{"value":"2563"},{"value":"17"}],[{"value":"2564"},{"value":"15"}],[{"value":"2566"},{"value":"11"}],[{"value":"2572"},{"value":"19"}],[{"value":"2574"},{"value":"24"}],[{"value":"2586"},{"value":"13"}],[{"value":"2587"},{"value":"13"}],[{"value":"2588"},{"value":"11"}],[{"value":"2589"},{"value":"15"}],[{"value":"2591"},{"value":"13"}],[{"value":"2595"},{"value":"10"}],[{"value":"2598"},{"value":"18"}],[{"value":"2599"},{"value":"12"}],[{"value":"2602"},{"value":"12"}],[{"value":"2605"},{"value":"10"}],[{"value":"2610"},{"value":"21"}],[{"value":"2611"},{"value":"13"}],[{"value":"2621"},{"value":"17"}],[{"value":"2623"},{"value":"15"}],[{"value":"2629"},{"value":"17"}],[{"value":"2630"},{"value":"9"}],[{"value":"2632"},{"value":"9"}],[{"value":"2634"},{"value":"16"}],[{"value":"2638"},{"value":"7"}],[{"value":"2639"},{"value":"15"}],[{"value":"2641"},{"value":"13"}],[{"value":"2644"},{"value":"9"}],[{"value":"2647"},{"value":"15"}],[{"value":"2658"},{"value":"11"}],[{"value":"2660"},{"value":"10"}],[{"value":"2669"},{"value":"17"}],[{"value":"2675"},{"value":"9"}],[{"value":"2677"},{"value":"14"}],[{"value":"2687"},{"value":"9"}],[{"value":"2690"},{"value":"12"}],[{"value":"2691"},{"value":"13"}],[{"value":"2692"},{"value":"16"}],[{"value":"2700"},{"value":"10"}],[{"value":"2710"},{"value":"11"}],[{"value":"2716"},{"value":"8"}],[{"value":"2718"},{"value":"13"}],[{"value":"2719"},{"value":"6"}],[{"value":"2723"},{"value":"12"}],[{"value":"2728"},{"value":"8"}],[{"value":"2730"},{"value":"10"}],[{"value":"2731"},{"value":"14"}],[{"value":"2733"},{"value":"7"}],[{"value":"2734"},{"value":"11"}],[{"value":"2738"},{"value":"6"}],[{"value":"2739"},{"value":"13"}],[{"value":"2743"},{"value":"5"}],[{"value":"2751"},{"value":"7"}],[{"value":"2752"},{"value":"10"}],[{"value":"2756"},{"value":"9"}],[{"value":"2757"},{"value":"13"}],[{"value":"2759"},{"value":"10"}],[{"value":"2760"},{"value":"9"}],[{"value":"2763"},{"value":"7"}],[{"value":"2769"},{"value":"13"}],[{"value":"2771"},{"value":"1"}],[{"value":"2772"},{"value":"1"}],[{"value":"2775"},{"value":"10"}],[{"value":"2777"},{"value":"7"}],[{"value":"2779"},{"value":"4"}],[{"value":"2781"},{"value":"6"}],[{"value":"2788"},{"value":"7"}],[{"value":"2790"},{"value":"13"}],[{"value":"2795"},{"value":"8"}],[{"value":"2808"},{"value":"4"}],[{"value":"2812"},{"value":"8"}],[{"value":"2814"},{"value":"3"}],[{"value":"2819"},{"value":"8"}],[{"value":"2820"},{"value":"3"}],[{"value":"2821"},{"value":"4"}],[{"value":"2825"},{"value":"5"}],[{"value":"2832"},{"value":"9"}],[{"value":"2836"},{"value":"3"}],[{"value":"2837"},{"value":"6"}],[{"value":"2838"},{"value":"6"}],[{"value":"2841"},{"value":"7"}],[{"value":"2852"},{"value":"7"}],[{"value":"2854"},{"value":"4"}],[{"value":"2858"},{"value":"6"}],[{"value":"2859"},{"value":"9"}],[{"value":"2860"},{"value":"6"}],[{"value":"2861"},{"value":"10"}],[{"value":"2862"},{"value":"4"}],[{"value":"2864"},{"value":"5"}],[{"value":"2867"},{"value":"11"}],[{"value":"2868"},{"value":"9"}],[{"value":"2869"},{"value":"6"}],[{"value":"2872"},{"value":"3"}],[{"value":"2874"},{"value":"5"}],[{"value":"2876"},{"value":"6"}],[{"value":"2877"},{"value":"4"}],[{"value":"2879"},{"value":"8"}],[{"value":"2881"},{"value":"4"}],[{"value":"2883"},{"value":"5"}],[{"value":"2889"},{"value":"4"}],[{"value":"2890"},{"value":"3"}],[{"value":"2894"},{"value":"1"}],[{"value":"2904"},{"value":"1"}],[{"value":"2905"},{"value":"4"}],[{"value":"2910"},{"value":"7"}],[{"value":"2911"},{"value":"5"}],[{"value":"2914"},{"value":"6"}],[{"value":"2916"},{"value":"8"}],[{"value":"2918"},{"value":"3"}],[{"value":"2920"},{"value":"5"}],[{"value":"2923"},{"value":"4"}],[{"value":"2925"},{"value":"2"}],[{"value":"2930"},{"value":"6"}],[{"value":"2932"},{"value":"2"}],[{"value":"2933"},{"value":"13"}],[{"value":"2934"},{"value":"3"}],[{"value":"2936"},{"value":"5"}],[{"value":"2938"},{"value":"9"}],[{"value":"2940"},{"value":"3"}],[{"value":"2947"},{"value":"4"}],[{"value":"2948"},{"value":"4"}],[{"value":"2949"},{"value":"4"}],[{"value":"2952"},{"value":"1"}],[{"value":"2954"},{"value":"3"}],[{"value":"2955"},{"value":"2"}],[{"value":"2956"},{"value":"4"}],[{"value":"2959"},{"value":"7"}],[{"value":"2961"},{"value":"6"}],[{"value":"2962"},{"value":"5"}],[{"value":"2964"},{"value":"10"}],[{"value":"2967"},{"value":"2"}],[{"value":"2978"},{"value":"4"}],[{"value":"2980"},{"value":"2"}],[{"value":"2984"},{"value":"2"}],[{"value":"2985"},{"value":"4"}],[{"value":"2995"},{"value":"1"}],[{"value":"3010"},{"value":"3"}],[{"value":"3015"},{"value":"4"}],[{"value":"3020"},{"value":"2"}],[{"value":"3022"},{"value":"1"}],[{"value":"3023"},{"value":"1"}],[{"value":"3027"},{"value":"8"}],[{"value":"3028"},{"value":"3"}],[{"value":"3031"},{"value":"8"}],[{"value":"3034"},{"value":"4"}],[{"value":"3040"},{"value":"2"}],[{"value":"3043"},{"value":"1"}],[{"value":"3044"},{"value":"8"}],[{"value":"3048"},{"value":"3"}],[{"value":"3049"},{"value":"2"}],[{"value":"3056"},{"value":"3"}],[{"value":"3058"},{"value":"3"}],[{"value":"3061"},{"value":"6"}],[{"value":"3064"},{"value":"3"}],[{"value":"3065"},{"value":"3"}],[{"value":"3066"},{"value":"8"}],[{"value":"3068"},{"value":"2"}],[{"value":"3069"},{"value":"4"}],[{"value":"3072"},{"value":"5"}],[{"value":"3073"},{"value":"4"}],[{"value":"3075"},{"value":"2"}],[{"value":"3085"},{"value":"4"}],[{"value":"3087"},{"value":"5"}],[{"value":"3089"},{"value":"5"}],[{"value":"3092"},{"value":"2"}],[{"value":"3094"},{"value":"7"}],[{"value":"3096"},{"value":"6"}],[{"value":"3101"},{"value":"5"}],[{"value":"3103"},{"value":"4"}],[{"value":"3109"},{"value":"3"}],[{"value":"3110"},{"value":"4"}],[{"value":"3114"},{"value":"4"}],[{"value":"3118"},{"value":"3"}],[{"value":"3119"},{"value":"4"}],[{"value":"3126"},{"value":"4"}],[{"value":"3129"},{"value":"2"}],[{"value":"3135"},{"value":"5"}],[{"value":"3136"},{"value":"1"}],[{"value":"3137"},{"value":"3"}],[{"value":"3140"},{"value":"3"}]],"columnNames":[{"name":"trip_duration","index":0,"aggr":"sum"},{"name":"a.trip_count","index":1,"aggr":"sum"}],"rows":[["61","93"],["63","85"],["65","83"],["66","95"],["70","113"],["76","142"],["77","128"],["80","146"],["87","182"],["89","199"],["90","208"],["91","224"],["93","221"],["98","233"],["103","257"],["118","402"],["125","405"],["127","433"],["128","416"],["129","445"],["130","431"],["132","473"],["133","449"],["137","506"],["142","516"],["145","583"],["153","604"],["156","598"],["167","669"],["170","699"],["172","663"],["176","697"],["178","783"],["179","720"],["187","783"],["191","789"],["193","788"],["194","862"],["195","830"],["199","840"],["201","892"],["202","888"],["203","860"],["204","905"],["206","864"],["210","905"],["219","913"],["220","939"],["229","931"],["233","1003"],["238","918"],["239","1012"],["242","1037"],["245","1030"],["247","1041"],["249","966"],["250","1005"],["258","1021"],["262","1034"],["264","1078"],["266","1077"],["269","1088"],["285","1087"],["290","1123"],["292","1144"],["295","1058"],["299","1052"],["300","1189"],["301","1093"],["303","1102"],["305","1083"],["311","1172"],["316","1153"],["318","1146"],["320","1134"],["324","1083"],["329","1103"],["330","1094"],["336","1182"],["345","1119"],["346","1126"],["347","1148"],["350","1157"],["352","1079"],["353","1162"],["356","1127"],["357","1127"],["362","1060"],["367","1088"],["375","1090"],["376","1088"],["380","1107"],["381","1068"],["382","1090"],["385","1058"],["389","1158"],["390","1064"],["395","1081"],["398","1067"],["400","1088"],["402","1108"],["404","1098"],["406","1024"],["407","975"],["408","1064"],["411","1048"],["413","1050"],["414","1034"],["416","1058"],["421","1061"],["426","1064"],["431","1043"],["432","1084"],["437","1032"],["438","957"],["441","1008"],["442","1023"],["446","1035"],["447","989"],["455","1023"],["461","933"],["462","964"],["468","998"],["470","1001"],["475","874"],["476","982"],["477","974"],["483","1002"],["484","912"],["489","971"],["491","944"],["495","910"],["496","984"],["499","896"],["501","914"],["507","887"],["510","935"],["512","880"],["526","891"],["530","876"],["534","849"],["538","857"],["539","868"],["541","845"],["543","870"],["544","823"],["546","842"],["547","839"],["549","794"],["553","842"],["554","823"],["556","819"],["559","787"],["564","791"],["569","840"],["572","799"],["573","784"],["579","697"],["584","722"],["585","787"],["586","798"],["587","760"],["589","788"],["591","783"],["597","734"],["599","755"],["601","754"],["602","723"],["603","715"],["604","733"],["605","728"],["606","733"],["609","721"],["619","667"],["620","709"],["623","650"],["626","713"],["629","707"],["630","677"],["633","629"],["637","710"],["639","612"],["641","711"],["642","684"],["645","698"],["654","650"],["655","606"],["660","614"],["663","643"],["665","604"],["666","643"],["668","613"],["669","639"],["673","595"],["676","622"],["678","570"],["682","617"],["689","592"],["690","576"],["694","597"],["695","588"],["696","556"],["703","579"],["705","584"],["708","592"],["710","612"],["711","589"],["713","587"],["716","570"],["720","554"],["722","589"],["723","547"],["724","539"],["728","580"],["729","492"],["730","530"],["732","508"],["733","531"],["737","566"],["738","526"],["739","520"],["740","514"],["744","532"],["745","500"],["746","516"],["747","528"],["748","499"],["749","513"],["752","497"],["756","499"],["757","500"],["763","507"],["770","474"],["772","478"],["773","484"],["774","528"],["775","518"],["782","478"],["783","529"],["787","494"],["790","458"],["793","482"],["795","452"],["797","445"],["803","462"],["804","434"],["809","439"],["813","435"],["815","405"],["817","449"],["825","450"],["827","400"],["828","413"],["832","421"],["837","414"],["839","457"],["845","389"],["847","409"],["849","415"],["853","407"],["863","356"],["866","376"],["867","375"],["868","423"],["869","380"],["870","403"],["871","392"],["872","390"],["873","391"],["875","399"],["876","427"],["877","377"],["880","386"],["883","407"],["885","337"],["886","391"],["891","378"],["892","361"],["897","339"],["898","394"],["901","374"],["911","367"],["912","350"],["913","356"],["917","364"],["921","382"],["923","327"],["929","374"],["930","342"],["931","333"],["934","330"],["935","359"],["942","323"],["947","317"],["948","322"],["949","338"],["951","326"],["952","327"],["955","294"],["962","319"],["966","322"],["968","306"],["971","317"],["981","329"],["983","288"],["987","290"],["995","293"],["996","298"],["999","298"],["1001","289"],["1002","314"],["1004","318"],["1006","273"],["1008","266"],["1009","315"],["1011","291"],["1020","281"],["1023","267"],["1024","284"],["1027","323"],["1030","307"],["1031","314"],["1032","263"],["1033","290"],["1035","293"],["1037","264"],["1039","271"],["1042","285"],["1045","270"],["1046","268"],["1049","264"],["1053","242"],["1057","243"],["1060","265"],["1061","259"],["1064","273"],["1065","276"],["1067","251"],["1069","251"],["1071","255"],["1073","264"],["1076","251"],["1079","256"],["1086","229"],["1088","274"],["1093","231"],["1094","246"],["1095","279"],["1096","230"],["1097","254"],["1099","247"],["1101","251"],["1102","261"],["1103","236"],["1107","248"],["1108","242"],["1109","249"],["1112","242"],["1113","225"],["1115","243"],["1122","226"],["1125","270"],["1127","246"],["1129","238"],["1131","247"],["1135","253"],["1137","198"],["1138","206"],["1144","247"],["1145","239"],["1146","232"],["1150","219"],["1154","232"],["1156","250"],["1160","209"],["1163","238"],["1169","190"],["1171","234"],["1173","216"],["1174","203"],["1177","214"],["1182","206"],["1185","209"],["1188","214"],["1193","214"],["1197","222"],["1200","210"],["1211","201"],["1212","188"],["1216","188"],["1218","191"],["1220","206"],["1231","194"],["1232","185"],["1238","188"],["1239","177"],["1241","194"],["1243","189"],["1246","202"],["1247","170"],["1251","180"],["1252","203"],["1257","165"],["1267","167"],["1269","179"],["1271","181"],["1273","165"],["1276","170"],["1277","187"],["1279","183"],["1281","192"],["1282","206"],["1286","185"],["1293","185"],["1294","174"],["1301","158"],["1308","147"],["1315","194"],["1320","161"],["1324","139"],["1325","171"],["1326","184"],["1330","180"],["1331","130"],["1334","165"],["1337","165"],["1343","138"],["1346","161"],["1350","168"],["1351","153"],["1354","188"],["1355","163"],["1362","141"],["1363","140"],["1369","158"],["1370","157"],["1372","141"],["1378","162"],["1382","156"],["1383","167"],["1388","155"],["1395","159"],["1396","149"],["1401","168"],["1404","157"],["1409","134"],["1415","156"],["1417","143"],["1420","117"],["1423","149"],["1424","139"],["1425","143"],["1428","142"],["1429","137"],["1440","119"],["1444","129"],["1446","140"],["1447","145"],["1449","128"],["1451","137"],["1455","126"],["1459","133"],["1460","111"],["1462","127"],["1465","107"],["1466","123"],["1468","132"],["1472","128"],["1473","126"],["1475","127"],["1476","121"],["1481","127"],["1482","120"],["1484","133"],["1486","127"],["1487","145"],["1488","114"],["1495","113"],["1496","119"],["1499","123"],["1501","112"],["1502","126"],["1503","129"],["1505","128"],["1507","110"],["1510","132"],["1511","101"],["1514","116"],["1522","126"],["1524","122"],["1525","122"],["1530","137"],["1531","109"],["1533","111"],["1534","93"],["1538","123"],["1547","129"],["1550","93"],["1552","102"],["1556","122"],["1562","102"],["1566","108"],["1567","108"],["1569","114"],["1579","95"],["1583","107"],["1586","108"],["1591","110"],["1592","93"],["1594","103"],["1595","87"],["1605","100"],["1606","101"],["1607","98"],["1614","106"],["1618","116"],["1621","85"],["1627","97"],["1628","102"],["1633","105"],["1639","86"],["1647","99"],["1649","85"],["1659","96"],["1662","86"],["1666","83"],["1668","88"],["1669","74"],["1683","81"],["1685","71"],["1686","81"],["1687","73"],["1691","75"],["1694","82"],["1695","79"],["1698","73"],["1700","81"],["1702","78"],["1708","85"],["1710","88"],["1711","73"],["1713","87"],["1716","75"],["1721","86"],["1722","73"],["1725","92"],["1730","85"],["1731","79"],["1734","80"],["1736","76"],["1742","67"],["1748","80"],["1752","73"],["1754","82"],["1756","79"],["1757","86"],["1758","70"],["1759","72"],["1763","80"],["1765","86"],["1770","67"],["1771","78"],["1772","82"],["1785","71"],["1787","90"],["1791","68"],["1793","73"],["1795","72"],["1796","73"],["1797","71"],["1802","69"],["1809","59"],["1813","68"],["1814","60"],["1816","67"],["1822","67"],["1825","57"],["1829","54"],["1837","64"],["1844","57"],["1845","69"],["1850","59"],["1851","44"],["1855","49"],["1858","47"],["1861","52"],["1866","66"],["1872","58"],["1873","63"],["1877","70"],["1879","62"],["1880","64"],["1882","54"],["1884","41"],["1890","59"],["1892","57"],["1896","49"],["1899","49"],["1900","42"],["1906","61"],["1908","56"],["1912","63"],["1914","62"],["1916","55"],["1919","54"],["1923","52"],["1925","59"],["1928","37"],["1929","65"],["1930","60"],["1931","62"],["1935","50"],["1937","55"],["1943","53"],["1944","50"],["1945","58"],["1946","49"],["1947","55"],["1950","53"],["1951","63"],["1952","45"],["1962","52"],["1963","44"],["1965","50"],["1969","52"],["1972","52"],["1977","41"],["1982","56"],["1984","53"],["1988","54"],["1992","52"],["1997","49"],["1998","50"],["2002","49"],["2010","39"],["2014","22"],["2018","41"],["2019","43"],["2024","48"],["2033","47"],["2039","38"],["2042","43"],["2043","34"],["2047","44"],["2048","45"],["2053","41"],["2055","51"],["2056","49"],["2058","44"],["2059","43"],["2062","43"],["2065","61"],["2066","35"],["2069","50"],["2071","31"],["2072","38"],["2075","34"],["2077","28"],["2079","32"],["2080","46"],["2085","42"],["2091","43"],["2092","46"],["2095","30"],["2098","31"],["2104","32"],["2107","44"],["2121","30"],["2125","34"],["2128","27"],["2129","40"],["2131","39"],["2132","43"],["2138","28"],["2139","24"],["2141","34"],["2143","34"],["2147","34"],["2152","31"],["2154","21"],["2156","34"],["2165","38"],["2168","32"],["2173","26"],["2174","40"],["2175","38"],["2186","28"],["2199","33"],["2200","33"],["2206","39"],["2210","28"],["2214","31"],["2215","27"],["2220","27"],["2222","33"],["2228","29"],["2231","24"],["2232","26"],["2233","35"],["2234","38"],["2235","28"],["2236","36"],["2237","29"],["2240","19"],["2249","30"],["2251","26"],["2253","30"],["2254","33"],["2255","22"],["2257","37"],["2261","29"],["2265","27"],["2266","24"],["2271","28"],["2272","23"],["2274","39"],["2280","26"],["2287","35"],["2288","29"],["2290","31"],["2291","23"],["2292","20"],["2293","24"],["2295","29"],["2300","27"],["2301","26"],["2304","21"],["2305","30"],["2307","20"],["2308","23"],["2312","26"],["2314","18"],["2318","24"],["2320","24"],["2323","36"],["2324","24"],["2325","28"],["2333","21"],["2335","27"],["2336","29"],["2341","27"],["2342","28"],["2353","32"],["2357","28"],["2358","19"],["2359","24"],["2360","26"],["2362","24"],["2363","29"],["2364","22"],["2366","24"],["2367","20"],["2368","22"],["2376","23"],["2378","18"],["2382","16"],["2384","17"],["2386","21"],["2391","14"],["2395","17"],["2401","20"],["2402","14"],["2406","21"],["2408","12"],["2410","23"],["2411","20"],["2413","10"],["2418","20"],["2421","19"],["2422","23"],["2424","19"],["2427","18"],["2435","24"],["2437","27"],["2443","19"],["2447","17"],["2452","14"],["2456","21"],["2457","15"],["2458","18"],["2465","15"],["2466","17"],["2468","20"],["2471","21"],["2474","15"],["2476","15"],["2478","24"],["2479","10"],["2480","23"],["2483","16"],["2485","16"],["2486","15"],["2500","25"],["2502","14"],["2504","22"],["2508","23"],["2509","15"],["2510","13"],["2512","17"],["2516","12"],["2517","11"],["2519","16"],["2520","10"],["2521","12"],["2522","14"],["2523","16"],["2527","19"],["2530","19"],["2532","16"],["2534","21"],["2536","19"],["2538","20"],["2541","11"],["2542","18"],["2543","16"],["2547","15"],["2549","11"],["2551","10"],["2553","16"],["2554","9"],["2560","15"],["2563","17"],["2564","15"],["2566","11"],["2572","19"],["2574","24"],["2586","13"],["2587","13"],["2588","11"],["2589","15"],["2591","13"],["2595","10"],["2598","18"],["2599","12"],["2602","12"],["2605","10"],["2610","21"],["2611","13"],["2621","17"],["2623","15"],["2629","17"],["2630","9"],["2632","9"],["2634","16"],["2638","7"],["2639","15"],["2641","13"],["2644","9"],["2647","15"],["2658","11"],["2660","10"],["2669","17"],["2675","9"],["2677","14"],["2687","9"],["2690","12"],["2691","13"],["2692","16"],["2700","10"],["2710","11"],["2716","8"],["2718","13"],["2719","6"],["2723","12"],["2728","8"],["2730","10"],["2731","14"],["2733","7"],["2734","11"],["2738","6"],["2739","13"],["2743","5"],["2751","7"],["2752","10"],["2756","9"],["2757","13"],["2759","10"],["2760","9"],["2763","7"],["2769","13"],["2771","1"],["2772","1"],["2775","10"],["2777","7"],["2779","4"],["2781","6"],["2788","7"],["2790","13"],["2795","8"],["2808","4"],["2812","8"],["2814","3"],["2819","8"],["2820","3"],["2821","4"],["2825","5"],["2832","9"],["2836","3"],["2837","6"],["2838","6"],["2841","7"],["2852","7"],["2854","4"],["2858","6"],["2859","9"],["2860","6"],["2861","10"],["2862","4"],["2864","5"],["2867","11"],["2868","9"],["2869","6"],["2872","3"],["2874","5"],["2876","6"],["2877","4"],["2879","8"],["2881","4"],["2883","5"],["2889","4"],["2890","3"],["2894","1"],["2904","1"],["2905","4"],["2910","7"],["2911","5"],["2914","6"],["2916","8"],["2918","3"],["2920","5"],["2923","4"],["2925","2"],["2930","6"],["2932","2"],["2933","13"],["2934","3"],["2936","5"],["2938","9"],["2940","3"],["2947","4"],["2948","4"],["2949","4"],["2952","1"],["2954","3"],["2955","2"],["2956","4"],["2959","7"],["2961","6"],["2962","5"],["2964","10"],["2967","2"],["2978","4"],["2980","2"],["2984","2"],["2985","4"],["2995","1"],["3010","3"],["3015","4"],["3020","2"],["3022","1"],["3023","1"],["3027","8"],["3028","3"],["3031","8"],["3034","4"],["3040","2"],["3043","1"],["3044","8"],["3048","3"],["3049","2"],["3056","3"],["3058","3"],["3061","6"],["3064","3"],["3065","3"],["3066","8"],["3068","2"],["3069","4"],["3072","5"],["3073","4"],["3075","2"],["3085","4"],["3087","5"],["3089","5"],["3092","2"],["3094","7"],["3096","6"],["3101","5"],["3103","4"],["3109","3"],["3110","4"],["3114","4"],["3118","3"],["3119","4"],["3126","4"],["3129","2"],["3135","5"],["3136","1"],["3137","3"],["3140","3"]]},"dateCreated":"Jun 9, 2017 4:22:16 PM","dateStarted":"Jun 13, 2017 8:29:48 AM","dateFinished":"Jun 13, 2017 8:29:56 AM","status":"FINISHED","progressUpdateIntervalMs":500,"$$hashKey":"object:208"},{"text":"%md\n#Next Steps\n\nSo far, we\n\n1) have downloaded a Citi Bike data zip and created csv files. Then we stored the data into the Object Storage. \n2) set up a Hive table using the Hive command line\n3) queried Hive via Zepellin's Hive Interpreter\n\nIn the next Demo we use Spark for processing and query. \n","authenticationInfo":{},"dateUpdated":"Jun 13, 2017 8:36:23 AM","config":{"colWidth":12,"editorMode":"ace/mode/scala","editorHide":true,"graph":{"mode":"table","height":300,"optionOpen":false,"keys":[],"values":[],"groups":[],"scatter":{}},"enabled":true},"settings":{"params":{},"forms":{}},"jobName":"paragraph_1497039736892_-1230090784","id":"20170424-124511_581308949","result":{"code":"SUCCESS","type":"HTML","msg":"<h1>Next Steps</h1>\n<p>So far, we</p>\n<p>1) have downloaded a Citi Bike data zip and created csv files. Then we stored the data into the Object Storage.\n<br  />2) set up a Hive table using the Hive command line\n<br  />3) queried Hive via Zepellin's Hive Interpreter</p>\n<p>In the next Demo we use Spark for processing and query.</p>\n"},"dateCreated":"Jun 9, 2017 4:22:16 PM","dateStarted":"Jun 13, 2017 8:36:22 AM","dateFinished":"Jun 13, 2017 8:36:22 AM","status":"FINISHED","progressUpdateIntervalMs":500,"$$hashKey":"object:209"},{"dateUpdated":"Jun 9, 2017 4:22:16 PM","config":{"colWidth":12,"graph":{"mode":"table","height":300,"optionOpen":false,"keys":[],"values":[],"groups":[],"scatter":{}},"enabled":true,"editorMode":"ace/mode/scala"},"settings":{"params":{},"forms":{}},"jobName":"paragraph_1497039736892_-1230090784","id":"20170512-135039_1163275536","dateCreated":"Jun 9, 2017 4:22:16 PM","status":"READY","errorMessage":"","progressUpdateIntervalMs":500,"$$hashKey":"object:210"}],"name":" Tutorial 5 Working with the Hive Interpreter","id":"2CKGJP16B","angularObjects":{"2CKYUH771":[],"2CHQCE7WB":[],"2CM73VNZC":[],"2CJ9M7X3E":[],"2CM9MFPDC":[],"2CKUFFGB5":[],"2CH76629W":[],"2CJ6JMU49":[],"2CMM8Y2GW":[]},"config":{"looknfeel":"default"},"info":{}}