{"paragraphs":[{"text":"%md\n#Tutorial 1 - Notebook Basics\n\nWelcome to Oracle Big Data Cloud Service - Compute Edition (BDCS-CE).\n\nThis tutorial was built for BDCS-CE version 17.2.5.  If you are using a later version of BDCS-CE, please look for a newer version of this tutorial notebook in the New Data Lake section at <https://github.com/oracle/learning-library/tree/master/workshops/journey2-new-data-lake>.  Questions and feedback about the tutorial: <david.bayard@oracle.com>\n\n**Contents**\n+ About Zeppelin and Interpreters\n+ About the Markdown Interpreter\n+ About the Shell Interpreter\n+ A few Zepellin tricks (printing, restarting, viewing logs)\n+ Next Steps\n\nAs a reminder, the documentation for BDCS-CE can be found here: <http://docs.oracle.com/cloud/latest/big-data-compute-cloud/index.html>\n","authenticationInfo":{},"dateUpdated":"Jun 9, 2017 4:50:29 PM","config":{"editorSetting":{"language":"text","editOnDblClick":false},"colWidth":12,"editorMode":"ace/mode/text","editorHide":true,"results":{},"enabled":true,"graph":{"mode":"table","height":300,"optionOpen":false,"keys":[],"values":[],"groups":[],"scatter":{}}},"settings":{"params":{},"forms":{}},"jobName":"paragraph_1497040511143_-2115667261","id":"20170310-124403_2105432248","result":{"code":"SUCCESS","type":"HTML","msg":"<h1>Tutorial 1 - Notebook Basics</h1>\n<p>Welcome to Oracle Big Data Cloud Service - Compute Edition (BDCS-CE).</p>\n<p>This tutorial was built for BDCS-CE version 17.2.5.  If you are using a later version of BDCS-CE, please look for a newer version of this tutorial notebook in the New Data Lake section at <a href=\"https://github.com/oracle/learning-library/tree/master/workshops/journey2-new-data-lake\">https://github.com/oracle/learning-library/tree/master/workshops/journey2-new-data-lake</a>.  Questions and feedback about the tutorial: <a href=\"&#x6d;&#97;&#105;&#x6c;&#116;&#111;&#x3a;d&#97;&#x76;&#105;&#x64;&#x2e;&#98;&#97;&#x79;&#x61;&#x72;&#x64;&#x40;&#x6f;r&#97;&#99;&#108;&#x65;&#46;&#x63;&#111;&#109;\">&#x64;&#97;&#x76;&#105;&#x64;&#x2e;&#98;&#97;&#x79;&#97;&#114;&#x64;&#x40;&#111;&#114;&#x61;&#99;&#x6c;&#x65;&#46;&#99;&#111;&#109;</a></p>\n<p><strong>Contents</strong></p>\n<ul>\n<li>About Zeppelin and Interpreters</li>\n<li>About the Markdown Interpreter</li>\n<li>About the Shell Interpreter</li>\n<li>A few Zepellin tricks (printing, restarting, viewing logs)</li>\n<li>Next Steps</li>\n</ul>\n<p>As a reminder, the documentation for BDCS-CE can be found here: <a href=\"http://docs.oracle.com/cloud/latest/big-data-compute-cloud/index.html\">http://docs.oracle.com/cloud/latest/big-data-compute-cloud/index.html</a></p>\n"},"dateCreated":"Jun 9, 2017 4:35:11 PM","dateStarted":"Jun 9, 2017 4:36:37 PM","dateFinished":"Jun 9, 2017 4:36:37 PM","status":"FINISHED","progressUpdateIntervalMs":500,"$$hashKey":"object:199"},{"text":"%md\n#About Zeppelin Notes and Paragraphs\n\nBDCS-CE includes a built-in Zeppelin notebook.  Currently, BDCS-CE is using Zeppelin version 0.6.0.  You can more about Zeppelin here <https://zeppelin.apache.org/docs/0.6.0/>\n\nTo get started, please review the quick overview about Notes and how to interact with them here: <https://zeppelin.apache.org/docs/0.6.0/quickstart/explorezeppelinui.html#note-layout>\n\n    Make sure you have reviewed the above overview and know about Zeppelin Notes and Paragraphs and the UI controls to work with them before continuing.\n\n\n","authenticationInfo":{},"dateUpdated":"Jun 12, 2017 3:14:56 PM","config":{"colWidth":12,"editorMode":"ace/mode/markdown","editorHide":true,"graph":{"mode":"table","height":300,"optionOpen":false,"keys":[],"values":[],"groups":[],"scatter":{}},"enabled":true},"settings":{"params":{},"forms":{}},"jobName":"paragraph_1497040511143_-2115667261","id":"20170314-111138_1763825608","result":{"code":"SUCCESS","type":"HTML","msg":"<h1>About Zeppelin Notes and Paragraphs</h1>\n<p>BDCS-CE includes a built-in Zeppelin notebook.  Currently, BDCS-CE is using Zeppelin version 0.6.0.  You can more about Zeppelin here <a href=\"https://zeppelin.apache.org/docs/0.6.0/\">https://zeppelin.apache.org/docs/0.6.0/</a></p>\n<p>To get started, please review the quick overview about Notes and how to interact with them here: <a href=\"https://zeppelin.apache.org/docs/0.6.0/quickstart/explorezeppelinui.html#note-layout\">https://zeppelin.apache.org/docs/0.6.0/quickstart/explorezeppelinui.html#note-layout</a></p>\n<pre><code>Make sure you have reviewed the above overview and know about Zeppelin Notes and Paragraphs and the UI controls to work with them before continuing.\n</code></pre>\n"},"dateCreated":"Jun 9, 2017 4:35:11 PM","dateStarted":"Jun 12, 2017 3:14:50 PM","dateFinished":"Jun 12, 2017 3:14:50 PM","status":"FINISHED","progressUpdateIntervalMs":500,"$$hashKey":"object:200"},{"text":"%md\n#About Interpreters\nThe Zeppelin notebook is powered by Interpreters, which allow various technologies to be combined into a single, easily documented environment.  The Interpreters currently offered with this version of BDCS-CE are\n+ Markdown (%md)\n+ Shell (%sh)\n+ Spark with Scala (%spark)\n+ Spark with Python (%pyspark)\n+ Spark SQL (%sql)\n+ Hive (%hive)\n+ JDBC (%jdbc)\n\nIn this tutorial, we will introduce you to the Markdown and Shell Interpreters.\n","authenticationInfo":{},"dateUpdated":"Jun 12, 2017 3:11:22 PM","config":{"colWidth":12,"graph":{"mode":"table","height":300,"optionOpen":false,"keys":[],"values":[],"groups":[],"scatter":{}},"enabled":true,"editorMode":"ace/mode/markdown","editorHide":true},"settings":{"params":{},"forms":{}},"jobName":"paragraph_1497294648828_-1585842727","id":"20170612-151048_1275148861","result":{"code":"SUCCESS","type":"HTML","msg":"<h1>About Interpreters</h1>\n<p>The Zeppelin notebook is powered by Interpreters, which allow various technologies to be combined into a single, easily documented environment.  The Interpreters currently offered with this version of BDCS-CE are</p>\n<ul>\n<li>Markdown (%md)</li>\n<li>Shell (%sh)</li>\n<li>Spark with Scala (%spark)</li>\n<li>Spark with Python (%pyspark)</li>\n<li>Spark SQL (%sql)</li>\n<li>Hive (%hive)</li>\n<li>JDBC (%jdbc)</li>\n</ul>\n<p>In this tutorial, we will introduce you to the Markdown and Shell Interpreters.</p>\n"},"dateCreated":"Jun 12, 2017 3:10:48 PM","dateStarted":"Jun 12, 2017 3:11:19 PM","dateFinished":"Jun 12, 2017 3:11:19 PM","status":"FINISHED","progressUpdateIntervalMs":500,"$$hashKey":"object:201"},{"text":"%md\n#About the Markdown Interpreter (%md)\nThe Markdown interpreter is used to add documentation to your notebooks.  To create a paragraph using the Markdown interpreter, use %md for the first line in the code editor.\n\nDetails about the markdown interpreter can be found here: <https://zeppelin.apache.org/docs/0.6.0/interpreter/markdown.html>\n\n####Some simple examples...\n\n**Add Emphasis** using one or more \\*\n\nCreate a list using \\+\n+ item\n+ item\n+ item\n\n\n\nFor more, check out the Markdown cheatsheet at <https://github.com/adam-p/markdown-here/wiki/Markdown-Cheatsheet>\n\n_Hint: Show the editor for this paragraph to see the actual Markdown code used_\n![ZeppelinCode](https://raw.githubusercontent.com/oracle/learning-library/master/workshops/journey2-new-data-lake/images/300/ZeppelinCodeEditor.gif \"Showing the code editor\")","authenticationInfo":{},"dateUpdated":"Jun 12, 2017 3:19:46 PM","config":{"colWidth":12,"editorMode":"ace/mode/markdown","editorHide":true,"graph":{"mode":"table","height":300,"optionOpen":false,"keys":[],"values":[],"groups":[],"scatter":{}},"enabled":true},"settings":{"params":{},"forms":{}},"jobName":"paragraph_1497040511143_-2115667261","id":"20170314-103234_1882629392","result":{"code":"SUCCESS","type":"HTML","msg":"<h1>About the Markdown Interpreter (%md)</h1>\n<p>The Markdown interpreter is used to add documentation to your notebooks.  To create a paragraph using the Markdown interpreter, use %md for the first line in the code editor.</p>\n<p>Details about the markdown interpreter can be found here: <a href=\"https://zeppelin.apache.org/docs/0.6.0/interpreter/markdown.html\">https://zeppelin.apache.org/docs/0.6.0/interpreter/markdown.html</a></p>\n<h4>Some simple examples&hellip;</h4>\n<p><strong>Add Emphasis</strong> using one or more *</p>\n<p>Create a list using +</p>\n<ul>\n<li>item</li>\n<li>item</li>\n<li>item</li>\n</ul>\n<p>For more, check out the Markdown cheatsheet at <a href=\"https://github.com/adam-p/markdown-here/wiki/Markdown-Cheatsheet\">https://github.com/adam-p/markdown-here/wiki/Markdown-Cheatsheet</a></p>\n<p><em>Hint: Show the editor for this paragraph to see the actual Markdown code used</em>\n<br  /><img src=\"https://raw.githubusercontent.com/oracle/learning-library/master/workshops/journey2-new-data-lake/images/300/ZeppelinCodeEditor.gif\" alt=\"ZeppelinCode\" title=\"Showing the code editor\" /></p>\n"},"dateCreated":"Jun 9, 2017 4:35:11 PM","dateStarted":"Jun 12, 2017 3:19:39 PM","dateFinished":"Jun 12, 2017 3:19:39 PM","status":"FINISHED","progressUpdateIntervalMs":500,"$$hashKey":"object:202"},{"text":"%md\n#Before you continue...\n\nBefore you continue, be sure you know how to work with Notes.  Here is quick tutorial on working with the Note layout: <https://zeppelin.apache.org/docs/0.6.0/quickstart/explorezeppelinui.html#note-layout>\n\nYou will want to make sure you know how to:\n+ Show the code editor for a paragraph\n+ Run a paragraph\n\nNow is a good time to **practice**.  Go ahead and show the code editor for this paragraph and your name to the line below.  Then run this paragraph to see the change.\n\n**Hello your_name_here**\n","dateUpdated":"Jun 9, 2017 4:35:11 PM","config":{"colWidth":12,"editorMode":"ace/mode/markdown","editorHide":true,"graph":{"mode":"table","height":300,"optionOpen":false,"keys":[],"values":[],"groups":[],"scatter":{}},"enabled":true},"settings":{"params":{},"forms":{}},"jobName":"paragraph_1497040511143_-2115667261","id":"20170330-165953_1590459004","result":{"code":"SUCCESS","type":"HTML","msg":"<h1>Before you continue&hellip;</h1>\n<p>Before you continue, be sure you know how to work with Notes.  Here is quick tutorial on working with the Note layout: <a href=\"https://zeppelin.apache.org/docs/0.6.0/quickstart/explorezeppelinui.html#note-layout\">https://zeppelin.apache.org/docs/0.6.0/quickstart/explorezeppelinui.html#note-layout</a></p>\n<p>You will want to make sure you know how to:</p>\n<ul>\n<li>Show the code editor for a paragraph</li>\n<li>Run a paragraph</li>\n</ul>\n<p>Now is a good time to <strong>practice</strong>.  Go ahead and show the code editor for this paragraph and your name to the line below.  Then run this paragraph to see the change.</p>\n<p><strong>Hello your_name_here</strong></p>\n"},"dateCreated":"Jun 9, 2017 4:35:11 PM","status":"READY","errorMessage":"","progressUpdateIntervalMs":500,"$$hashKey":"object:203"},{"text":"%md\n#About the Shell Interpreter (%sh)\n\nThe shell interpreter runs linux shell commands as the zeppelin user on the BDCS-CE server running zepellin.  It can be handy way to check zeppelin log files, pull files into BDCS-CE, interact with HDFS, or change/install software.  SSH can also be used, but running shell commands via the notebook can be more natural and self-documenting.\n\nBy default, the zeppelin user does not have sudo privileges.  But in the next Tutorial, we will show how you can add zeppelin to the authorized sudo users list.\n\nThe following paragraph has some sample shell command examples.","dateUpdated":"Jun 9, 2017 4:35:11 PM","config":{"colWidth":12,"editorMode":"ace/mode/markdown","editorHide":true,"graph":{"mode":"table","height":300,"optionOpen":false,"keys":[],"values":[],"groups":[],"scatter":{}},"enabled":true},"settings":{"params":{},"forms":{}},"jobName":"paragraph_1497040511144_-2117591005","id":"20170314-104354_917688288","result":{"code":"SUCCESS","type":"HTML","msg":"<h1>About the Shell Interpreter (%sh)</h1>\n<p>The shell interpreter runs linux shell commands as the zeppelin user on the BDCS-CE server running zepellin.  It can be handy way to check zeppelin log files, pull files into BDCS-CE, interact with HDFS, or change/install software.  SSH can also be used, but running shell commands via the notebook can be more natural and self-documenting.</p>\n<p>By default, the zeppelin user does not have sudo privileges.  But in the next Tutorial, we will show how you can add zeppelin to the authorized sudo users list.</p>\n<p>The following paragraph has some sample shell command examples.</p>\n"},"dateCreated":"Jun 9, 2017 4:35:11 PM","status":"READY","errorMessage":"","progressUpdateIntervalMs":500,"$$hashKey":"object:204"},{"title":"Example: Shell Interpreter commands","text":"%sh\necho \"running whoami\"\nwhoami\necho \"..\"\necho \"running pwd\"\npwd\necho \"..\"\necho \"running a hadoop command\"\nhadoop fs -ls /user\necho \"..\"\necho \"..\"\necho \"Note: shell interpreter only displays standard out.  It does not display standard error, which can be confusing at times.  Here is an example.\"\necho \"Running a cat command which will fail since the file does not exist\"\ncat duasdsada\necho \"..\"\necho \"Note that we do not see an error message\"\necho \"..\"\necho \"..\"\necho \"Here is a technique to capture and display both standard out and standard error with the sh interpreter\"\ncat duasdsada 2>&1\necho \"..\"\necho \"Note that we now see error message\"\necho \"..\"\necho \"done\"","authenticationInfo":{},"dateUpdated":"Jun 9, 2017 4:41:01 PM","config":{"colWidth":12,"editorMode":"ace/mode/sh","title":true,"graph":{"mode":"table","height":300,"optionOpen":false,"keys":[],"values":[],"groups":[],"scatter":{}},"enabled":true},"settings":{"params":{},"forms":{}},"jobName":"paragraph_1497040511144_-2117591005","id":"20170314-104726_1481029671","dateCreated":"Jun 9, 2017 4:35:11 PM","dateStarted":"Jun 9, 2017 4:41:01 PM","dateFinished":"Jun 9, 2017 4:41:03 PM","status":"FINISHED","errorMessage":"","progressUpdateIntervalMs":500,"$$hashKey":"object:205"},{"text":"%md\n#Before you continue...\n\nRun the above paragraph.  Did you notice that the above Shell example paragraph had no output?  (At least it didn't when you first imported it).  Go ahead and run the above paragraph to execute the sample shell commands and see the output.","dateUpdated":"Jun 16, 2017 1:30:47 PM","config":{"colWidth":12,"editorMode":"ace/mode/markdown","editorHide":true,"graph":{"mode":"table","height":300,"optionOpen":false,"keys":[],"values":[],"groups":[],"scatter":{}},"enabled":true},"settings":{"params":{},"forms":{}},"jobName":"paragraph_1497040511144_-2117591005","id":"20170330-170431_946339972","result":{"code":"SUCCESS","type":"HTML","msg":"<h1>Before you continue&hellip;</h1>\n<p>Run the above paragraph.  Did you notice that the above Shell example paragraph had no output?  (At least it didn't when you first imported it).  Go ahead and run the above paragraph to execute the sample shell commands and see the output.</p>\n"},"dateCreated":"Jun 9, 2017 4:35:11 PM","status":"FINISHED","progressUpdateIntervalMs":500,"$$hashKey":"object:206","authenticationInfo":{},"dateFinished":"Jun 16, 2017 1:30:45 PM","dateStarted":"Jun 16, 2017 1:30:45 PM","focus":true},{"text":"%md\n#Next Steps\n\n+ Review the above links to learn more about Zeppelin and Markdown\n+ Refer to the below tips for some additional tricks on working with Zeppelin in BDCS-CE\n+ Do the BDCS-CE Working with Notebook tutorial from the documentation if you have not yet done it: <http://www.oracle.com/webfolder/technetwork/tutorials/obe/cloud/bdcsce/notebook/notebook.html>\n+ Move on to the next tutorial","dateUpdated":"Jun 9, 2017 4:35:11 PM","config":{"colWidth":12,"editorMode":"ace/mode/markdown","editorHide":true,"graph":{"mode":"table","height":300,"optionOpen":false,"keys":[],"values":[],"groups":[],"scatter":{}},"enabled":true},"settings":{"params":{},"forms":{}},"jobName":"paragraph_1497040511144_-2117591005","id":"20170314-103401_1689681646","result":{"code":"SUCCESS","type":"HTML","msg":"<h1>Next Steps</h1>\n<ul>\n<li>Review the above links to learn more about Zeppelin and Markdown</li>\n<li>Refer to the below tips for some additional tricks on working with Zeppelin in BDCS-CE</li>\n<li>Do the BDCS-CE Working with Notebook tutorial from the documentation if you have not yet done it: <a href=\"http://www.oracle.com/webfolder/technetwork/tutorials/obe/cloud/bdcsce/notebook/notebook.html\">http://www.oracle.com/webfolder/technetwork/tutorials/obe/cloud/bdcsce/notebook/notebook.html</a></li>\n<li>Move on to the next tutorial</li>\n</ul>\n"},"dateCreated":"Jun 9, 2017 4:35:11 PM","status":"READY","errorMessage":"","progressUpdateIntervalMs":500,"$$hashKey":"object:207"},{"text":"%md\n#Tip: How to Print Notebooks (Save as PDF)\n\nHere is a trick to pretty print the Notebooks so that you can easily share them via email.  Note: you can also export notebooks, but the recipient would need to import the notebook into another Zepellin instance to view it.\n\nThe trick is that the main body of the notebook is enclosed in an iframe.  To best print the notebook, you want to just print the main iframe.  For instance, using the Firefox browser, right-click on the open area between the Notebook title and the set of action icons.  In the pop-up menu, then choose This Frame... Print Frame...   Then choose a printer driver that can print to PDF.\n\nFor illustration, here is a picture:\n![printing](https://raw.githubusercontent.com/oracle/learning-library/master/workshops/journey2-new-data-lake/images/300/printToPDF.gif \"Printing the Note Frame\")\n","authenticationInfo":{},"dateUpdated":"Jun 9, 2017 4:50:01 PM","config":{"colWidth":12,"editorMode":"ace/mode/markdown","editorHide":true,"graph":{"mode":"table","height":300,"optionOpen":false,"keys":[],"values":[],"groups":[],"scatter":{}},"enabled":true},"settings":{"params":{},"forms":{}},"jobName":"paragraph_1497040511144_-2117591005","id":"20170314-105515_126797428","result":{"code":"SUCCESS","type":"HTML","msg":"<h1>Tip: How to Print Notebooks (Save as PDF)</h1>\n<p>Here is a trick to pretty print the Notebooks so that you can easily share them via email.  Note: you can also export notebooks, but the recipient would need to import the notebook into another Zepellin instance to view it.</p>\n<p>The trick is that the main body of the notebook is enclosed in an iframe.  To best print the notebook, you want to just print the main iframe.  For instance, using the Firefox browser, right-click on the open area between the Notebook title and the set of action icons.  In the pop-up menu, then choose This Frame&hellip; Print Frame&hellip;   Then choose a printer driver that can print to PDF.</p>\n<p>For illustration, here is a picture:\n<br  /><img src=\"https://raw.githubusercontent.com/oracle/learning-library/master/workshops/journey2-new-data-lake/images/300/printToPDF.gif\" alt=\"printing\" title=\"Printing the Note Frame\" /></p>\n"},"dateCreated":"Jun 9, 2017 4:35:11 PM","dateStarted":"Jun 9, 2017 4:49:57 PM","dateFinished":"Jun 9, 2017 4:49:57 PM","status":"FINISHED","progressUpdateIntervalMs":500,"$$hashKey":"object:208"},{"text":"%md\n#Tip: How (and when) to Restart Zeppelin Notebooks\n\nFrom time to time, you may want to restart the Zepellin Notebook process.  To do so, \n+ Click on the Settings tab at the top of the browser\n+ Then, click on Notebook on the left-hand column\n+ Then click Restart\n\nReasons why you may want to restart the Zeppelin process.\n+ You changed a configuration and want to pick up the new value.  For instance, once you set certain swiftfs parameters (as would be needed to reference the Oracle Storage Cloud Object Store), these values will be used for the rest of the session.  You restart Zeppelin to pick up the new value.\n\n","dateUpdated":"Jun 9, 2017 4:35:11 PM","config":{"colWidth":12,"editorMode":"ace/mode/markdown","editorHide":true,"graph":{"mode":"table","height":300,"optionOpen":false,"keys":[],"values":[],"groups":[],"scatter":{}},"enabled":true},"settings":{"params":{},"forms":{}},"jobName":"paragraph_1497040511144_-2117591005","id":"20170314-110314_455035664","result":{"code":"SUCCESS","type":"HTML","msg":"<h1>Tip: How (and when) to Restart Zeppelin Notebooks</h1>\n<p>From time to time, you may want to restart the Zepellin Notebook process.  To do so,</p>\n<ul>\n<li>Click on the Settings tab at the top of the browser</li>\n<li>Then, click on Notebook on the left-hand column</li>\n<li>Then click Restart</li>\n</ul>\n<p>Reasons why you may want to restart the Zeppelin process.</p>\n<ul>\n<li>You changed a configuration and want to pick up the new value.  For instance, once you set certain swiftfs parameters (as would be needed to reference the Oracle Storage Cloud Object Store), these values will be used for the rest of the session.  You restart Zeppelin to pick up the new value.</li>\n</ul>\n"},"dateCreated":"Jun 9, 2017 4:35:11 PM","status":"READY","errorMessage":"","progressUpdateIntervalMs":500,"$$hashKey":"object:209"},{"text":"%md\n#Tip: How to look at the Zeppelin log\n\nThe zeppelin log is at /u01/bdcsce/data/var/log/zeppelin\n\nThe following paragraph has some examples showing how to review the logs.","dateUpdated":"Jun 9, 2017 4:35:11 PM","config":{"colWidth":12,"editorMode":"ace/mode/markdown","editorHide":true,"graph":{"mode":"table","height":300,"optionOpen":false,"keys":[],"values":[],"groups":[],"scatter":{}},"enabled":true},"settings":{"params":{},"forms":{}},"jobName":"paragraph_1497040511144_-2117591005","id":"20170314-103202_1623627021","result":{"code":"SUCCESS","type":"HTML","msg":"<h1>Tip: How to look at the Zeppelin log</h1>\n<p>The zeppelin log is at /u01/bdcsce/data/var/log/zeppelin</p>\n<p>The following paragraph has some examples showing how to review the logs.</p>\n"},"dateCreated":"Jun 9, 2017 4:35:11 PM","status":"READY","errorMessage":"","progressUpdateIntervalMs":500,"$$hashKey":"object:210"},{"title":"Example: Viewing the Zeppelin Log File","text":"%sh\ncd /u01/bdcsce/data/var/log/zeppelin\nls -ltr\necho \"..\"\necho \"..\"\ntail -20 zeppelin-zeppelin-*.log","authenticationInfo":{},"dateUpdated":"Jun 9, 2017 4:42:08 PM","config":{"colWidth":12,"editorMode":"ace/mode/sh","title":true,"graph":{"mode":"table","height":300,"optionOpen":false,"keys":[],"values":[],"groups":[],"scatter":{}},"enabled":true},"settings":{"params":{},"forms":{}},"jobName":"paragraph_1497040511145_-2117975754","id":"20170314-103516_2010480345","result":{"code":"SUCCESS","type":"TEXT","msg":"total 56\n-rw-r--r-- 1 zeppelin zeppelin   457 Jun  5 11:07 zeppelin-setup.log\n-rw-rw-r-- 1 zeppelin zeppelin   699 Jun  5 13:49 zeppelin-interpreter-md-zeppelin-dcb-bdcs-jun05-bdcsce-1.log.2017-06-05\n-rw-rw-r-- 1 zeppelin zeppelin 13221 Jun  5 15:22 zeppelin-zeppelin-dcb-bdcs-jun05-bdcsce-1.log.2017-06-05\n-rw-rw-r-- 1 zeppelin zeppelin  3687 Jun  9 16:08 zeppelin-zeppelin-dcb-bdcs-jun05-bdcsce-1.out\n-rw-rw-r-- 1 zeppelin zeppelin   398 Jun  9 16:36 zeppelin-interpreter-md-zeppelin-dcb-bdcs-jun05-bdcsce-1.log\n-rw-rw-r-- 1 zeppelin zeppelin 15083 Jun  9 16:42 zeppelin-zeppelin-dcb-bdcs-jun05-bdcsce-1.log\n-rw-rw-r-- 1 zeppelin zeppelin  6538 Jun  9 16:42 zeppelin-interpreter-sh-zeppelin-dcb-bdcs-jun05-bdcsce-1.log\n..\n..\n INFO [2017-06-09 16:38:41,095] ({pool-1-thread-4} NotebookServer.java[afterStatusChange]:1092) - Job 20170314-104726_1481029671 is finished\n INFO [2017-06-09 16:38:41,180] ({pool-1-thread-4} SchedulerFactory.java[jobFinished]:137) - Job paragraph_1497040511144_-2117591005 finished by scheduler org.apache.zeppelin.interpreter.remote.RemoteInterpretershared_session767342639\n INFO [2017-06-09 16:39:26,475] ({pool-1-thread-6} SchedulerFactory.java[jobStarted]:131) - Job paragraph_1497040511144_-2117591005 started by scheduler org.apache.zeppelin.interpreter.remote.RemoteInterpretershared_session767342639\n INFO [2017-06-09 16:39:26,475] ({pool-1-thread-6} Paragraph.java[jobRun]:235) - run paragraph 20170314-104726_1481029671 using sh org.apache.zeppelin.interpreter.LazyOpenInterpreter@5fc4d12d\n INFO [2017-06-09 16:39:29,013] ({pool-1-thread-6} NotebookServer.java[afterStatusChange]:1092) - Job 20170314-104726_1481029671 is finished\n INFO [2017-06-09 16:39:29,128] ({pool-1-thread-6} SchedulerFactory.java[jobFinished]:137) - Job paragraph_1497040511144_-2117591005 finished by scheduler org.apache.zeppelin.interpreter.remote.RemoteInterpretershared_session767342639\n INFO [2017-06-09 16:39:55,234] ({pool-1-thread-3} SchedulerFactory.java[jobStarted]:131) - Job paragraph_1497040511144_-2117591005 started by scheduler org.apache.zeppelin.interpreter.remote.RemoteInterpretershared_session767342639\n INFO [2017-06-09 16:39:55,235] ({pool-1-thread-3} Paragraph.java[jobRun]:235) - run paragraph 20170314-104726_1481029671 using sh org.apache.zeppelin.interpreter.LazyOpenInterpreter@5fc4d12d\n INFO [2017-06-09 16:39:57,375] ({pool-1-thread-3} NotebookServer.java[afterStatusChange]:1092) - Job 20170314-104726_1481029671 is finished\n INFO [2017-06-09 16:39:57,458] ({pool-1-thread-3} SchedulerFactory.java[jobFinished]:137) - Job paragraph_1497040511144_-2117591005 finished by scheduler org.apache.zeppelin.interpreter.remote.RemoteInterpretershared_session767342639\n INFO [2017-06-09 16:41:01,451] ({pool-1-thread-7} SchedulerFactory.java[jobStarted]:131) - Job paragraph_1497040511144_-2117591005 started by scheduler org.apache.zeppelin.interpreter.remote.RemoteInterpretershared_session767342639\n INFO [2017-06-09 16:41:01,452] ({pool-1-thread-7} Paragraph.java[jobRun]:235) - run paragraph 20170314-104726_1481029671 using sh org.apache.zeppelin.interpreter.LazyOpenInterpreter@5fc4d12d\n INFO [2017-06-09 16:41:03,677] ({pool-1-thread-7} NotebookServer.java[afterStatusChange]:1092) - Job 20170314-104726_1481029671 is finished\n INFO [2017-06-09 16:41:03,862] ({pool-1-thread-7} SchedulerFactory.java[jobFinished]:137) - Job paragraph_1497040511144_-2117591005 finished by scheduler org.apache.zeppelin.interpreter.remote.RemoteInterpretershared_session767342639\n INFO [2017-06-09 16:41:51,452] ({pool-1-thread-5} SchedulerFactory.java[jobStarted]:131) - Job paragraph_1497040511145_-2117975754 started by scheduler org.apache.zeppelin.interpreter.remote.RemoteInterpretershared_session767342639\n INFO [2017-06-09 16:41:51,453] ({pool-1-thread-5} Paragraph.java[jobRun]:235) - run paragraph 20170314-103516_2010480345 using sh org.apache.zeppelin.interpreter.LazyOpenInterpreter@5fc4d12d\n INFO [2017-06-09 16:41:51,476] ({pool-1-thread-5} NotebookServer.java[afterStatusChange]:1092) - Job 20170314-103516_2010480345 is finished\n INFO [2017-06-09 16:41:51,606] ({pool-1-thread-5} SchedulerFactory.java[jobFinished]:137) - Job paragraph_1497040511145_-2117975754 finished by scheduler org.apache.zeppelin.interpreter.remote.RemoteInterpretershared_session767342639\n INFO [2017-06-09 16:42:08,311] ({pool-1-thread-8} SchedulerFactory.java[jobStarted]:131) - Job paragraph_1497040511145_-2117975754 started by scheduler org.apache.zeppelin.interpreter.remote.RemoteInterpretershared_session767342639\n INFO [2017-06-09 16:42:08,311] ({pool-1-thread-8} Paragraph.java[jobRun]:235) - run paragraph 20170314-103516_2010480345 using sh org.apache.zeppelin.interpreter.LazyOpenInterpreter@5fc4d12d\n"},"dateCreated":"Jun 9, 2017 4:35:11 PM","dateStarted":"Jun 9, 2017 4:42:08 PM","dateFinished":"Jun 9, 2017 4:42:08 PM","status":"FINISHED","progressUpdateIntervalMs":500,"$$hashKey":"object:211"},{"dateUpdated":"Jun 9, 2017 4:35:11 PM","config":{"colWidth":12,"editorMode":"ace/mode/scala","graph":{"mode":"table","height":300,"optionOpen":false,"keys":[],"values":[],"groups":[],"scatter":{}},"enabled":true},"settings":{"params":{},"forms":{}},"jobName":"paragraph_1497040511145_-2117975754","id":"20170314-111355_401235007","dateCreated":"Jun 9, 2017 4:35:11 PM","status":"READY","errorMessage":"","progressUpdateIntervalMs":500,"$$hashKey":"object:212"}],"name":" Tutorial 1 Notebook Basics","id":"2CN3689JU","angularObjects":{"2CKYUH771":[],"2CHQCE7WB":[],"2CM73VNZC":[],"2CJ9M7X3E":[],"2CM9MFPDC":[],"2CKUFFGB5":[],"2CH76629W":[],"2CJ6JMU49":[],"2CMM8Y2GW":[]},"config":{"looknfeel":"default"},"info":{}}