﻿{"paragraphs":[{"text":"%md\n# Tutorial 1 - Notebook Basics\n\nWelcome to Oracle Big Data Cloud Service - Compute Edition (BDCS-CE).\n\nThis tutorial was built for BDCS-CE version 17.3.1-20.  If you are using a later version of BDCS-CE, there may be a newer version of this tutorial notebook in the New Data Lake section at <https://github.com/oracle/learning-library/tree/master/workshops/journey2-new-data-lake>.  Questions and feedback about the tutorial: <david.bayard@oracle.com>\n\n**Contents**\n+ About Zeppelin and Interpreters\n+ About the Markdown Interpreter\n+ About the Shell Interpreter\n+ A few Zepellin tricks (printing, restarting, viewing logs)\n+ Next Steps\n\nAs a reminder, the documentation for BDCS-CE can be found here: <http://docs.oracle.com/cloud/latest/big-data-compute-cloud/index.html>\n","user":"anonymous","dateUpdated":"2017-07-28T00:36:24+0000","config":{"editorSetting":{"language":"markdown","editOnDblClick":"true"},"colWidth":12,"editorMode":"ace/mode/markdown","editorHide":true,"results":[{"graph":{"mode":"table","height":300,"optionOpen":false,"keys":[],"values":[],"groups":[],"scatter":{}}}],"enabled":true,"tableHide":false},"settings":{"params":{},"forms":{}},"results":{"code":"SUCCESS","msg":[{"type":"HTML","data":"<div class=\"markdown-body\">\n<h1>Tutorial 1 - Notebook Basics</h1>\n<p>Welcome to Oracle Big Data Cloud Service - Compute Edition (BDCS-CE).</p>\n<p>This tutorial was built for BDCS-CE version 17.3.1-20. If you are using a later version of BDCS-CE, there may be a newer version of this tutorial notebook in the New Data Lake section at <a href=\"https://github.com/oracle/learning-library/tree/master/workshops/journey2-new-data-lake\">https://github.com/oracle/learning-library/tree/master/workshops/journey2-new-data-lake</a>. Questions and feedback about the tutorial: <a href=\"mailto:&#100;a&#118;&#x69;&#x64;&#x2e;&#x62;&#97;&#x79;&#x61;r&#100;&#x40;&#111;r&#97;&#99;&#108;e&#46;c&#x6f;&#109;\">&#100;a&#118;&#x69;&#x64;&#x2e;&#x62;&#97;&#x79;&#x61;r&#100;&#x40;&#111;r&#97;&#99;&#108;e&#46;c&#x6f;&#109;</a></p>\n<p><strong>Contents</strong><br/>+ About Zeppelin and Interpreters<br/>+ About the Markdown Interpreter<br/>+ About the Shell Interpreter<br/>+ A few Zepellin tricks (printing, restarting, viewing logs)<br/>+ Next Steps</p>\n<p>As a reminder, the documentation for BDCS-CE can be found here: <a href=\"http://docs.oracle.com/cloud/latest/big-data-compute-cloud/index.html\">http://docs.oracle.com/cloud/latest/big-data-compute-cloud/index.html</a></p>\n</div>"}]},"apps":[],"jobName":"paragraph_1501201597590_-1817859200","id":"20170310-124403_2105432248","dateCreated":"2017-07-28T00:26:37+0000","dateStarted":"2017-07-28T00:36:24+0000","dateFinished":"2017-07-28T00:36:24+0000","status":"FINISHED","progressUpdateIntervalMs":500,"focus":true,"$$hashKey":"object:2133"},{"text":"%md\n# About Zeppelin Notes and Paragraphs\n\nBDCS-CE includes a built-in Zeppelin notebook.  Currently, BDCS-CE is using Zeppelin version 0.7.0.  You can learn more about Zeppelin at <https://zeppelin.apache.org/docs/0.7.0/>\n\nTo get started, please review the quick overview about Notes and how to interact with them here: <https://zeppelin.apache.org/docs/0.7.0/quickstart/explorezeppelinui.html#note-layout>\n\n    Make sure you have reviewed the above overview and know about Zeppelin Notes and Paragraphs and the UI controls to work with them before continuing.","user":"anonymous","dateUpdated":"2017-07-28T00:38:29+0000","config":{"tableHide":false,"editorSetting":{"editOnDblClick":"true","language":"markdown"},"colWidth":12,"editorMode":"ace/mode/markdown","editorHide":true,"results":[{"graph":{"mode":"table","height":300,"optionOpen":false,"keys":[],"values":[],"groups":[],"scatter":{}}}],"enabled":true},"settings":{"params":{},"forms":{}},"results":{"code":"SUCCESS","msg":[{"type":"HTML","data":"<div class=\"markdown-body\">\n<h1>About Zeppelin Notes and Paragraphs</h1>\n<p>BDCS-CE includes a built-in Zeppelin notebook. Currently, BDCS-CE is using Zeppelin version 0.7.0. You can learn more about Zeppelin at <a href=\"https://zeppelin.apache.org/docs/0.7.0/\">https://zeppelin.apache.org/docs/0.7.0/</a></p>\n<p>To get started, please review the quick overview about Notes and how to interact with them here: <a href=\"https://zeppelin.apache.org/docs/0.7.0/quickstart/explorezeppelinui.html#note-layout\">https://zeppelin.apache.org/docs/0.7.0/quickstart/explorezeppelinui.html#note-layout</a></p>\n<pre><code>Make sure you have reviewed the above overview and know about Zeppelin Notes and Paragraphs and the UI controls to work with them before continuing.\n</code></pre>\n</div>"}]},"apps":[],"jobName":"paragraph_1501201597592_-1819782944","id":"20170314-111138_1763825608","dateCreated":"2017-07-28T00:26:37+0000","dateStarted":"2017-07-28T00:38:29+0000","dateFinished":"2017-07-28T00:38:29+0000","status":"FINISHED","progressUpdateIntervalMs":500,"$$hashKey":"object:2134"},{"text":"%md\n# About Interpreters\nThe Zeppelin notebook is powered by Interpreters, which allow various technologies to be combined into a single, easily documented environment.  The Interpreters currently offered with this version of BDCS-CE are\n+ Markdown (%md)\n+ Shell (%sh)\n+ Spark with Scala (%spark)\n+ Spark with Python (%pyspark)\n+ Spark SQL (%sql)\n+ Hive (%hive)\n+ JDBC (%jdbc)\n\nIn this tutorial, we will introduce you to the Markdown and Shell Interpreters.\n","user":"anonymous","dateUpdated":"2017-07-28T00:36:43+0000","config":{"editorSetting":{"editOnDblClick":"true","language":"markdown"},"colWidth":12,"editorMode":"ace/mode/markdown","editorHide":true,"results":[{"graph":{"mode":"table","height":300,"optionOpen":false,"keys":[],"values":[],"groups":[],"scatter":{}}}],"enabled":true,"tableHide":false},"settings":{"params":{},"forms":{}},"results":{"code":"SUCCESS","msg":[{"type":"HTML","data":"<div class=\"markdown-body\">\n<h1>About Interpreters</h1>\n<p>The Zeppelin notebook is powered by Interpreters, which allow various technologies to be combined into a single, easily documented environment. The Interpreters currently offered with this version of BDCS-CE are<br/>+ Markdown (%md)<br/>+ Shell (%sh)<br/>+ Spark with Scala (%spark)<br/>+ Spark with Python (%pyspark)<br/>+ Spark SQL (%sql)<br/>+ Hive (%hive)<br/>+ JDBC (%jdbc)</p>\n<p>In this tutorial, we will introduce you to the Markdown and Shell Interpreters.</p>\n</div>"}]},"apps":[],"jobName":"paragraph_1501201597592_-1819782944","id":"20170612-151048_1275148861","dateCreated":"2017-07-28T00:26:37+0000","dateStarted":"2017-07-28T00:36:43+0000","dateFinished":"2017-07-28T00:36:43+0000","status":"FINISHED","progressUpdateIntervalMs":500,"$$hashKey":"object:2135"},{"text":"%md\n# About the Markdown Interpreter (%md)\nThe Markdown interpreter is used to add documentation to your notebooks.  To create a paragraph using the Markdown interpreter, use %md for the first line in the code editor.\n\nDetails about the markdown interpreter can be found here: <https://zeppelin.apache.org/docs/0.7.0/interpreter/markdown.html>\n\n#### Some simple examples...\n\n**Add Emphasis** using one or more \\*\n\nCreate a list using \\+\n+ item\n+ item\n+ item\n\n\n\nFor more, check out the Markdown cheatsheet at <https://github.com/adam-p/markdown-here/wiki/Markdown-Cheatsheet>\n\n_Hint: Show the editor for this paragraph to see the actual Markdown code used_\n![ZeppelinCode](https://raw.githubusercontent.com/oracle/learning-library/master/workshops/journey2-new-data-lake/images/300/ZeppelinCodeEditor.gif \"Showing the code editor\")","user":"anonymous","dateUpdated":"2017-07-28T12:27:53+0000","config":{"editorSetting":{"editOnDblClick":"true","language":"markdown"},"colWidth":12,"editorMode":"ace/mode/markdown","editorHide":true,"results":[{"graph":{"mode":"table","height":300,"optionOpen":false,"keys":[],"values":[],"groups":[],"scatter":{}}}],"enabled":true,"tableHide":false},"settings":{"params":{},"forms":{}},"results":{"code":"SUCCESS","msg":[{"type":"HTML","data":"<div class=\"markdown-body\">\n<h1>About the Markdown Interpreter (%md)</h1>\n<p>The Markdown interpreter is used to add documentation to your notebooks. To create a paragraph using the Markdown interpreter, use %md for the first line in the code editor.</p>\n<p>Details about the markdown interpreter can be found here: <a href=\"https://zeppelin.apache.org/docs/0.7.0/interpreter/markdown.html\">https://zeppelin.apache.org/docs/0.7.0/interpreter/markdown.html</a></p>\n<h4>Some simple examples&hellip;</h4>\n<p><strong>Add Emphasis</strong> using one or more *</p>\n<p>Create a list using +<br/>+ item<br/>+ item<br/>+ item</p>\n<p>For more, check out the Markdown cheatsheet at <a href=\"https://github.com/adam-p/markdown-here/wiki/Markdown-Cheatsheet\">https://github.com/adam-p/markdown-here/wiki/Markdown-Cheatsheet</a></p>\n<p><em>Hint: Show the editor for this paragraph to see the actual Markdown code used</em><br/><img src=\"https://raw.githubusercontent.com/oracle/learning-library/master/workshops/journey2-new-data-lake/images/300/ZeppelinCodeEditor.gif\" alt=\"ZeppelinCode\" title=\"Showing the code editor\" /></p>\n</div>"}]},"apps":[],"jobName":"paragraph_1501201597593_-1820167693","id":"20170314-103234_1882629392","dateCreated":"2017-07-28T00:26:37+0000","dateStarted":"2017-07-28T12:27:53+0000","dateFinished":"2017-07-28T12:27:53+0000","status":"FINISHED","progressUpdateIntervalMs":500,"$$hashKey":"object:2136"},{"text":"%md\n# Before you continue...\n\nBefore you continue, be sure you know how to work with Notes.  Here is quick tutorial on working with the Note layout: <https://zeppelin.apache.org/docs/0.7.0/quickstart/explorezeppelinui.html#note-layout>\n\nYou will want to make sure you know how to:\n+ Show the code editor for a paragraph\n+ Run a paragraph\n\nNow is a good time to **practice**.  Go ahead and show the code editor for this paragraph and your name to the line below.  Then run this paragraph to see the change.\n\n**Hello your_name_here**\n","user":"anonymous","dateUpdated":"2017-07-28T00:39:38+0000","config":{"tableHide":false,"editorSetting":{"editOnDblClick":"true","language":"markdown"},"colWidth":12,"editorMode":"ace/mode/markdown","editorHide":true,"results":[{"graph":{"mode":"table","height":300,"optionOpen":false,"keys":[],"values":[],"groups":[],"scatter":{}}}],"enabled":true},"settings":{"params":{},"forms":{}},"results":{"code":"SUCCESS","msg":[{"type":"HTML","data":"<div class=\"markdown-body\">\n<h1>Before you continue&hellip;</h1>\n<p>Before you continue, be sure you know how to work with Notes. Here is quick tutorial on working with the Note layout: <a href=\"https://zeppelin.apache.org/docs/0.7.0/quickstart/explorezeppelinui.html#note-layout\">https://zeppelin.apache.org/docs/0.7.0/quickstart/explorezeppelinui.html#note-layout</a></p>\n<p>You will want to make sure you know how to:<br/>+ Show the code editor for a paragraph<br/>+ Run a paragraph</p>\n<p>Now is a good time to <strong>practice</strong>. Go ahead and show the code editor for this paragraph and your name to the line below. Then run this paragraph to see the change.</p>\n<p><strong>Hello your_name_here</strong></p>\n</div>"}]},"apps":[],"jobName":"paragraph_1501201597594_-1819013446","id":"20170330-165953_1590459004","dateCreated":"2017-07-28T00:26:37+0000","dateStarted":"2017-07-28T00:39:38+0000","dateFinished":"2017-07-28T00:39:38+0000","status":"FINISHED","progressUpdateIntervalMs":500,"$$hashKey":"object:2137"},{"text":"%md\n# About the Shell Interpreter (%sh)\n\nThe shell interpreter runs linux shell commands as the zeppelin user on the BDCS-CE server running zepellin.  It can be handy way to check zeppelin log files, pull files into BDCS-CE, interact with HDFS, or change/install software.  SSH can also be used, but running shell commands via the notebook can be more natural and self-documenting.\n\nBy default, the zeppelin user does not have sudo privileges.  But in the next Tutorial, we will add _zeppelin_ to the authorized SUDO user's list.\n\nThe following paragraph has some sample shell command examples.","user":"anonymous","dateUpdated":"2017-07-28T00:37:09+0000","config":{"tableHide":false,"editorSetting":{"editOnDblClick":"true","language":"markdown"},"colWidth":12,"editorMode":"ace/mode/markdown","editorHide":true,"results":[{"graph":{"mode":"table","height":300,"optionOpen":false,"keys":[],"values":[],"groups":[],"scatter":{}}}],"enabled":true},"settings":{"params":{},"forms":{}},"results":{"code":"SUCCESS","msg":[{"type":"HTML","data":"<div class=\"markdown-body\">\n<h1>About the Shell Interpreter (%sh)</h1>\n<p>The shell interpreter runs linux shell commands as the zeppelin user on the BDCS-CE server running zepellin. It can be handy way to check zeppelin log files, pull files into BDCS-CE, interact with HDFS, or change/install software. SSH can also be used, but running shell commands via the notebook can be more natural and self-documenting.</p>\n<p>By default, the zeppelin user does not have sudo privileges. But in the next Tutorial, we will add <em>zeppelin</em> to the authorized SUDO user&rsquo;s list.</p>\n<p>The following paragraph has some sample shell command examples.</p>\n</div>"}]},"apps":[],"jobName":"paragraph_1501201597595_-1819398195","id":"20170314-104354_917688288","dateCreated":"2017-07-28T00:26:37+0000","dateStarted":"2017-07-28T00:37:09+0000","dateFinished":"2017-07-28T00:37:09+0000","status":"FINISHED","progressUpdateIntervalMs":500,"$$hashKey":"object:2138"},{"title":"Example: Shell Interpreter commands","text":"%sh\necho \"running whoami\"\nwhoami\necho \"..\"\necho \"running pwd\"\npwd\necho \"..\"\necho \"running a hadoop command\"\nhadoop fs -ls /user\necho \"..\"\necho \"..\"\necho \"Note: shell interpreter only displays standard out.  It does not display standard error, which can be confusing at times.  Here is an example.\"\necho \"Running a cat command which will fail since the file does not exist\"\ncat duasdsada\necho \"..\"\necho \"Note that we do not see an error message\"\necho \"..\"\necho \"..\"\necho \"Here is a technique to capture and display both standard out and standard error with the sh interpreter\"\ncat duasdsada 2>&1\necho \"..\"\necho \"Note that we now see error message\"\necho \"..\"\necho \"done\"","dateUpdated":"2017-07-28T00:26:37+0000","config":{"editorSetting":{"editOnDblClick":"false","language":"sh"},"colWidth":12,"editorMode":"ace/mode/sh","editorHide":false,"title":true,"results":{},"graph":{"mode":"table","height":300,"optionOpen":false,"keys":[],"values":[],"groups":[],"scatter":{}},"enabled":true},"settings":{"params":{},"forms":{}},"apps":[],"jobName":"paragraph_1501201597595_-1819398195","id":"20170314-104726_1481029671","dateCreated":"2017-07-28T00:26:37+0000","status":"READY","errorMessage":"","progressUpdateIntervalMs":500,"$$hashKey":"object:2139"},{"text":"%md\n# Before you continue...\n\nRun the above paragraph.  Did you notice that the above Shell example paragraph had no output?  (At least it didn't when you first imported it).  Go ahead and run the above paragraph to execute the sample shell commands and see the output.","user":"anonymous","dateUpdated":"2017-07-28T00:37:18+0000","config":{"editorSetting":{"editOnDblClick":"true","language":"markdown"},"colWidth":12,"editorMode":"ace/mode/markdown","editorHide":true,"results":[{"graph":{"mode":"table","height":300,"optionOpen":false,"keys":[],"values":[],"groups":[],"scatter":{}}}],"enabled":true,"tableHide":false},"settings":{"params":{},"forms":{}},"results":{"code":"SUCCESS","msg":[{"type":"HTML","data":"<div class=\"markdown-body\">\n<h1>Before you continue&hellip;</h1>\n<p>Run the above paragraph. Did you notice that the above Shell example paragraph had no output? (At least it didn&rsquo;t when you first imported it). Go ahead and run the above paragraph to execute the sample shell commands and see the output.</p>\n</div>"}]},"apps":[],"jobName":"paragraph_1501201597596_-1821321940","id":"20170330-170431_946339972","dateCreated":"2017-07-28T00:26:37+0000","dateStarted":"2017-07-28T00:37:18+0000","dateFinished":"2017-07-28T00:37:18+0000","status":"FINISHED","progressUpdateIntervalMs":500,"$$hashKey":"object:2140"},{"text":"%md\n# Next Steps\n\n+ Review the above links to learn more about Zeppelin and Markdown\n+ Refer to the below tips for some additional tricks on working with Zeppelin in BDCS-CE\n+ Do the BDCS-CE Working with Notebook tutorial from the documentation if you have not yet done it: <http://www.oracle.com/webfolder/technetwork/tutorials/obe/cloud/bdcsce/notebook/notebook.html>\n+ Move on to the next tutorial","user":"anonymous","dateUpdated":"2017-07-28T00:37:25+0000","config":{"editorSetting":{"editOnDblClick":"true","language":"markdown"},"colWidth":12,"editorMode":"ace/mode/markdown","editorHide":true,"results":[{"graph":{"mode":"table","height":300,"optionOpen":false,"keys":[],"values":[],"groups":[],"scatter":{}}}],"enabled":true,"tableHide":false},"settings":{"params":{},"forms":{}},"results":{"code":"SUCCESS","msg":[{"type":"HTML","data":"<div class=\"markdown-body\">\n<h1>Next Steps</h1>\n<ul>\n  <li>Review the above links to learn more about Zeppelin and Markdown</li>\n  <li>Refer to the below tips for some additional tricks on working with Zeppelin in BDCS-CE</li>\n  <li>Do the BDCS-CE Working with Notebook tutorial from the documentation if you have not yet done it: <a href=\"http://www.oracle.com/webfolder/technetwork/tutorials/obe/cloud/bdcsce/notebook/notebook.html\">http://www.oracle.com/webfolder/technetwork/tutorials/obe/cloud/bdcsce/notebook/notebook.html</a></li>\n  <li>Move on to the next tutorial</li>\n</ul>\n</div>"}]},"apps":[],"jobName":"paragraph_1501201597597_-1821706689","id":"20170314-103401_1689681646","dateCreated":"2017-07-28T00:26:37+0000","dateStarted":"2017-07-28T00:37:25+0000","dateFinished":"2017-07-28T00:37:25+0000","status":"FINISHED","progressUpdateIntervalMs":500,"$$hashKey":"object:2141"},{"text":"%md\n# Tip: How to Print Notebooks (Save as PDF)\n\nHere is a trick to pretty print the Notebooks so that you can easily share them via email.  Note: you can also export notebooks, but the recipient would need to import the notebook into another Zepellin instance to view it.\n\nThe trick is that the main body of the notebook is enclosed in an iframe.  To best print the notebook, you want to just print the main iframe.  For instance, using the Firefox browser, right-click on the open area between the Notebook title and the set of action icons.  In the pop-up menu, then choose This Frame... Print Frame...   Then choose a printer driver that can print to PDF.\n\nFor illustration, here is a picture:\n![printing](https://raw.githubusercontent.com/oracle/learning-library/master/workshops/journey2-new-data-lake/images/300/printToPDF.gif \"Printing the Note Frame\")\n","user":"anonymous","dateUpdated":"2017-07-28T00:37:37+0000","config":{"editorSetting":{"editOnDblClick":"true","language":"markdown"},"colWidth":12,"editorMode":"ace/mode/markdown","editorHide":true,"results":[{"graph":{"mode":"table","height":300,"optionOpen":false,"keys":[],"values":[],"groups":[],"scatter":{}}}],"enabled":true,"tableHide":false},"settings":{"params":{},"forms":{}},"results":{"code":"SUCCESS","msg":[{"type":"HTML","data":"<div class=\"markdown-body\">\n<h1>Tip: How to Print Notebooks (Save as PDF)</h1>\n<p>Here is a trick to pretty print the Notebooks so that you can easily share them via email. Note: you can also export notebooks, but the recipient would need to import the notebook into another Zepellin instance to view it.</p>\n<p>The trick is that the main body of the notebook is enclosed in an iframe. To best print the notebook, you want to just print the main iframe. For instance, using the Firefox browser, right-click on the open area between the Notebook title and the set of action icons. In the pop-up menu, then choose This Frame&hellip; Print Frame&hellip; Then choose a printer driver that can print to PDF.</p>\n<p>For illustration, here is a picture:<br/><img src=\"https://raw.githubusercontent.com/oracle/learning-library/master/workshops/journey2-new-data-lake/images/300/printToPDF.gif\" alt=\"printing\" title=\"Printing the Note Frame\" /></p>\n</div>"}]},"apps":[],"jobName":"paragraph_1501201597597_-1821706689","id":"20170314-105515_126797428","dateCreated":"2017-07-28T00:26:37+0000","dateStarted":"2017-07-28T00:37:37+0000","dateFinished":"2017-07-28T00:37:37+0000","status":"FINISHED","progressUpdateIntervalMs":500,"$$hashKey":"object:2142"},{"text":"%md\n# Tip: How (and when) to Restart Zeppelin Notebooks\n\nFrom time to time, you may want to restart the Zepellin Notebook process.  To do so, \n+ Click on the Settings tab at the top of the browser\n+ Then, click on Notebook on the left-hand column\n+ Then click Restart\n\nReasons why you may want to restart the Zeppelin process.\n+ You changed a configuration and want to pick up the new value.  For instance, once you set certain swiftfs parameters (as would be needed to reference the Oracle Storage Cloud Object Store), these values will be used for the rest of the session.  You restart Zeppelin to pick up the new value.\n\n","user":"anonymous","dateUpdated":"2017-07-28T00:37:44+0000","config":{"editorSetting":{"editOnDblClick":"true","language":"markdown"},"colWidth":12,"editorMode":"ace/mode/markdown","editorHide":true,"results":[{"graph":{"mode":"table","height":300,"optionOpen":false,"keys":[],"values":[],"groups":[],"scatter":{}}}],"enabled":true,"tableHide":false},"settings":{"params":{},"forms":{}},"results":{"code":"SUCCESS","msg":[{"type":"HTML","data":"<div class=\"markdown-body\">\n<h1>Tip: How (and when) to Restart Zeppelin Notebooks</h1>\n<p>From time to time, you may want to restart the Zepellin Notebook process. To do so,<br/>+ Click on the Settings tab at the top of the browser<br/>+ Then, click on Notebook on the left-hand column<br/>+ Then click Restart</p>\n<p>Reasons why you may want to restart the Zeppelin process.<br/>+ You changed a configuration and want to pick up the new value. For instance, once you set certain swiftfs parameters (as would be needed to reference the Oracle Storage Cloud Object Store), these values will be used for the rest of the session. You restart Zeppelin to pick up the new value.</p>\n</div>"}]},"apps":[],"jobName":"paragraph_1501201597598_-1820552442","id":"20170314-110314_455035664","dateCreated":"2017-07-28T00:26:37+0000","dateStarted":"2017-07-28T00:37:44+0000","dateFinished":"2017-07-28T00:37:44+0000","status":"FINISHED","progressUpdateIntervalMs":500,"$$hashKey":"object:2143"},{"text":"%md\n# Tip: How to look at the Zeppelin log\n\nThe zeppelin log is at /u01/bdcsce/data/var/log/zeppelin\n\nThe following paragraph has some examples showing how to review the logs.","user":"anonymous","dateUpdated":"2017-07-28T00:37:50+0000","config":{"editorSetting":{"editOnDblClick":"true","language":"markdown"},"colWidth":12,"editorMode":"ace/mode/markdown","editorHide":true,"results":[{"graph":{"mode":"table","height":300,"optionOpen":false,"keys":[],"values":[],"groups":[],"scatter":{}}}],"enabled":true,"tableHide":false},"settings":{"params":{},"forms":{}},"results":{"code":"SUCCESS","msg":[{"type":"HTML","data":"<div class=\"markdown-body\">\n<h1>Tip: How to look at the Zeppelin log</h1>\n<p>The zeppelin log is at /u01/bdcsce/data/var/log/zeppelin</p>\n<p>The following paragraph has some examples showing how to review the logs.</p>\n</div>"}]},"apps":[],"jobName":"paragraph_1501201597599_-1820937191","id":"20170314-103202_1623627021","dateCreated":"2017-07-28T00:26:37+0000","dateStarted":"2017-07-28T00:37:50+0000","dateFinished":"2017-07-28T00:37:50+0000","status":"FINISHED","progressUpdateIntervalMs":500,"$$hashKey":"object:2144"},{"title":"Example: Viewing the Zeppelin Log File","text":"%sh\ncd /u01/bdcsce/data/var/log/zeppelin\nls -ltr\necho \"..\"\necho \"..\"\ntail -20 zeppelin-zeppelin-*.log","user":"anonymous","dateUpdated":"2017-07-28T12:27:32+0000","config":{"tableHide":false,"editorSetting":{"editOnDblClick":"false","language":"sh"},"colWidth":12,"editorMode":"ace/mode/sh","editorHide":false,"title":true,"results":[{"graph":{"mode":"table","height":300,"optionOpen":false,"keys":[],"values":[],"groups":[],"scatter":{}}}],"enabled":true},"settings":{"params":{},"forms":{}},"apps":[],"jobName":"paragraph_1501201597599_-1820937191","id":"20170314-103516_2010480345","dateCreated":"2017-07-28T00:26:37+0000","dateStarted":"2017-07-28T00:39:04+0000","dateFinished":"2017-07-28T00:39:04+0000","status":"FINISHED","errorMessage":"","progressUpdateIntervalMs":500,"$$hashKey":"object:2145"},{"dateUpdated":"2017-07-28T00:26:37+0000","config":{"editorSetting":{"language":"scala"},"colWidth":12,"editorMode":"ace/mode/scala","editorHide":true,"results":{},"graph":{"mode":"table","height":300,"optionOpen":false,"keys":[],"values":[],"groups":[],"scatter":{}},"enabled":true},"settings":{"params":{},"forms":{}},"apps":[],"jobName":"paragraph_1501201597600_-1835172900","id":"20170314-111355_401235007","dateCreated":"2017-07-28T00:26:37+0000","status":"READY","errorMessage":"","progressUpdateIntervalMs":500,"$$hashKey":"object:2146"}],"name":"Tutorial 1 Notebook Basics","id":"2CQ48E7XH","angularObjects":{"2CQVFQFWU:shared_process":[],"2CRFREMNU:shared_process":[],"2CPRZVQKR:shared_process":[],"2CQWU46XZ:shared_process":[],"2CPKCF4R9:shared_process":[],"2CR7Y2CFK:shared_process":[],"2CQQM64RT:shared_process":[],"2CQX3UW3S:shared_process":[]},"config":{"looknfeel":"default","personalizedMode":"false"},"info":{}}