{"paragraphs":[{"text":"%md\n#Tutorial 2 Setting up your BDCSCE Environment\n\nWelcome to Oracle Big Data Cloud Service - Compute Edition (BDCS-CE).\n\nThis tutorial was built for BDCS-CE version 17.2.5.  If you are using a later version of BDCS-CE, please look for a newer version of this tutorial notebook at <https://github.com/oracle/learning-library/tree/master/workshops/journey2-new-data-lake>.  Questions and feedback about the tutorial: <david.bayard@oracle.com>\n\n**Contents**\n+ About Setting up your BDCSCE Environment\n+ Enabling SSH Network Access\n+ Connecting via SSH\n+ Setting up the zeppelin user with sudo access\n+ Configuring yum and pip\n+ Installing the python swiftfs client\n+ Next Steps\n\nAs a reminder, the documentation for BDCS-CE can be found here: <http://docs.oracle.com/cloud/latest/big-data-compute-cloud/index.html>\n\n\n**NOTE: You need to run all of the steps *one at a time, in order* in this notebook from top to bottom.  Some steps are performed outside the notebook, so be sure to carefully read through the notebook and follow all instructions.**\n","authenticationInfo":{},"dateUpdated":"Jun 12, 2017 3:24:24 PM","config":{"editorSetting":{"language":"text","editOnDblClick":false},"colWidth":12,"editorMode":"ace/mode/text","editorHide":true,"results":{},"enabled":true,"graph":{"mode":"table","height":300,"optionOpen":false,"keys":[],"values":[],"groups":[],"scatter":{}}},"settings":{"params":{},"forms":{}},"jobName":"paragraph_1497041446553_849757789","id":"20170310-121811_1837500639","result":{"code":"SUCCESS","type":"HTML","msg":"<h1>Tutorial 2 Setting up your BDCSCE Environment</h1>\n<p>Welcome to Oracle Big Data Cloud Service - Compute Edition (BDCS-CE).</p>\n<p>This tutorial was built for BDCS-CE version 17.2.5.  If you are using a later version of BDCS-CE, please look for a newer version of this tutorial notebook at <a href=\"https://github.com/oracle/learning-library/tree/master/workshops/journey2-new-data-lake\">https://github.com/oracle/learning-library/tree/master/workshops/journey2-new-data-lake</a>.  Questions and feedback about the tutorial: <a href=\"&#109;&#x61;&#x69;&#108;&#x74;&#x6f;&#x3a;&#x64;&#x61;&#x76;&#x69;&#x64;&#x2e;&#x62;&#x61;&#x79;&#97;&#x72;&#100;&#x40;&#x6f;&#114;&#x61;&#x63;&#108;&#x65;&#46;&#x63;&#x6f;&#x6d;\">&#x64;&#x61;&#118;&#105;&#100;&#46;&#98;&#97;&#121;&#x61;&#114;&#x64;&#x40;&#111;&#114;&#x61;&#x63;&#108;&#101;&#x2e;&#x63;&#111;&#109;</a></p>\n<p><strong>Contents</strong></p>\n<ul>\n<li>About Setting up your BDCSCE Environment</li>\n<li>Enabling SSH Network Access</li>\n<li>Connecting via SSH</li>\n<li>Setting up the zeppelin user with sudo access</li>\n<li>Configuring yum and pip</li>\n<li>Installing the python swiftfs client</li>\n<li>Next Steps</li>\n</ul>\n<p>As a reminder, the documentation for BDCS-CE can be found here: <a href=\"http://docs.oracle.com/cloud/latest/big-data-compute-cloud/index.html\">http://docs.oracle.com/cloud/latest/big-data-compute-cloud/index.html</a></p>\n<p><strong>NOTE: You need to run all of the steps <em>one at a time, in order</em> in this notebook from top to bottom.  Some steps are performed outside the notebook, so be sure to carefully read through the notebook and follow all instructions.</strong></p>\n"},"dateCreated":"Jun 9, 2017 4:50:46 PM","dateStarted":"Jun 12, 2017 3:24:23 PM","dateFinished":"Jun 12, 2017 3:24:23 PM","status":"FINISHED","progressUpdateIntervalMs":500,"$$hashKey":"object:209"},{"text":"%md\n#About Setting up your BDCSCE Environment\n\nThis tutorial will walk you through a series of steps to help customize your BDCS-CE environment.  In particular, you will login to the Zeppelin server via SSH and add the zeppelin user to the linux \"sudo\" user list.  This will allow us to use the \"sudo\" utility within our notebook via the Shell interpreter, which will let us configure some extensibility utilities like yum and python's pip.\n\n","dateUpdated":"Jun 9, 2017 4:50:46 PM","config":{"colWidth":12,"editorMode":"ace/mode/markdown","editorHide":true,"graph":{"mode":"table","height":300,"optionOpen":false,"keys":[],"values":[],"groups":[],"scatter":{}},"enabled":true},"settings":{"params":{},"forms":{}},"jobName":"paragraph_1497041446554_850912036","id":"20170314-111945_397799013","result":{"code":"SUCCESS","type":"HTML","msg":"<h1>About Setting up your BDCSCE Environment</h1>\n<p>This tutorial will walk you through a series of steps to help customize your BDCS-CE environment.  In particular, you will login to the Zeppelin server via SSH and add the zeppelin user to the linux &ldquo;sudo&rdquo; user list.  This will allow us to use the &ldquo;sudo&rdquo; utility within our notebook via the Shell interpreter, which will let us configure some extensibility utilities like yum and python's pip.</p>\n"},"dateCreated":"Jun 9, 2017 4:50:46 PM","status":"READY","errorMessage":"","progressUpdateIntervalMs":500,"$$hashKey":"object:210"},{"text":"%md\n#Enabling SSH Network Access\n\nOur first step is to enable network access to our BDCS-CE server via the SSH protocol.  You will do this from the BDCS-CE Service Console.  Here are the steps:\n\n + From the BDCS-CE Service Console, navigate to Access Rules for your BDCS-CE instance.  \n\n + Then, on the Access Rules page, enable the ssh (port 22) access rule by choosing Enable from the clickable menu under the Actions column as shown below.\n![Enable SSH](https://raw.githubusercontent.com/oracle/learning-library/master/workshops/journey2-new-data-lake/images/300/AllowSSH.gif \"Enabling SSH\")\n","authenticationInfo":{},"dateUpdated":"Jun 30, 2017 3:08:53 PM","config":{"editorSetting":{"language":"text","editOnDblClick":false},"colWidth":12,"editorMode":"ace/mode/text","editorHide":true,"results":{},"enabled":true,"graph":{"mode":"table","height":300,"optionOpen":false,"keys":[],"values":[],"groups":[],"scatter":{}}},"settings":{"params":{},"forms":{}},"jobName":"paragraph_1497041446554_850912036","id":"20170310-122115_1671252701","result":{"code":"SUCCESS","type":"HTML","msg":"<h1>Enabling SSH Network Access</h1>\n<p>Our first step is to enable network access to our BDCS-CE server via the SSH protocol.  You will do this from the BDCS-CE Service Console.  Here are the steps:</p>\n<ul>\n<li><p>From the BDCS-CE Service Console, navigate to Access Rules for your BDCS-CE instance.</p>\n</li>\n<li><p>Then, on the Access Rules page, enable the ssh (port 22) access rule by choosing Enable from the clickable menu under the Actions column as shown below.\n<br  /><img src=\"https://raw.githubusercontent.com/oracle/learning-library/master/workshops/journey2-new-data-lake/images/300/AllowSSH.gif\" alt=\"Enable SSH\" title=\"Enabling SSH\" /></p>\n</li>\n</ul>\n"},"dateCreated":"Jun 9, 2017 4:50:46 PM","dateStarted":"Jun 30, 2017 3:08:49 PM","dateFinished":"Jun 30, 2017 3:08:49 PM","status":"FINISHED","progressUpdateIntervalMs":500,"$$hashKey":"object:211","focus":true},{"text":"%md\n#Connecting to your BDCS-CE Zeppelin Server via SSH\n\nFor the next step, you will need to connect your BDCS-CE server via SSH as the linux user opc.  \n\nYou can review how to connect to your BDCS-CE server via SSH by:\n+ Navigate to the product documentation at <http://docs.oracle.com/cloud/latest/big-data-compute-cloud/bigdata-compute-cloud-tasks.html> .  \n+ Click “Tasks” in the navigation bar on the left hands side of the screen.  \n+ Then click the “Connect to a node through SSH” topic under the “Access the Service” category.\n\n![ssh](https://raw.githubusercontent.com/oracle/learning-library/master/workshops/journey2-new-data-lake/images/300/snap0011403.jpg \"Connect as opc via ssh\")\n\n\n###Hint for Windows Users: \nWindows users typically use Putty for SSH.  If you generated a private key via the web console during BDCS-CE instance creation, the downloaded private key will be in openSSH format.  Therefore, you will need to run the puttygen command on your private key to convert it to ppk format.  Here is an example:\n\n![ssh1](https://raw.githubusercontent.com/oracle/learning-library/master/workshops/journey2-new-data-lake/images/300/PuttyPrivateKey.gif \"Windows-create ppk\")\n\nNext, Windows users will specify the location of the private key (in .ppk format) when connecting.  Here is an example:\n![ssh2](https://raw.githubusercontent.com/oracle/learning-library/master/workshops/journey2-new-data-lake/images/300/PuttySSH.gif \"Windows-putty connect\")\n\n","authenticationInfo":{},"dateUpdated":"Jun 30, 2017 3:22:36 PM","config":{"colWidth":12,"editorMode":"ace/mode/markdown","editorHide":true,"graph":{"mode":"table","height":300,"optionOpen":false,"keys":[],"values":[],"groups":[],"scatter":{}},"enabled":true},"settings":{"params":{},"forms":{}},"jobName":"paragraph_1497041446554_850912036","id":"20170314-112051_789947299","result":{"code":"SUCCESS","type":"HTML","msg":"<h1>Connecting to your BDCS-CE Zeppelin Server via SSH</h1>\n<p>For the next step, you will need to connect your BDCS-CE server via SSH as the linux user opc.</p>\n<p>You can review how to connect to your BDCS-CE server via SSH by:</p>\n<ul>\n<li>Navigate to the product documentation at <a href=\"http://docs.oracle.com/cloud/latest/big-data-compute-cloud/bigdata-compute-cloud-tasks.html\">http://docs.oracle.com/cloud/latest/big-data-compute-cloud/bigdata-compute-cloud-tasks.html</a> .</li>\n<li>Click “Tasks” in the navigation bar on the left hands side of the screen.</li>\n<li>Then click the “Connect to a node through SSH” topic under the “Access the Service” category.</li>\n</ul>\n<p><img src=\"https://raw.githubusercontent.com/oracle/learning-library/master/workshops/journey2-new-data-lake/images/300/snap0011403.jpg\" alt=\"ssh\" title=\"Connect as opc via ssh\" /></p>\n<h3>Hint for Windows Users:</h3>\n<p>Windows users typically use Putty for SSH.  If you generated a private key via the web console during BDCS-CE instance creation, the downloaded private key will be in openSSH format.  Therefore, you will need to run the puttygen command on your private key to convert it to ppk format.  Here is an example:</p>\n<p><img src=\"https://raw.githubusercontent.com/oracle/learning-library/master/workshops/journey2-new-data-lake/images/300/PuttyPrivateKey.gif\" alt=\"ssh1\" title=\"Windows-create ppk\" /></p>\n<p>Next, Windows users will specify the location of the private key (in .ppk format) when connecting.  Here is an example:\n<br  /><img src=\"https://raw.githubusercontent.com/oracle/learning-library/master/workshops/journey2-new-data-lake/images/300/PuttySSH.gif\" alt=\"ssh2\" title=\"Windows-putty connect\" /></p>\n"},"dateCreated":"Jun 9, 2017 4:50:46 PM","dateStarted":"Jun 30, 2017 3:22:27 PM","dateFinished":"Jun 30, 2017 3:22:27 PM","status":"FINISHED","progressUpdateIntervalMs":500,"$$hashKey":"object:212","focus":true},{"text":"%md\n#Setting up the zeppelin user with sudo access\n\n + Now that you are connected as opc to your BDCS-CE Master Server, type the following command (minus the quotes): \"sudo visudo\"\n![visudo](https://raw.githubusercontent.com/oracle/learning-library/master/workshops/journey2-new-data-lake/images/300/snap0011404.jpg \"Setting up sudo for zeppelin user\")\n\n + Then type shift-G to move to the bottom of the file.\n\n + Then type the lowercase letter o to open the edit mode\n![visudo](https://raw.githubusercontent.com/oracle/learning-library/master/workshops/journey2-new-data-lake/images/300/snap0011405.jpg \"Setting up sudo for zeppelin user\")\n\n + Then type the following line:\nzeppelin   ALL=(ALL)  NOPASSWD: ALL\n![visudo](https://raw.githubusercontent.com/oracle/learning-library/master/workshops/journey2-new-data-lake/images/300/snap0011406.jpg \"Setting up sudo for zeppelin user\")\n\n + Then hit the ESCAPE key, then type the colon : key, then type the lowercase w followed by the lowercase q\n![visudo](https://raw.githubusercontent.com/oracle/learning-library/master/workshops/journey2-new-data-lake/images/300/snap0011407.jpg \"Setting up sudo for zeppelin user\")\n\n \n + Then hit ENTER\n\n\nHere is an animation of the above:\n![visudo](https://raw.githubusercontent.com/oracle/learning-library/master/workshops/journey2-new-data-lake/images/300/visudo.gif \"Setting up sudo for zeppelin user\")\n\n####To check if this worked, run the paragraph immediately below.  The output should say \"root\".  If not, then sudo is not setup right for this tutorial.","authenticationInfo":{},"dateUpdated":"Jun 16, 2017 1:33:27 PM","config":{"colWidth":12,"editorMode":"ace/mode/markdown","editorHide":true,"graph":{"mode":"table","height":300,"optionOpen":false,"keys":[],"values":[],"groups":[],"scatter":{}},"enabled":true},"settings":{"params":{},"forms":{}},"jobName":"paragraph_1497041446554_850912036","id":"20170314-112120_564248633","result":{"code":"SUCCESS","type":"HTML","msg":"<h1>Setting up the zeppelin user with sudo access</h1>\n<ul>\n<li><p>Now that you are connected as opc to your BDCS-CE Master Server, type the following command (minus the quotes): &ldquo;sudo visudo&rdquo;\n<br  /><img src=\"https://raw.githubusercontent.com/oracle/learning-library/master/workshops/journey2-new-data-lake/images/300/snap0011404.jpg\" alt=\"visudo\" title=\"Setting up sudo for zeppelin user\" /></p>\n</li>\n<li><p>Then type shift-G to move to the bottom of the file.</p>\n</li>\n<li><p>Then type the lowercase letter o to open the edit mode\n<br  /><img src=\"https://raw.githubusercontent.com/oracle/learning-library/master/workshops/journey2-new-data-lake/images/300/snap0011405.jpg\" alt=\"visudo\" title=\"Setting up sudo for zeppelin user\" /></p>\n</li>\n<li><p>Then type the following line:\n<br  />zeppelin   ALL=(ALL)  NOPASSWD: ALL\n<br  /><img src=\"https://raw.githubusercontent.com/oracle/learning-library/master/workshops/journey2-new-data-lake/images/300/snap0011406.jpg\" alt=\"visudo\" title=\"Setting up sudo for zeppelin user\" /></p>\n</li>\n<li><p>Then hit the ESCAPE key, then type the colon : key, then type the lowercase w followed by the lowercase q\n<br  /><img src=\"https://raw.githubusercontent.com/oracle/learning-library/master/workshops/journey2-new-data-lake/images/300/snap0011407.jpg\" alt=\"visudo\" title=\"Setting up sudo for zeppelin user\" /></p>\n</li>\n<li><p>Then hit ENTER</p>\n</li>\n</ul>\n<p>Here is an animation of the above:\n<br  /><img src=\"https://raw.githubusercontent.com/oracle/learning-library/master/workshops/journey2-new-data-lake/images/300/visudo.gif\" alt=\"visudo\" title=\"Setting up sudo for zeppelin user\" /></p>\n<h4>To check if this worked, run the paragraph immediately below.  The output should say &ldquo;root&rdquo;.  If not, then sudo is not setup right for this tutorial.</h4>\n"},"dateCreated":"Jun 9, 2017 4:50:46 PM","dateStarted":"Jun 16, 2017 1:33:23 PM","dateFinished":"Jun 16, 2017 1:33:23 PM","status":"FINISHED","progressUpdateIntervalMs":500,"$$hashKey":"object:213"},{"text":"%md\n#Before you continue...\n\nBefore you continue, be sure to run the paragraph below and check the output.  It should say \"root\"","dateUpdated":"Jun 9, 2017 4:50:46 PM","config":{"colWidth":12,"editorMode":"ace/mode/markdown","editorHide":true,"graph":{"mode":"table","height":300,"optionOpen":false,"keys":[],"values":[],"groups":[],"scatter":{}},"enabled":true},"settings":{"params":{},"forms":{}},"jobName":"paragraph_1497041446554_850912036","id":"20170331-075627_1630370078","result":{"code":"SUCCESS","type":"HTML","msg":"<h1>Before you continue&hellip;</h1>\n<p>Before you continue, be sure to run the paragraph below and check the output.  It should say &ldquo;root&rdquo;</p>\n"},"dateCreated":"Jun 9, 2017 4:50:46 PM","status":"READY","errorMessage":"","progressUpdateIntervalMs":500,"$$hashKey":"object:214"},{"title":"Command to verify that you setup sudo properly.  The output should say root.","text":"%sh\nsudo whoami","authenticationInfo":{},"dateUpdated":"Jun 9, 2017 5:02:26 PM","config":{"colWidth":12,"editorMode":"ace/mode/sh","title":true,"graph":{"mode":"table","height":300,"optionOpen":false,"keys":[],"values":[],"groups":[],"scatter":{}},"enabled":true},"settings":{"params":{},"forms":{}},"jobName":"paragraph_1497041446554_850912036","id":"20170315-202307_1247894822","dateCreated":"Jun 9, 2017 4:50:46 PM","dateStarted":"Jun 9, 2017 5:02:26 PM","dateFinished":"Jun 9, 2017 5:02:26 PM","status":"FINISHED","errorMessage":"","progressUpdateIntervalMs":500,"$$hashKey":"object:215"},{"text":"%md\n#Configuring yum and pip\nNext, we will run a script to configure the installation utilities yum and pip.  These are standard utilities that make it easier to add additional open source modules to our BDCS-CE environment.  Be sure you have completed the above steps first, then run the paragraph below.","dateUpdated":"Jun 9, 2017 4:50:46 PM","config":{"editorSetting":{"language":"text","editOnDblClick":false},"colWidth":12,"editorMode":"ace/mode/text","editorHide":true,"results":{},"enabled":true,"graph":{"mode":"table","height":300,"optionOpen":false,"keys":[],"values":[],"groups":[],"scatter":{}}},"settings":{"params":{},"forms":{}},"jobName":"paragraph_1497041446554_850912036","id":"20170310-122417_378977334","result":{"code":"SUCCESS","type":"HTML","msg":"<h1>Configuring yum and pip</h1>\n<p>Next, we will run a script to configure the installation utilities yum and pip.  These are standard utilities that make it easier to add additional open source modules to our BDCS-CE environment.  Be sure you have completed the above steps first, then run the paragraph below.</p>\n"},"dateCreated":"Jun 9, 2017 4:50:46 PM","status":"READY","errorMessage":"","progressUpdateIntervalMs":500,"$$hashKey":"object:216"},{"title":"Commands to setup yum and pip","text":"%sh\necho \"currently installed yum repositories (will initially be empty)\"\nsudo ls -l /etc/yum.repos.d/\necho \"download latest ol6 repo file\"\nsudo bash -c \"cd /etc/yum.repos.d; wget -nc http://yum.oracle.com/public-yum-ol6.repo; ls -l\"\necho \"clean yum metadata\"\nsudo yum clean metadata 2>&1\necho \"running yum to install python-setuptools. may take 5 to 10 minutes to setup yum cache initially.\"\nsudo yum -y install python-setuptools 2>&1\necho \"after yum\"\necho \"running easy_install\"\nsudo easy_install pip 2>&1\necho \"after easy_install\"\necho \"use pip to upgrade setuptools\"\nsudo pip install --upgrade setuptools 2>&1\necho \"after upgrade setuptools\"\necho \"done\"\n","authenticationInfo":{},"dateUpdated":"Jun 9, 2017 5:04:47 PM","config":{"editorSetting":{"language":"text","editOnDblClick":false},"colWidth":12,"editorMode":"ace/mode/text","title":true,"results":{},"enabled":true,"graph":{"mode":"table","height":300,"optionOpen":false,"keys":[],"values":[],"groups":[],"scatter":{}}},"settings":{"params":{},"forms":{}},"jobName":"paragraph_1497041446555_850527287","id":"20170310-122436_511245864","dateCreated":"Jun 9, 2017 4:50:46 PM","dateStarted":"Jun 9, 2017 5:04:47 PM","dateFinished":"Jun 9, 2017 5:07:35 PM","status":"FINISHED","errorMessage":"","progressUpdateIntervalMs":500,"$$hashKey":"object:217"},{"text":"%md\n#Before you continue...\n\nBefore you continue, be sure to have run the paragraph above to setup yum and pip.","dateUpdated":"Jun 9, 2017 4:50:46 PM","config":{"colWidth":12,"editorMode":"ace/mode/markdown","editorHide":true,"graph":{"mode":"table","height":300,"optionOpen":false,"keys":[],"values":[],"groups":[],"scatter":{}},"enabled":true},"settings":{"params":{},"forms":{}},"jobName":"paragraph_1497041446555_850527287","id":"20170403-100720_886348232","result":{"code":"SUCCESS","type":"HTML","msg":"<h1>Before you continue&hellip;</h1>\n<p>Before you continue, be sure to have run the paragraph above to setup yum and pip.</p>\n"},"dateCreated":"Jun 9, 2017 4:50:46 PM","status":"READY","errorMessage":"","progressUpdateIntervalMs":500,"$$hashKey":"object:218"},{"text":"%md\n#Installing the swift object store command line utility\n\nNext, we will install the \"swift\" command line tool.  This is a command-line utility that simplifies working with the Oracle Storage Cloud Object Store.  The Oracle Object Store supports the industry standard OpenStack Object Storage API.  This OpenStack Object Storage API is known as \"swift\".  The \"swift\" command line is written in Python and we will use the pip utility to install it.\n\nYou can find more details about the swift command line tool here: <https://docs.openstack.org/developer/python-swiftclient/cli.html>\n","dateUpdated":"Jun 9, 2017 4:50:46 PM","config":{"colWidth":12,"editorMode":"ace/mode/markdown","editorHide":true,"graph":{"mode":"table","height":300,"optionOpen":false,"keys":[],"values":[],"groups":[],"scatter":{}},"enabled":true},"settings":{"params":{},"forms":{}},"jobName":"paragraph_1497041446555_850527287","id":"20170314-112552_1991191498","result":{"code":"SUCCESS","type":"HTML","msg":"<h1>Installing the swift object store command line utility</h1>\n<p>Next, we will install the &ldquo;swift&rdquo; command line tool.  This is a command-line utility that simplifies working with the Oracle Storage Cloud Object Store.  The Oracle Object Store supports the industry standard OpenStack Object Storage API.  This OpenStack Object Storage API is known as &ldquo;swift&rdquo;.  The &ldquo;swift&rdquo; command line is written in Python and we will use the pip utility to install it.</p>\n<p>You can find more details about the swift command line tool here: <a href=\"https://docs.openstack.org/developer/python-swiftclient/cli.html\">https://docs.openstack.org/developer/python-swiftclient/cli.html</a></p>\n"},"dateCreated":"Jun 9, 2017 4:50:46 PM","status":"READY","errorMessage":"","progressUpdateIntervalMs":500,"$$hashKey":"object:219"},{"title":"Commands to install python swiftclient","text":"%sh\necho \"use pip to install python-swiftclient\"\nsudo pip install python-swiftclient==2.7.0 2>&1\necho \"after swiftclient\"\necho \"testing swiftclient\"\nswift --help\necho \"done\"","authenticationInfo":{},"dateUpdated":"Jun 9, 2017 5:08:29 PM","config":{"colWidth":12,"editorMode":"ace/mode/sh","title":true,"graph":{"mode":"table","height":300,"optionOpen":false,"keys":[],"values":[],"groups":[],"scatter":{}},"enabled":true},"settings":{"params":{},"forms":{}},"jobName":"paragraph_1497041446555_850527287","id":"20170314-112622_622475096","dateCreated":"Jun 9, 2017 4:50:46 PM","dateStarted":"Jun 9, 2017 5:08:29 PM","dateFinished":"Jun 9, 2017 5:08:32 PM","status":"FINISHED","errorMessage":"","progressUpdateIntervalMs":500,"$$hashKey":"object:220"},{"text":"%md\n#Before you continue...\n\nBefore you continue, be sure to run the paragraph above and check the output.  You should see the help text from the \"swift\" command at the bottom of the output.","dateUpdated":"Jun 9, 2017 4:50:46 PM","config":{"colWidth":12,"editorMode":"ace/mode/scala","editorHide":true,"graph":{"mode":"table","height":300,"optionOpen":false,"keys":[],"values":[],"groups":[],"scatter":{}},"enabled":true},"settings":{"params":{},"forms":{}},"jobName":"paragraph_1497041446555_850527287","id":"20170403-101232_1459292941","result":{"code":"SUCCESS","type":"HTML","msg":"<h1>Before you continue&hellip;</h1>\n<p>Before you continue, be sure to run the paragraph above and check the output.  You should see the help text from the &ldquo;swift&rdquo; command at the bottom of the output.</p>\n"},"dateCreated":"Jun 9, 2017 4:50:46 PM","status":"READY","errorMessage":"","progressUpdateIntervalMs":500,"$$hashKey":"object:221"},{"text":"%md\n#Next steps\n+ Proceed to the next tutorial.\n+ (if desired) Install the \"swift\" command line tool on your own environment to easily upload/download files to the Object Store from your location.  Or, try out the Windows Cloudberry Explorer OpenStack Swift client as another tool to interact with the Oracle Object Store: <https://www.cloudberrylab.com/explorer/openstack.aspx>\n+ (if desired) Review the Oracle Object Store documentation to learn about its UploadCLI tool (very useful for large files) or about its other APIs (REST, Java, etc): <http://docs.oracle.com/en/cloud/iaas/storage-cloud/index.html>","authenticationInfo":{},"dateUpdated":"Jun 16, 2017 1:34:26 PM","config":{"editorSetting":{"language":"text","editOnDblClick":false},"colWidth":12,"editorMode":"ace/mode/text","editorHide":true,"results":{},"enabled":true,"graph":{"mode":"table","height":300,"optionOpen":false,"keys":[],"values":[],"groups":[],"scatter":{}}},"settings":{"params":{},"forms":{}},"jobName":"paragraph_1497041446555_850527287","id":"20170310-122543_2101246987","result":{"code":"SUCCESS","type":"HTML","msg":"<h1>Next steps</h1>\n<ul>\n<li>Proceed to the next tutorial.</li>\n<li>(if desired) Install the &ldquo;swift&rdquo; command line tool on your own environment to easily upload/download files to the Object Store from your location.  Or, try out the Windows Cloudberry Explorer OpenStack Swift client as another tool to interact with the Oracle Object Store: <a href=\"https://www.cloudberrylab.com/explorer/openstack.aspx\">https://www.cloudberrylab.com/explorer/openstack.aspx</a></li>\n<li>(if desired) Review the Oracle Object Store documentation to learn about its UploadCLI tool (very useful for large files) or about its other APIs (REST, Java, etc): <a href=\"http://docs.oracle.com/en/cloud/iaas/storage-cloud/index.html\">http://docs.oracle.com/en/cloud/iaas/storage-cloud/index.html</a></li>\n</ul>\n"},"dateCreated":"Jun 9, 2017 4:50:46 PM","dateStarted":"Jun 16, 2017 1:34:19 PM","dateFinished":"Jun 16, 2017 1:34:19 PM","status":"FINISHED","progressUpdateIntervalMs":500,"$$hashKey":"object:222"},{"dateUpdated":"Jun 9, 2017 4:50:46 PM","config":{"colWidth":12,"editorMode":"ace/mode/scala","graph":{"mode":"table","height":300,"optionOpen":false,"keys":[],"values":[],"groups":[],"scatter":{}},"enabled":true},"settings":{"params":{},"forms":{}},"jobName":"paragraph_1497041446555_850527287","id":"20170314-113927_2095710219","result":{"code":"SUCCESS","type":"TEXT","msg":""},"dateCreated":"Jun 9, 2017 4:50:46 PM","status":"READY","errorMessage":"","progressUpdateIntervalMs":500,"$$hashKey":"object:223"}],"name":" Tutorial 2 Setting up your BDCSCE Environment","id":"2CN3PSKJU","angularObjects":{"2CKYUH771":[],"2CHQCE7WB":[],"2CM73VNZC":[],"2CJ9M7X3E":[],"2CM9MFPDC":[],"2CKUFFGB5":[],"2CH76629W":[],"2CJ6JMU49":[],"2CMM8Y2GW":[]},"config":{"looknfeel":"default"},"info":{}}