﻿{"paragraphs":[{"text":"%md\n# Hello\n\nThis is my first test","user":"anonymous","dateUpdated":"2017-09-27T21:04:35+0000","config":{"colWidth":12,"enabled":true,"results":{},"editorSetting":{"language":"markdown","editOnDblClick":true},"editorMode":"ace/mode/markdown","editorHide":true,"tableHide":false},"settings":{"params":{},"forms":{}},"results":{"code":"SUCCESS","msg":[{"type":"HTML","data":"<div class=\"markdown-body\">\n<h1>Hello</h1>\n<p>This is my first test</p>\n</div>"}]},"apps":[],"jobName":"paragraph_1506546264822_-643594938","id":"20170927-210424_11029088","dateCreated":"2017-09-27T21:04:24+0000","dateStarted":"2017-09-27T21:04:35+0000","dateFinished":"2017-09-27T21:04:37+0000","status":"FINISHED","progressUpdateIntervalMs":500,"focus":true,"$$hashKey":"object:3536"},{"text":"%sh\nwhoami\n","user":"anonymous","dateUpdated":"2017-09-27T21:04:45+0000","config":{"colWidth":12,"enabled":true,"results":{},"editorSetting":{"language":"sh","editOnDblClick":false},"editorMode":"ace/mode/sh"},"settings":{"params":{},"forms":{}},"results":{"code":"SUCCESS","msg":[{"type":"TEXT","data":"oracle\n"}]},"apps":[],"jobName":"paragraph_1506546275378_1067398745","id":"20170927-210435_1309709593","dateCreated":"2017-09-27T21:04:35+0000","dateStarted":"2017-09-27T21:04:45+0000","dateFinished":"2017-09-27T21:04:46+0000","status":"FINISHED","progressUpdateIntervalMs":500,"$$hashKey":"object:3537"},{"text":"%sh\npwd\necho $ORACLE_HOME","user":"anonymous","dateUpdated":"2017-09-27T21:19:06+0000","config":{"colWidth":12,"enabled":true,"results":{},"editorSetting":{"language":"sh","editOnDblClick":false},"editorMode":"ace/mode/sh"},"settings":{"params":{},"forms":{}},"results":{"code":"SUCCESS","msg":[{"type":"TEXT","data":"/home/oracle\n/u01/app/oracle/product/12.1.0/dbhome_1\n"}]},"apps":[],"jobName":"paragraph_1506546285575_-1292266259","id":"20170927-210445_1422044136","dateCreated":"2017-09-27T21:04:45+0000","dateStarted":"2017-09-27T21:19:06+0000","dateFinished":"2017-09-27T21:19:06+0000","status":"FINISHED","progressUpdateIntervalMs":500,"$$hashKey":"object:3538"},{"text":"%sh\nlsnrctl status","user":"anonymous","dateUpdated":"2017-09-27T21:20:16+0000","config":{"colWidth":12,"enabled":true,"results":{},"editorSetting":{"language":"sh","editOnDblClick":false},"editorMode":"ace/mode/sh"},"settings":{"params":{},"forms":{}},"results":{"code":"SUCCESS","msg":[{"type":"TEXT","data":"\nLSNRCTL for Linux: Version 12.1.0.2.0 - Production on 27-SEP-2017 21:20:16\n\nCopyright (c) 1991, 2017, Oracle.  All rights reserved.\n\nConnecting to (DESCRIPTION=(ADDRESS=(PROTOCOL=TCP)(HOST=dcb-db-sep27.compute-gse00010212.oraclecloud.internal)(PORT=1521)))\nSTATUS of the LISTENER\n------------------------\nAlias                     LISTENER\nVersion                   TNSLSNR for Linux: Version 12.1.0.2.0 - Production\nStart Date                27-SEP-2017 20:12:06\nUptime                    0 days 1 hr. 8 min. 10 sec\nTrace Level               off\nSecurity                  ON: Local OS Authentication\nSNMP                      OFF\nListener Parameter File   /u01/app/oracle/product/12.1.0/dbhome_1/network/admin/listener.ora\nListener Log File         /u01/app/oracle/diag/tnslsnr/dcb-db-sep27/listener/alert/log.xml\nListening Endpoints Summary...\n  (DESCRIPTION=(ADDRESS=(PROTOCOL=tcp)(HOST=dcb-db-sep27.compute-gse00010212.oraclecloud.internal)(PORT=1521)))\n  (DESCRIPTION=(ADDRESS=(PROTOCOL=ipc)(KEY=EXTPROC1521)))\n  (DESCRIPTION=(ADDRESS=(PROTOCOL=tcps)(HOST=dcb-db-sep27.compute-gse00010212.oraclecloud.internal)(PORT=5500))(Security=(my_wallet_directory=/u01/app/oracle/admin/ORCL/xdb_wallet))(Presentation=HTTP)(Session=RAW))\nServices Summary...\nService \"ORCL.gse00010212.oraclecloud.internal\" has 1 instance(s).\n  Instance \"ORCL\", status READY, has 1 handler(s) for this service...\nService \"ORCL.gse00010212.oraclecloud.internalXDB\" has 1 instance(s).\n  Instance \"ORCL\", status READY, has 1 handler(s) for this service...\nService \"pdb1.gse00010212.oraclecloud.internal\" has 1 instance(s).\n  Instance \"ORCL\", status READY, has 1 handler(s) for this service...\nThe command completed successfully\n"}]},"apps":[],"jobName":"paragraph_1506546439922_-902886692","id":"20170927-210719_841667824","dateCreated":"2017-09-27T21:07:19+0000","dateStarted":"2017-09-27T21:20:16+0000","dateFinished":"2017-09-27T21:20:16+0000","status":"FINISHED","progressUpdateIntervalMs":500,"$$hashKey":"object:3539"},{"text":"%sh\necho \"Script to set some zeppelin jdbc parameters\"\n\necho \"Set the User, Password, and ConnectString parameters in the script as appropriate\"\nUser=scott\nPassword=tiger\nConnectString=\"dcb-db-sep27:1521/PDB1.gse00010212.oraclecloud.internal\"\necho $ConnectString\n\ncat <<EOF > /tmp/jdbc_settings.py\n#!/usr/local/bin/python\n#based on https://community.hortonworks.com/articles/36031/sample-code-to-automate-interacting-with-zeppelin.html by Ali Bajwa\ndef post_request(url, body):\n  import json, urllib2\n  encoded_body = json.dumps(body)\n  req = urllib2.Request(str(url), encoded_body)\n  req.get_method = lambda: 'PUT'\n  try:\n    response = urllib2.urlopen(req, encoded_body).read()\n  except urllib2.HTTPError, error:\n    print 'Exception: ' + error.read()\n  jsonresp = json.loads(response.decode('utf-8'))\n  print jsonresp['status']\n        \n \n \nimport json, urllib2\nzeppelin_int_url = 'http://127.0.0.1:9090/api/interpreter/setting/'\ndata = json.load(urllib2.urlopen(zeppelin_int_url))\nfor body in data['body']:\n  if body['group'] == 'jdbc':\n    jdbcbody = body\n  elif body['group'] == 'spark':\n    sparkbody = body    \n    \n\n \njdbcbody['properties']['orcl-scott.driver'] = 'oracle.jdbc.OracleDriver'\njdbcbody['properties']['orcl-scott.user'] = '$User'\n#jdbcbody['properties']['orcl-scott.password'] = '$Password'  \n#Zeppelin seems to be setting password to null, so leave it out\n#so for now, put the password in the connect string\njdbcbody['properties']['orcl-scott.url'] = 'jdbc:oracle:thin:$User/$Password@//$ConnectString'\n\n\nmy_dict = {'groupArtifactVersion':  '/u01/app/oracle/product/12.1.0/dbhome_1/jdbc/lib/ojdbc7.jar',       'local': False}\njdbcbody['dependencies'].append(my_dict)\npost_request(zeppelin_int_url + jdbcbody['id'], jdbcbody)\nEOF\ncat /tmp/jdbc_settings.py\necho \"..\"\npython /tmp/jdbc_settings.py","user":"anonymous","dateUpdated":"2017-09-27T21:35:40+0000","config":{"colWidth":12,"enabled":true,"results":{},"editorSetting":{"language":"sh","editOnDblClick":false},"editorMode":"ace/mode/sh"},"settings":{"params":{},"forms":{}},"results":{"code":"SUCCESS","msg":[{"type":"TEXT","data":"Script to set some zeppelin jdbc parameters\nSet the User, Password, and ConnectString parameters in the script as appropriate\ndcb-db-sep27:1521/PDB1.gse00010212.oraclecloud.internal\n#!/usr/local/bin/python\n#based on https://community.hortonworks.com/articles/36031/sample-code-to-automate-interacting-with-zeppelin.html by Ali Bajwa\ndef post_request(url, body):\n  import json, urllib2\n  encoded_body = json.dumps(body)\n  req = urllib2.Request(str(url), encoded_body)\n  req.get_method = lambda: 'PUT'\n  try:\n    response = urllib2.urlopen(req, encoded_body).read()\n  except urllib2.HTTPError, error:\n    print 'Exception: ' + error.read()\n  jsonresp = json.loads(response.decode('utf-8'))\n  print jsonresp['status']\n        \n \n \nimport json, urllib2\nzeppelin_int_url = 'http://127.0.0.1:9090/api/interpreter/setting/'\ndata = json.load(urllib2.urlopen(zeppelin_int_url))\nfor body in data['body']:\n  if body['group'] == 'jdbc':\n    jdbcbody = body\n  elif body['group'] == 'spark':\n    sparkbody = body    \n    \n\n \njdbcbody['properties']['orcl-scott.driver'] = 'oracle.jdbc.OracleDriver'\njdbcbody['properties']['orcl-scott.user'] = 'scott'\n#jdbcbody['properties']['orcl-scott.password'] = 'tiger'  \n#Zeppelin seems to be setting password to null, so leave it out\n#so for now, put the password in the connect string\njdbcbody['properties']['orcl-scott.url'] = 'jdbc:oracle:thin:scott/tiger@//dcb-db-sep27:1521/PDB1.gse00010212.oraclecloud.internal'\n\n\nmy_dict = {'groupArtifactVersion':  '/u01/app/oracle/product/12.1.0/dbhome_1/jdbc/lib/ojdbc7.jar',       'local': False}\njdbcbody['dependencies'].append(my_dict)\npost_request(zeppelin_int_url + jdbcbody['id'], jdbcbody)\n..\nOK\n"}]},"apps":[],"jobName":"paragraph_1506546516193_-163845352","id":"20170927-210836_2004716688","dateCreated":"2017-09-27T21:08:36+0000","dateStarted":"2017-09-27T21:35:40+0000","dateFinished":"2017-09-27T21:35:44+0000","status":"FINISHED","progressUpdateIntervalMs":500,"$$hashKey":"object:3540"},{"text":"%jdbc(orcl-scott)\nselect * from all_tables","user":"anonymous","dateUpdated":"2017-09-27T21:35:53+0000","config":{"colWidth":12,"enabled":true,"results":{},"editorSetting":{"language":"text","editOnDblClick":false},"editorMode":"ace/mode/text"},"settings":{"params":{},"forms":{}},"results":{"code":"SUCCESS","msg":[{"type":"TABLE","data":"OWNER\tTABLE_NAME\tTABLESPACE_NAME\tCLUSTER_NAME\tIOT_NAME\tSTATUS\tPCT_FREE\tPCT_USED\tINI_TRANS\tMAX_TRANS\tINITIAL_EXTENT\tNEXT_EXTENT\tMIN_EXTENTS\tMAX_EXTENTS\tPCT_INCREASE\tFREELISTS\tFREELIST_GROUPS\tLOGGING\tBACKED_UP\tNUM_ROWS\tBLOCKS\tEMPTY_BLOCKS\tAVG_SPACE\tCHAIN_CNT\tAVG_ROW_LEN\tAVG_SPACE_FREELIST_BLOCKS\tNUM_FREELIST_BLOCKS\tDEGREE\tINSTANCES\tCACHE\tTABLE_LOCK\tSAMPLE_SIZE\tLAST_ANALYZED\tPARTITIONED\tIOT_TYPE\tTEMPORARY\tSECONDARY\tNESTED\tBUFFER_POOL\tFLASH_CACHE\tCELL_FLASH_CACHE\tROW_MOVEMENT\tGLOBAL_STATS\tUSER_STATS\tDURATION\tSKIP_CORRUPT\tMONITORING\tCLUSTER_OWNER\tDEPENDENCIES\tCOMPRESSION\tCOMPRESS_FOR\tDROPPED\tREAD_ONLY\tSEGMENT_CREATED\tRESULT_CACHE\tCLUSTERING\tACTIVITY_TRACKING\tDML_TIMESTAMP\tHAS_IDENTITY\tCONTAINER_DATA\tINMEMORY\tINMEMORY_PRIORITY\tINMEMORY_DISTRIBUTE\tINMEMORY_COMPRESSION\tINMEMORY_DUPLICATE\nSYS\tDUAL\tSYSTEM\tnull\tnull\tVALID\t10\t40\t1\t255\t16384\t1048576\t1\t2147483645\tnull\t1\t1\tYES\tN\t1\t1\t0\t0\t0\t2\t0\t0\t         1\t         1\t    N\tENABLED\t1\t2014-07-07 06:04:47.0\tNO\tnull\tN\tN\tNO\tDEFAULT\tDEFAULT\tDEFAULT\tDISABLED\tYES\tNO\tnull\tDISABLED\tYES\tnull\tDISABLED\tDISABLED\tnull\tNO\tNO\tYES\tDEFAULT\tNO\tnull\tnull\tNO\tNO\tDISABLED\tnull\tnull\tnull\tnull\nSYS\tSYSTEM_PRIVILEGE_MAP\tSYSTEM\tnull\tnull\tVALID\t10\t40\t1\t255\t65536\t1048576\t1\t2147483645\tnull\t1\t1\tYES\tN\t237\t2\t0\t0\t0\t27\t0\t0\t         1\t         1\t    N\tENABLED\t237\t2014-07-07 06:05:04.0\tNO\tnull\tN\tN\tNO\tDEFAULT\tDEFAULT\tDEFAULT\tDISABLED\tYES\tNO\tnull\tDISABLED\tYES\tnull\tDISABLED\tDISABLED\tnull\tNO\tNO\tYES\tDEFAULT\tNO\tnull\tnull\tNO\tNO\tDISABLED\tnull\tnull\tnull\tnull\nSYS\tTABLE_PRIVILEGE_MAP\tSYSTEM\tnull\tnull\tVALID\t10\t40\t1\t255\t65536\t1048576\t1\t2147483645\tnull\t1\t1\tYES\tN\t26\t1\t0\t0\t0\t11\t0\t0\t         1\t         1\t    N\tENABLED\t26\t2014-07-07 06:05:04.0\tNO\tnull\tN\tN\tNO\tDEFAULT\tDEFAULT\tDEFAULT\tDISABLED\tYES\tNO\tnull\tDISABLED\tYES\tnull\tDISABLED\tDISABLED\tnull\tNO\tNO\tYES\tDEFAULT\tNO\tnull\tnull\tNO\tNO\tDISABLED\tnull\tnull\tnull\tnull\nSYS\tUSER_PRIVILEGE_MAP\tSYSTEM\tnull\tnull\tVALID\t10\t40\t1\t255\t65536\t1048576\t1\t2147483645\tnull\t1\t1\tYES\tN\t2\t1\t0\t0\t0\t20\t0\t0\t         1\t         1\t    N\tENABLED\t2\t2014-07-07 06:05:06.0\tNO\tnull\tN\tN\tNO\tDEFAULT\tDEFAULT\tDEFAULT\tDISABLED\tYES\tNO\tnull\tDISABLED\tYES\tnull\tDISABLED\tDISABLED\tnull\tNO\tNO\tYES\tDEFAULT\tNO\tnull\tnull\tNO\tNO\tDISABLED\tnull\tnull\tnull\tnull\nSYS\tSTMT_AUDIT_OPTION_MAP\tSYSTEM\tnull\tnull\tVALID\t10\t40\t1\t255\t65536\t1048576\t1\t2147483645\tnull\t1\t1\tYES\tN\t308\t2\t0\t0\t0\t24\t0\t0\t         1\t         1\t    N\tENABLED\t308\t2014-07-07 06:05:02.0\tNO\tnull\tN\tN\tNO\tDEFAULT\tDEFAULT\tDEFAULT\tDISABLED\tYES\tNO\tnull\tDISABLED\tYES\tnull\tDISABLED\tDISABLED\tnull\tNO\tNO\tYES\tDEFAULT\tNO\tnull\tnull\tNO\tNO\tDISABLED\tnull\tnull\tnull\tnull\nSYS\tAUDIT_ACTIONS\tSYSTEM\tnull\tnull\tVALID\t10\t40\t1\t255\t65536\t1048576\t1\t2147483645\tnull\t1\t1\tYES\tN\t212\t1\t0\t0\t0\t20\t0\t0\t         1\t         1\t    N\tENABLED\t212\t2014-07-07 06:04:41.0\tNO\tnull\tN\tN\tNO\tDEFAULT\tDEFAULT\tDEFAULT\tDISABLED\tYES\tNO\tnull\tDISABLED\tYES\tnull\tDISABLED\tDISABLED\tnull\tNO\tNO\tYES\tDEFAULT\tNO\tnull\tnull\tNO\tNO\tDISABLED\tnull\tnull\tnull\tnull\nXDB\tXDB$IMPORT_TT_INFO\tSYSAUX\tnull\tnull\tVALID\t10\tnull\t1\t255\tnull\tnull\tnull\tnull\tnull\tnull\tnull\tYES\tN\t0\t0\t0\t0\t0\t0\t0\t0\t         1\t         1\t    N\tENABLED\t0\t2014-07-07 06:04:25.0\tNO\tnull\tN\tN\tNO\tDEFAULT\tDEFAULT\tDEFAULT\tDISABLED\tYES\tNO\tnull\tDISABLED\tYES\tnull\tDISABLED\tDISABLED\tnull\tNO\tNO\tNO\tDEFAULT\tNO\tnull\tnull\tNO\tNO\tDISABLED\tnull\tnull\tnull\tnull\nXDB\tXDB_INDEX_DDL_CACHE\tSYSAUX\tnull\tnull\tVALID\t10\tnull\t1\t255\tnull\tnull\tnull\tnull\tnull\tnull\tnull\tYES\tN\tnull\tnull\tnull\tnull\tnull\tnull\tnull\tnull\t         1\t         1\t    N\tENABLED\tnull\tnull\tNO\tnull\tN\tN\tNO\tDEFAULT\tDEFAULT\tDEFAULT\tDISABLED\tNO\tNO\tnull\tDISABLED\tYES\tnull\tDISABLED\tDISABLED\tnull\tNO\tNO\tNO\tDEFAULT\tNO\tnull\tnull\tNO\tNO\tDISABLED\tnull\tnull\tnull\tnull\nSYSTEM\tHELP\tSYSTEM\tnull\tnull\tVALID\t0\t40\t1\t255\t49152\t1048576\t1\t2147483645\tnull\t1\t1\tYES\tN\t938\t7\t0\t0\t0\t40\t0\t0\t         1\t         1\t    N\tENABLED\t938\t2014-07-07 06:08:56.0\tNO\tnull\tN\tN\tNO\tDEFAULT\tDEFAULT\tDEFAULT\tDISABLED\tYES\tNO\tnull\tDISABLED\tYES\tnull\tDISABLED\tDISABLED\tnull\tNO\tNO\tYES\tDEFAULT\tNO\tnull\tnull\tNO\tNO\tDISABLED\tnull\tnull\tnull\tnull\nCTXSYS\tDR$OBJECT_ATTRIBUTE\tSYSAUX\tnull\tnull\tVALID\t10\tnull\t1\t255\t24576\t24576\t1\t2147483645\tnull\tnull\tnull\tYES\tN\t436\t5\t0\t0\t0\t75\t0\t0\t         1\t         1\t    N\tENABLED\t436\t2014-07-07 06:11:43.0\tNO\tnull\tN\tN\tNO\tDEFAULT\tDEFAULT\tDEFAULT\tDISABLED\tYES\tNO\tnull\tDISABLED\tYES\tnull\tDISABLED\tDISABLED\tnull\tNO\tNO\tYES\tDEFAULT\tNO\tnull\tnull\tNO\tNO\tDISABLED\tnull\tnull\tnull\tnull\nCTXSYS\tDR$POLICY_TAB\tSYSAUX\tnull\tnull\tVALID\t10\tnull\t1\t255\tnull\tnull\tnull\tnull\tnull\tnull\tnull\tYES\tN\t0\t0\t0\t0\t0\t0\t0\t0\t         1\t         1\t    N\tENABLED\t0\t2014-07-07 06:11:43.0\tNO\tnull\tN\tN\tNO\tDEFAULT\tDEFAULT\tDEFAULT\tDISABLED\tYES\tNO\tnull\tDISABLED\tYES\tnull\tDISABLED\tDISABLED\tnull\tNO\tNO\tNO\tDEFAULT\tNO\tnull\tnull\tNO\tNO\tDISABLED\tnull\tnull\tnull\tnull\nCTXSYS\tDR$THS\tSYSAUX\tnull\tnull\tVALID\t10\tnull\t1\t255\tnull\tnull\tnull\tnull\tnull\tnull\tnull\tYES\tN\t0\t0\t0\t0\t0\t0\t0\t0\t         1\t         1\t    N\tENABLED\t0\t2014-07-07 06:11:44.0\tNO\tnull\tN\tN\tNO\tDEFAULT\tDEFAULT\tDEFAULT\tDISABLED\tYES\tNO\tnull\tDISABLED\tYES\tnull\tDISABLED\tDISABLED\tnull\tNO\tNO\tNO\tDEFAULT\tNO\tnull\tnull\tNO\tNO\tDISABLED\tnull\tnull\tnull\tnull\nCTXSYS\tDR$THS_PHRASE\tSYSAUX\tnull\tnull\tVALID\t10\tnull\t1\t255\tnull\tnull\tnull\tnull\tnull\tnull\tnull\tYES\tN\t0\t0\t0\t0\t0\t0\t0\t0\t         1\t         1\t    N\tENABLED\t0\t2014-07-07 06:11:44.0\tNO\tnull\tN\tN\tNO\tDEFAULT\tDEFAULT\tDEFAULT\tDISABLED\tYES\tNO\tnull\tDISABLED\tYES\tnull\tDISABLED\tDISABLED\tnull\tNO\tNO\tNO\tDEFAULT\tNO\tnull\tnull\tNO\tNO\tDISABLED\tnull\tnull\tnull\tnull\nCTXSYS\tDR$NUMBER_SEQUENCE\tSYSAUX\tnull\tnull\tVALID\t10\tnull\t1\t255\t65536\t1048576\t1\t2147483645\tnull\tnull\tnull\tYES\tN\t2048\t5\t0\t0\t0\t4\t0\t0\t         1\t         1\t    N\tENABLED\t2048\t2014-07-07 06:11:43.0\tNO\tnull\tN\tN\tNO\tDEFAULT\tDEFAULT\tDEFAULT\tDISABLED\tYES\tNO\tnull\tDISABLED\tYES\tnull\tDISABLED\tDISABLED\tnull\tNO\tNO\tYES\tDEFAULT\tNO\tnull\tnull\tNO\tNO\tDISABLED\tnull\tnull\tnull\tnull\nMDSYS\tOGIS_GEOMETRY_COLUMNS\tSYSAUX\tnull\tnull\tVALID\t10\tnull\t1\t255\tnull\tnull\tnull\tnull\tnull\tnull\tnull\tYES\tN\t0\t0\t0\t0\t0\t0\t0\t0\t         1\t         1\t    N\tENABLED\t0\t2014-07-07 06:20:02.0\tNO\tnull\tN\tN\tNO\tDEFAULT\tDEFAULT\tDEFAULT\tDISABLED\tYES\tNO\tnull\tDISABLED\tYES\tnull\tDISABLED\tDISABLED\tnull\tNO\tNO\tNO\tDEFAULT\tNO\tnull\tnull\tNO\tNO\tDISABLED\tnull\tnull\tnull\tnull\nMDSYS\tSDO_UNITS_OF_MEASURE\tSYSAUX\tnull\tnull\tVALID\t10\tnull\t1\t255\t65536\t1048576\t1\t2147483645\tnull\tnull\tnull\tYES\tN\t141\t5\t0\t0\t0\t89\t0\t0\t         1\t         1\t    N\tENABLED\t141\t2014-07-07 06:20:06.0\tNO\tnull\tN\tN\tNO\tDEFAULT\tDEFAULT\tDEFAULT\tDISABLED\tYES\tNO\tnull\tDISABLED\tYES\tnull\tDISABLED\tDISABLED\tnull\tNO\tNO\tYES\tDEFAULT\tNO\tnull\tnull\tNO\tNO\tDISABLED\tnull\tnull\tnull\tnull\nMDSYS\tSDO_PRIME_MERIDIANS\tSYSAUX\tnull\tnull\tVALID\t10\tnull\t1\t255\t65536\t1048576\t1\t2147483645\tnull\tnull\tnull\tYES\tN\t17\t5\t0\t0\t0\t53\t0\t0\t         1\t         1\t    N\tENABLED\t17\t2014-07-07 06:20:05.0\tNO\tnull\tN\tN\tNO\tDEFAULT\tDEFAULT\tDEFAULT\tDISABLED\tYES\tNO\tnull\tDISABLED\tYES\tnull\tDISABLED\tDISABLED\tnull\tNO\tNO\tYES\tDEFAULT\tNO\tnull\tnull\tNO\tNO\tDISABLED\tnull\tnull\tnull\tnull\nMDSYS\tSDO_ELLIPSOIDS\tSYSAUX\tnull\tnull\tVALID\t10\tnull\t1\t255\t65536\t1048576\t1\t2147483645\tnull\tnull\tnull\tYES\tN\t104\t5\t0\t0\t0\t87\t0\t0\t         1\t         1\t    N\tENABLED\t104\t2014-07-07 06:20:05.0\tNO\tnull\tN\tN\tNO\tDEFAULT\tDEFAULT\tDEFAULT\tDISABLED\tYES\tNO\tnull\tDISABLED\tYES\tnull\tDISABLED\tDISABLED\tnull\tNO\tNO\tYES\tDEFAULT\tNO\tnull\tnull\tNO\tNO\tDISABLED\tnull\tnull\tnull\tnull\nMDSYS\tSDO_DATUMS\tSYSAUX\tnull\tnull\tVALID\t10\tnull\t1\t255\t65536\t1048576\t1\t2147483645\tnull\tnull\tnull\tYES\tN\t719\t13\t0\t0\t0\t98\t0\t0\t         1\t         1\t    N\tENABLED\t719\t2014-07-07 06:20:05.0\tNO\tnull\tN\tN\tNO\tDEFAULT\tDEFAULT\tDEFAULT\tDISABLED\tYES\tNO\tnull\tDISABLED\tYES\tnull\tDISABLED\tDISABLED\tnull\tNO\tNO\tYES\tDEFAULT\tNO\tnull\tnull\tNO\tNO\tDISABLED\tnull\tnull\tnull\tnull\nMDSYS\tSDO_COORD_SYS\tSYSAUX\tnull\tnull\tVALID\t10\tnull\t1\t255\t65536\t1048576\t1\t2147483645\tnull\tnull\tnull\tYES\tN\t139\t5\t0\t0\t0\t119\t0\t0\t         1\t         1\t    N\tENABLED\t139\t2014-07-07 06:20:05.0\tNO\tnull\tN\tN\tNO\tDEFAULT\tDEFAULT\tDEFAULT\tDISABLED\tYES\tNO\tnull\tDISABLED\tYES\tnull\tDISABLED\tDISABLED\tnull\tNO\tNO\tYES\tDEFAULT\tNO\tnull\tnull\tNO\tNO\tDISABLED\tnull\tnull\tnull\tnull\nMDSYS\tSDO_COORD_AXIS_NAMES\tSYSAUX\tnull\tnull\tVALID\t10\tnull\t1\t255\t65536\t1048576\t1\t2147483645\tnull\tnull\tnull\tYES\tN\t31\t5\t0\t0\t0\t19\t0\t0\t         1\t         1\t    N\tENABLED\t31\t2014-07-07 06:20:03.0\tNO\tnull\tN\tN\tNO\tDEFAULT\tDEFAULT\tDEFAULT\tDISABLED\tYES\tNO\tnull\tDISABLED\tYES\tnull\tDISABLED\tDISABLED\tnull\tNO\tNO\tYES\tDEFAULT\tNO\tnull\tnull\tNO\tNO\tDISABLED\tnull\tnull\tnull\tnull\nMDSYS\tSDO_COORD_AXES\tSYSAUX\tnull\tnull\tVALID\t10\tnull\t1\t255\t65536\t1048576\t1\t2147483645\tnull\tnull\tnull\tYES\tN\t292\t5\t0\t0\t0\t26\t0\t0\t         1\t         1\t    N\tENABLED\t292\t2014-07-07 06:20:02.0\tNO\tnull\tN\tN\tNO\tDEFAULT\tDEFAULT\tDEFAULT\tDISABLED\tYES\tNO\tnull\tDISABLED\tYES\tnull\tDISABLED\tDISABLED\tnull\tNO\tNO\tYES\tDEFAULT\tNO\tnull\tnull\tNO\tNO\tDISABLED\tnull\tnull\tnull\tnull\nMDSYS\tSDO_COORD_REF_SYS\tSYSAUX\tnull\tnull\tVALID\t10\tnull\t1\t255\t65536\t1048576\t1\t2147483645\tnull\tnull\tnull\tYES\tN\t5962\t244\t0\t0\t0\t187\t0\t0\t         1\t         1\t    N\tENABLED\t5962\t2014-07-07 06:20:04.0\tNO\tnull\tN\tN\tNO\tDEFAULT\tDEFAULT\tDEFAULT\tDISABLED\tYES\tNO\tnull\tDISABLED\tYES\tnull\tDISABLED\tDISABLED\tnull\tNO\tNO\tYES\tDEFAULT\tNO\tnull\tnull\tNO\tNO\tDISABLED\tnull\tnull\tnull\tnull\nMDSYS\tSDO_COORD_OP_METHODS\tSYSAUX\tnull\tnull\tVALID\t10\tnull\t1\t255\t65536\t1048576\t1\t2147483645\tnull\tnull\tnull\tYES\tN\t129\t5\t0\t0\t0\t89\t0\t0\t         1\t         1\t    N\tENABLED\t129\t2014-07-07 06:20:03.0\tNO\tnull\tN\tN\tNO\tDEFAULT\tDEFAULT\tDEFAULT\tDISABLED\tYES\tNO\tnull\tDISABLED\tYES\tnull\tDISABLED\tDISABLED\tnull\tNO\tNO\tYES\tDEFAULT\tNO\tnull\tnull\tNO\tNO\tDISABLED\tnull\tnull\tnull\tnull\nMDSYS\tSDO_COORD_OPS\tSYSAUX\tnull\tnull\tVALID\t10\tnull\t1\t255\t65536\t1048576\t1\t2147483645\tnull\tnull\tnull\tYES\tN\t3655\t73\t0\t0\t0\t148\t0\t0\t         1\t         1\t    N\tENABLED\t3655\t2014-07-07 06:20:03.0\tNO\tnull\tN\tN\tNO\tDEFAULT\tDEFAULT\tDEFAULT\tDISABLED\tYES\tNO\tnull\tDISABLED\tYES\tnull\tDISABLED\tDISABLED\tnull\tNO\tNO\tYES\tDEFAULT\tNO\tnull\tnull\tNO\tNO\tDISABLED\tnull\tnull\tnull\tnull\nMDSYS\tSDO_PREFERRED_OPS_SYSTEM\tSYSAUX\tnull\tnull\tVALID\t10\tnull\t1\t255\tnull\tnull\tnull\tnull\tnull\tnull\tnull\tYES\tN\t0\t0\t0\t0\t0\t0\t0\t0\t         1\t         1\t    N\tENABLED\t0\t2014-07-07 06:20:05.0\tNO\tnull\tN\tN\tNO\tDEFAULT\tDEFAULT\tDEFAULT\tDISABLED\tYES\tNO\tnull\tDISABLED\tYES\tnull\tDISABLED\tDISABLED\tnull\tNO\tNO\tNO\tDEFAULT\tNO\tnull\tnull\tNO\tNO\tDISABLED\tnull\tnull\tnull\tnull\nMDSYS\tSDO_PREFERRED_OPS_USER\tSYSAUX\tnull\tnull\tVALID\t10\tnull\t1\t255\tnull\tnull\tnull\tnull\tnull\tnull\tnull\tYES\tN\t0\t0\t0\t0\t0\t0\t0\t0\t         1\t         1\t    N\tENABLED\t0\t2014-07-07 06:20:05.0\tNO\tnull\tN\tN\tNO\tDEFAULT\tDEFAULT\tDEFAULT\tDISABLED\tYES\tNO\tnull\tDISABLED\tYES\tnull\tDISABLED\tDISABLED\tnull\tNO\tNO\tNO\tDEFAULT\tNO\tnull\tnull\tNO\tNO\tDISABLED\tnull\tnull\tnull\tnull\nMDSYS\tSDO_COORD_OP_PATHS\tSYSAUX\tnull\tnull\tVALID\t10\tnull\t1\t255\t65536\t1048576\t1\t2147483645\tnull\tnull\tnull\tYES\tN\t392\t5\t0\t0\t0\t19\t0\t0\t         1\t         1\t    N\tENABLED\t392\t2014-07-07 06:20:04.0\tNO\tnull\tN\tN\tNO\tDEFAULT\tDEFAULT\tDEFAULT\tDISABLED\tYES\tNO\tnull\tDISABLED\tYES\tnull\tDISABLED\tDISABLED\tnull\tNO\tNO\tYES\tDEFAULT\tNO\tnull\tnull\tNO\tNO\tDISABLED\tnull\tnull\tnull\tnull\nMDSYS\tSDO_COORD_OP_PARAMS\tSYSAUX\tnull\tnull\tVALID\t10\tnull\t1\t255\t65536\t1048576\t1\t2147483645\tnull\tnull\tnull\tYES\tN\t179\t5\t0\t0\t0\t64\t0\t0\t         1\t         1\t    N\tENABLED\t179\t2014-07-07 06:20:03.0\tNO\tnull\tN\tN\tNO\tDEFAULT\tDEFAULT\tDEFAULT\tDISABLED\tYES\tNO\tnull\tDISABLED\tYES\tnull\tDISABLED\tDISABLED\tnull\tNO\tNO\tYES\tDEFAULT\tNO\tnull\tnull\tNO\tNO\tDISABLED\tnull\tnull\tnull\tnull\nMDSYS\tSDO_COORD_OP_PARAM_USE\tSYSAUX\tnull\tnull\tVALID\t10\tnull\t1\t255\t65536\t1048576\t1\t2147483645\tnull\tnull\tnull\tYES\tN\t876\t5\t0\t0\t0\t16\t0\t0\t         1\t         1\t    N\tENABLED\t876\t2014-07-07 06:20:03.0\tNO\tnull\tN\tN\tNO\tDEFAULT\tDEFAULT\tDEFAULT\tDISABLED\tYES\tNO\tnull\tDISABLED\tYES\tnull\tDISABLED\tDISABLED\tnull\tNO\tNO\tYES\tDEFAULT\tNO\tnull\tnull\tNO\tNO\tDISABLED\tnull\tnull\tnull\tnull\nMDSYS\tSDO_COORD_OP_PARAM_VALS\tSYSAUX\tnull\tnull\tVALID\t10\tnull\t1\t255\t65536\t1048576\t1\t2147483645\tnull\tnull\tnull\tYES\tN\t15082\t65\t0\t0\t0\t24\t0\t0\t         1\t         1\t    N\tENABLED\t15082\t2014-07-07 06:20:04.0\tNO\tnull\tN\tN\tNO\tDEFAULT\tDEFAULT\tDEFAULT\tDISABLED\tYES\tNO\tnull\tDISABLED\tYES\tnull\tDISABLED\tDISABLED\tnull\tNO\tNO\tYES\tDEFAULT\tNO\tnull\tnull\tNO\tNO\tDISABLED\tnull\tnull\tnull\tnull\nMDSYS\tSDO_CRS_GEOGRAPHIC_PLUS_HEIGHT\tSYSAUX\tnull\tnull\tVALID\t10\tnull\t1\t255\t65536\t1048576\t1\t2147483645\tnull\tnull\tnull\tYES\tN\t132\t4\t0\t0\t0\t4\t0\t0\t         1\t         1\t    N\tENABLED\t132\t2014-07-07 06:19:43.0\tNO\tnull\tN\tN\tNO\tDEFAULT\tDEFAULT\tDEFAULT\tDISABLED\tYES\tNO\tnull\tDISABLED\tYES\tnull\tDISABLED\tDISABLED\tnull\tNO\tNO\tYES\tDEFAULT\tNO\tnull\tnull\tNO\tNO\tDISABLED\tnull\tnull\tnull\tnull\nMDSYS\tSDO_XML_SCHEMAS\tSYSAUX\tnull\tnull\tVALID\t10\tnull\t1\t255\t65536\t1048576\t1\t2147483645\tnull\tnull\tnull\tYES\tN\t6\t5\t0\t0\t0\t111\t0\t0\t         1\t         1\t    N\tENABLED\t6\t2014-07-07 06:20:06.0\tNO\tnull\tN\tN\tNO\tDEFAULT\tDEFAULT\tDEFAULT\tDISABLED\tYES\tNO\tnull\tDISABLED\tYES\tnull\tDISABLED\tDISABLED\tnull\tNO\tNO\tYES\tDEFAULT\tNO\tnull\tnull\tNO\tNO\tDISABLED\tnull\tnull\tnull\tnull\nMDSYS\tSDO_CS_SRS\tSYSAUX\tnull\tnull\tVALID\t10\tnull\t1\t255\t65536\t1048576\t1\t2147483645\tnull\tnull\tnull\tYES\tN\t5962\t1126\t0\t0\t0\t1159\t0\t0\t         1\t         1\t    N\tENABLED\t5962\t2014-07-07 06:28:55.0\tNO\tnull\tN\tN\tNO\tDEFAULT\tDEFAULT\tDEFAULT\tDISABLED\tYES\tNO\tnull\tDISABLED\tYES\tnull\tDISABLED\tDISABLED\tnull\tNO\tNO\tYES\tDEFAULT\tNO\tnull\tnull\tNO\tNO\tDISABLED\tnull\tnull\tnull\tnull\nMDSYS\tNTV2_XML_DATA\tSYSAUX\tnull\tnull\tVALID\t10\tnull\t1\t255\t65536\t1048576\t1\t2147483645\tnull\tnull\tnull\tYES\tN\t0\t0\t0\t0\t0\t0\t0\t0\t         1\t         1\t    N\tENABLED\t0\t2014-07-07 06:28:54.0\tNO\tnull\tN\tN\tNO\tDEFAULT\tDEFAULT\tDEFAULT\tDISABLED\tYES\tNO\tnull\tDISABLED\tYES\tnull\tDISABLED\tDISABLED\tnull\tNO\tNO\tYES\tDEFAULT\tNO\tnull\tnull\tNO\tNO\tDISABLED\tnull\tnull\tnull\tnull\nMDSYS\tSDO_PROJECTIONS_OLD_SNAPSHOT\tSYSAUX\tnull\tnull\tVALID\t10\tnull\t1\t255\t65536\t1048576\t1\t2147483645\tnull\tnull\tnull\tYES\tN\t42\t5\t0\t0\t0\t20\t0\t0\t         1\t         1\t    N\tENABLED\t42\t2014-07-07 06:28:55.0\tNO\tnull\tN\tN\tNO\tDEFAULT\tDEFAULT\tDEFAULT\tDISABLED\tYES\tNO\tnull\tDISABLED\tYES\tnull\tDISABLED\tDISABLED\tnull\tNO\tNO\tYES\tDEFAULT\tNO\tnull\tnull\tNO\tNO\tDISABLED\tnull\tnull\tnull\tnull\nMDSYS\tSDO_ELLIPSOIDS_OLD_SNAPSHOT\tSYSAUX\tnull\tnull\tVALID\t10\tnull\t1\t255\t65536\t1048576\t1\t2147483645\tnull\tnull\tnull\tYES\tN\t47\t5\t0\t0\t0\t27\t0\t0\t         1\t         1\t    N\tENABLED\t47\t2014-07-07 06:28:55.0\tNO\tnull\tN\tN\tNO\tDEFAULT\tDEFAULT\tDEFAULT\tDISABLED\tYES\tNO\tnull\tDISABLED\tYES\tnull\tDISABLED\tDISABLED\tnull\tNO\tNO\tYES\tDEFAULT\tNO\tnull\tnull\tNO\tNO\tDISABLED\tnull\tnull\tnull\tnull\nMDSYS\tSDO_DATUMS_OLD_SNAPSHOT\tSYSAUX\tnull\tnull\tVALID\t10\tnull\t1\t255\t65536\t1048576\t1\t2147483645\tnull\tnull\tnull\tYES\tN\t118\t5\t0\t0\t0\t35\t0\t0\t         1\t         1\t    N\tENABLED\t118\t2014-07-07 06:28:55.0\tNO\tnull\tN\tN\tNO\tDEFAULT\tDEFAULT\tDEFAULT\tDISABLED\tYES\tNO\tnull\tDISABLED\tYES\tnull\tDISABLED\tDISABLED\tnull\tNO\tNO\tYES\tDEFAULT\tNO\tnull\tnull\tNO\tNO\tDISABLED\tnull\tnull\tnull\tnull\nMDSYS\tSDO_FEATURE_USAGE\tSYSAUX\tnull\tnull\tVALID\t10\tnull\t1\t255\t65536\t1048576\t1\t2147483645\tnull\tnull\tnull\tYES\tN\t19\t5\t0\t0\t0\t10\t0\t0\t         1\t         1\t    N\tENABLED\t19\t2014-07-07 06:28:55.0\tNO\tnull\tN\tN\tNO\tDEFAULT\tDEFAULT\tDEFAULT\tDISABLED\tYES\tNO\tnull\tDISABLED\tYES\tnull\tDISABLED\tDISABLED\tnull\tNO\tNO\tYES\tDEFAULT\tNO\tnull\tnull\tNO\tNO\tDISABLED\tnull\tnull\tnull\tnull\nMDSYS\tSRSNAMESPACE_TABLE\tSYSAUX\tnull\tnull\tVALID\t10\tnull\t1\t255\tnull\tnull\tnull\tnull\tnull\tnull\tnull\tYES\tN\t0\t0\t0\t0\t0\t0\t0\t0\t         1\t         1\t    N\tENABLED\t0\t2014-07-07 06:20:06.0\tNO\tnull\tN\tN\tNO\tDEFAULT\tDEFAULT\tDEFAULT\tDISABLED\tYES\tNO\tnull\tDISABLED\tYES\tnull\tDISABLED\tDISABLED\tnull\tNO\tNO\tNO\tDEFAULT\tNO\tnull\tnull\tNO\tNO\tDISABLED\tnull\tnull\tnull\tnull\nMDSYS\tOGIS_SPATIAL_REFERENCE_SYSTEMS\tSYSAUX\tnull\tnull\tVALID\t10\tnull\t1\t255\tnull\tnull\tnull\tnull\tnull\tnull\tnull\tYES\tN\t0\t0\t0\t0\t0\t0\t0\t0\t         1\t         1\t    N\tENABLED\t0\t2014-07-07 06:20:02.0\tNO\tnull\tN\tN\tNO\tDEFAULT\tDEFAULT\tDEFAULT\tDISABLED\tYES\tNO\tnull\tDISABLED\tYES\tnull\tDISABLED\tDISABLED\tnull\tNO\tNO\tNO\tDEFAULT\tNO\tnull\tnull\tNO\tNO\tDISABLED\tnull\tnull\tnull\tnull\nSYS\tAW$EXPRESS\tSYSAUX\tnull\tnull\tVALID\t10\tnull\t4\t255\t65536\t1048576\t1\t2147483645\tnull\tnull\tnull\tYES\tN\t111\t5\t0\t0\t0\t105\t0\t0\t         1\t         1\t    N\tENABLED\t111\t2014-07-07 06:20:44.0\tNO\tnull\tN\tN\tNO\tDEFAULT\tDEFAULT\tDEFAULT\tDISABLED\tYES\tNO\tnull\tDISABLED\tYES\tnull\tDISABLED\tDISABLED\tnull\tNO\tNO\tYES\tDEFAULT\tNO\tnull\tnull\tNO\tNO\tDISABLED\tnull\tnull\tnull\tnull\nSYS\tAW$AWMD\tSYSAUX\tnull\tnull\tVALID\t10\tnull\t4\t255\t65536\t1048576\t1\t2147483645\tnull\tnull\tnull\tYES\tN\t750\t13\t0\t0\t0\t123\t0\t0\t         1\t         1\t    N\tENABLED\t750\t2014-07-07 06:20:43.0\tNO\tnull\tN\tN\tNO\tDEFAULT\tDEFAULT\tDEFAULT\tDISABLED\tYES\tNO\tnull\tDISABLED\tYES\tnull\tDISABLED\tDISABLED\tnull\tNO\tNO\tYES\tDEFAULT\tNO\tnull\tnull\tNO\tNO\tDISABLED\tnull\tnull\tnull\tnull\nSYS\tAW$AWCREATE\tSYSAUX\tnull\tnull\tVALID\t10\tnull\t4\t255\t65536\t1048576\t1\t2147483645\tnull\tnull\tnull\tYES\tN\t57\t5\t0\t0\t0\t108\t0\t0\t         1\t         1\t    N\tENABLED\t57\t2014-07-07 06:20:43.0\tNO\tnull\tN\tN\tNO\tDEFAULT\tDEFAULT\tDEFAULT\tDISABLED\tYES\tNO\tnull\tDISABLED\tYES\tnull\tDISABLED\tDISABLED\tnull\tNO\tNO\tYES\tDEFAULT\tNO\tnull\tnull\tNO\tNO\tDISABLED\tnull\tnull\tnull\tnull\nSYS\tAW$AWCREATE10G\tSYSAUX\tnull\tnull\tVALID\t10\tnull\t4\t255\t65536\t1048576\t1\t2147483645\tnull\tnull\tnull\tYES\tN\t27\t5\t0\t0\t0\t96\t0\t0\t         1\t         1\t    N\tENABLED\t27\t2014-07-07 06:20:43.0\tNO\tnull\tN\tN\tNO\tDEFAULT\tDEFAULT\tDEFAULT\tDISABLED\tYES\tNO\tnull\tDISABLED\tYES\tnull\tDISABLED\tDISABLED\tnull\tNO\tNO\tYES\tDEFAULT\tNO\tnull\tnull\tNO\tNO\tDISABLED\tnull\tnull\tnull\tnull\nSYS\tAW$AWXML\tSYSAUX\tnull\tnull\tVALID\t10\tnull\t4\t255\t65536\t1048576\t1\t2147483645\tnull\tnull\tnull\tYES\tN\t153\t5\t0\t0\t0\t120\t0\t0\t         1\t         1\t    N\tENABLED\t153\t2014-07-07 06:20:44.0\tNO\tnull\tN\tN\tNO\tDEFAULT\tDEFAULT\tDEFAULT\tDISABLED\tYES\tNO\tnull\tDISABLED\tYES\tnull\tDISABLED\tDISABLED\tnull\tNO\tNO\tYES\tDEFAULT\tNO\tnull\tnull\tNO\tNO\tDISABLED\tnull\tnull\tnull\tnull\nSYS\tAW$AWREPORT\tSYSAUX\tnull\tnull\tVALID\t10\tnull\t4\t255\t65536\t1048576\t1\t2147483645\tnull\tnull\tnull\tYES\tN\t27\t5\t0\t0\t0\t96\t0\t0\t         1\t         1\t    N\tENABLED\t27\t2014-07-07 06:20:44.0\tNO\tnull\tN\tN\tNO\tDEFAULT\tDEFAULT\tDEFAULT\tDISABLED\tYES\tNO\tnull\tDISABLED\tYES\tnull\tDISABLED\tDISABLED\tnull\tNO\tNO\tYES\tDEFAULT\tNO\tnull\tnull\tNO\tNO\tDISABLED\tnull\tnull\tnull\tnull\nMDSYS\tSDO_GEOR_XMLSCHEMA_TABLE\tSYSAUX\tnull\tnull\tVALID\t10\tnull\t1\t255\t65536\t1048576\t1\t2147483645\tnull\tnull\tnull\tYES\tN\t1\t5\t0\t0\t0\t100\t0\t0\t         1\t         1\t    N\tENABLED\t1\t2014-07-07 06:28:55.0\tNO\tnull\tN\tN\tNO\tDEFAULT\tDEFAULT\tDEFAULT\tDISABLED\tYES\tNO\tnull\tDISABLED\tYES\tnull\tDISABLED\tDISABLED\tnull\tNO\tNO\tYES\tDEFAULT\tNO\tnull\tnull\tNO\tNO\tDISABLED\tnull\tnull\tnull\tnull\nMDSYS\tSDO_WS_CONFERENCE\tSYSAUX\tnull\tnull\tVALID\t10\tnull\t1\t255\t65536\t1048576\t1\t2147483645\tnull\tnull\tnull\tYES\tN\t0\t0\t0\t0\t0\t0\t0\t0\t         1\t         1\t    N\tENABLED\t0\t2014-07-07 06:28:55.0\tNO\tnull\tN\tN\tNO\tDEFAULT\tDEFAULT\tDEFAULT\tDISABLED\tYES\tNO\tnull\tDISABLED\tYES\tnull\tDISABLED\tDISABLED\tnull\tNO\tNO\tYES\tDEFAULT\tNO\tnull\tnull\tNO\tNO\tDISABLED\tnull\tnull\tnull\tnull\nMDSYS\tSDO_WS_CONFERENCE_RESULTS\tSYSAUX\tnull\tnull\tVALID\t10\tnull\t1\t255\t65536\t1048576\t1\t2147483645\tnull\tnull\tnull\tYES\tN\t0\t0\t0\t0\t0\t0\t0\t0\t         1\t         1\t    N\tENABLED\t0\t2014-07-07 06:28:56.0\tNO\tnull\tN\tN\tNO\tDEFAULT\tDEFAULT\tDEFAULT\tDISABLED\tYES\tNO\tnull\tDISABLED\tYES\tnull\tDISABLED\tDISABLED\tnull\tNO\tNO\tYES\tDEFAULT\tNO\tnull\tnull\tNO\tNO\tDISABLED\tnull\tnull\tnull\tnull\nMDSYS\tSDO_WS_CONFERENCE_PARTICIPANTS\tSYSAUX\tnull\tnull\tVALID\t10\tnull\t1\t255\tnull\tnull\tnull\tnull\tnull\tnull\tnull\tYES\tN\t0\t0\t0\t0\t0\t0\t0\t0\t         1\t         1\t    N\tENABLED\t0\t2014-07-07 06:28:56.0\tNO\tnull\tN\tN\tNO\tDEFAULT\tDEFAULT\tDEFAULT\tDISABLED\tYES\tNO\tnull\tDISABLED\tYES\tnull\tDISABLED\tDISABLED\tnull\tNO\tNO\tNO\tDEFAULT\tNO\tnull\tnull\tNO\tNO\tDISABLED\tnull\tnull\tnull\tnull\nMDSYS\tSDO_TIN_PC_SEQ\tSYSAUX\tnull\tnull\tVALID\t10\tnull\t1\t255\tnull\tnull\tnull\tnull\tnull\tnull\tnull\tYES\tN\t0\t0\t0\t0\t0\t0\t0\t0\t         1\t         1\t    N\tENABLED\t0\t2014-07-07 06:28:55.0\tNO\tnull\tN\tN\tNO\tDEFAULT\tDEFAULT\tDEFAULT\tDISABLED\tYES\tNO\tnull\tDISABLED\tYES\tnull\tDISABLED\tDISABLED\tnull\tNO\tNO\tNO\tDEFAULT\tNO\tnull\tnull\tNO\tNO\tDISABLED\tnull\tnull\tnull\tnull\nMDSYS\tSDO_TIN_PC_SYSDATA_TABLE\tSYSAUX\tnull\tnull\tVALID\t10\tnull\t1\t255\tnull\tnull\tnull\tnull\tnull\tnull\tnull\tYES\tN\t0\t0\t0\t0\t0\t0\t0\t0\t         1\t         1\t    N\tENABLED\t0\t2014-07-07 06:28:55.0\tNO\tnull\tN\tN\tNO\tDEFAULT\tDEFAULT\tDEFAULT\tDISABLED\tYES\tNO\tnull\tDISABLED\tYES\tnull\tDISABLED\tDISABLED\tnull\tNO\tNO\tNO\tDEFAULT\tNO\tnull\tnull\tNO\tNO\tDISABLED\tnull\tnull\tnull\tnull\nMDSYS\tSDO_GEOR_PLUGIN_REGISTRY\tSYSAUX\tnull\tnull\tVALID\t10\tnull\t1\t255\tnull\tnull\tnull\tnull\tnull\tnull\tnull\tYES\tN\t0\t0\t0\t0\t0\t0\t0\t0\t         1\t         1\t    N\tENABLED\t0\t2014-07-07 06:28:55.0\tNO\tnull\tN\tN\tNO\tDEFAULT\tDEFAULT\tDEFAULT\tDISABLED\tYES\tNO\tnull\tDISABLED\tYES\tnull\tDISABLED\tDISABLED\tnull\tNO\tNO\tNO\tDEFAULT\tNO\tnull\tnull\tNO\tNO\tDISABLED\tnull\tnull\tnull\tnull\nSYS\tWRR$_REPLAY_CALL_FILTER\tSYSAUX\tnull\tnull\tVALID\t10\tnull\t1\t255\t65536\t1048576\t1\t2147483645\tnull\tnull\tnull\tYES\tN\t0\t0\t0\t0\t0\t0\t0\t0\t         1\t         1\t    N\tENABLED\t0\t2017-04-25 16:15:59.0\tNO\tnull\tN\tN\tNO\tDEFAULT\tDEFAULT\tDEFAULT\tDISABLED\tYES\tNO\tnull\tDISABLED\tYES\tnull\tDISABLED\tDISABLED\tnull\tNO\tNO\tYES\tDEFAULT\tNO\tnull\tnull\tNO\tNO\tDISABLED\tnull\tnull\tnull\tnull\nSYS\tHS_BULKLOAD_VIEW_OBJ\tSYSTEM\tnull\tnull\tVALID\t10\t40\t1\t255\tnull\tnull\tnull\tnull\tnull\tnull\tnull\tYES\tN\t0\t0\t0\t0\t0\t0\t0\t0\t         1\t         1\t    N\tENABLED\t0\t2014-07-07 06:04:48.0\tNO\tnull\tN\tN\tNO\tDEFAULT\tDEFAULT\tDEFAULT\tDISABLED\tYES\tNO\tnull\tDISABLED\tYES\tnull\tDISABLED\tDISABLED\tnull\tNO\tNO\tNO\tDEFAULT\tNO\tnull\tnull\tNO\tNO\tDISABLED\tnull\tnull\tnull\tnull\nSYS\tHS$_PARALLEL_METADATA\tSYSTEM\tnull\tnull\tVALID\t10\t40\t1\t255\t65536\t1048576\t1\t2147483645\tnull\t1\t1\tYES\tN\t0\t0\t0\t0\t0\t0\t0\t0\t         1\t         1\t    N\tENABLED\t0\t2014-07-07 06:04:48.0\tNO\tnull\tN\tN\tNO\tDEFAULT\tDEFAULT\tDEFAULT\tDISABLED\tYES\tNO\tnull\tDISABLED\tYES\tnull\tDISABLED\tDISABLED\tnull\tNO\tNO\tYES\tDEFAULT\tNO\tnull\tnull\tNO\tNO\tDISABLED\tnull\tnull\tnull\tnull\nSYS\tHS_PARTITION_COL_NAME\tSYSTEM\tnull\tnull\tVALID\t10\t40\t1\t255\t65536\t1048576\t1\t2147483645\tnull\t1\t1\tYES\tN\t0\t0\t0\t0\t0\t0\t0\t0\t         1\t         1\t    N\tENABLED\t0\t2014-07-07 06:04:48.0\tNO\tnull\tN\tN\tYES\tDEFAULT\tDEFAULT\tDEFAULT\tDISABLED\tYES\tNO\tnull\tDISABLED\tYES\tnull\tDISABLED\tDISABLED\tnull\tNO\tNO\tYES\tDEFAULT\tNO\tnull\tnull\tNO\tNO\tDISABLED\tnull\tnull\tnull\tnull\nSYS\tHS_PARTITION_COL_TYPE\tSYSTEM\tnull\tnull\tVALID\t10\t40\t1\t255\t65536\t1048576\t1\t2147483645\tnull\t1\t1\tYES\tN\t0\t0\t0\t0\t0\t0\t0\t0\t         1\t         1\t    N\tENABLED\t0\t2014-07-07 06:04:48.0\tNO\tnull\tN\tN\tYES\tDEFAULT\tDEFAULT\tDEFAULT\tDISABLED\tYES\tNO\tnull\tDISABLED\tYES\tnull\tDISABLED\tDISABLED\tnull\tNO\tNO\tYES\tDEFAULT\tNO\tnull\tnull\tNO\tNO\tDISABLED\tnull\tnull\tnull\tnull\nSYS\tKU$_DATAPUMP_MASTER_10_1\tnull\tnull\tnull\tVALID\t10\t40\t1\t255\tnull\tnull\tnull\tnull\tnull\t1\t1\tNO\tN\tnull\tnull\tnull\tnull\tnull\tnull\tnull\tnull\t         1\t         1\t    N\tENABLED\tnull\tnull\tNO\tnull\tY\tN\tNO\tDEFAULT\tDEFAULT\tDEFAULT\tDISABLED\tNO\tNO\tSYS$SESSION\tDISABLED\tNO\tnull\tDISABLED\tDISABLED\tBASIC\tNO\tNO\tYES\tDEFAULT\tNO\tnull\tnull\tNO\tNO\tDISABLED\tnull\tnull\tnull\tnull\nSYS\tKU$_DATAPUMP_MASTER_11_1\tnull\tnull\tnull\tVALID\t10\t40\t1\t255\tnull\tnull\tnull\tnull\tnull\t1\t1\tNO\tN\tnull\tnull\tnull\tnull\tnull\tnull\tnull\tnull\t         1\t         1\t    N\tENABLED\tnull\tnull\tNO\tnull\tY\tN\tNO\tDEFAULT\tDEFAULT\tDEFAULT\tDISABLED\tNO\tNO\tSYS$SESSION\tDISABLED\tNO\tnull\tDISABLED\tDISABLED\tBASIC\tNO\tNO\tYES\tDEFAULT\tNO\tnull\tnull\tNO\tNO\tDISABLED\tnull\tnull\tnull\tnull\nSYS\tKU$_DATAPUMP_MASTER_11_1_0_7\tnull\tnull\tnull\tVALID\t10\t40\t1\t255\tnull\tnull\tnull\tnull\tnull\t1\t1\tNO\tN\tnull\tnull\tnull\tnull\tnull\tnull\tnull\tnull\t         1\t         1\t    N\tENABLED\tnull\tnull\tNO\tnull\tY\tN\tNO\tDEFAULT\tDEFAULT\tDEFAULT\tDISABLED\tNO\tNO\tSYS$SESSION\tDISABLED\tNO\tnull\tDISABLED\tDISABLED\tBASIC\tNO\tNO\tYES\tDEFAULT\tNO\tnull\tnull\tNO\tNO\tDISABLED\tnull\tnull\tnull\tnull\nSYS\tKU$_DATAPUMP_MASTER_11_2\tnull\tnull\tnull\tVALID\t10\t40\t1\t255\tnull\tnull\tnull\tnull\tnull\t1\t1\tNO\tN\tnull\tnull\tnull\tnull\tnull\tnull\tnull\tnull\t         1\t         1\t    N\tENABLED\tnull\tnull\tNO\tnull\tY\tN\tNO\tDEFAULT\tDEFAULT\tDEFAULT\tDISABLED\tNO\tNO\tSYS$SESSION\tDISABLED\tNO\tnull\tDISABLED\tDISABLED\tBASIC\tNO\tNO\tYES\tDEFAULT\tNO\tnull\tnull\tNO\tNO\tDISABLED\tnull\tnull\tnull\tnull\nSYS\tKU$_DATAPUMP_MASTER_12_0\tnull\tnull\tnull\tVALID\t10\t40\t1\t255\tnull\tnull\tnull\tnull\tnull\t1\t1\tNO\tN\tnull\tnull\tnull\tnull\tnull\tnull\tnull\tnull\t         1\t         1\t    N\tENABLED\tnull\tnull\tNO\tnull\tY\tN\tNO\tDEFAULT\tDEFAULT\tDEFAULT\tDISABLED\tNO\tNO\tSYS$SESSION\tDISABLED\tNO\tnull\tDISABLED\tDISABLED\tBASIC\tNO\tNO\tYES\tDEFAULT\tNO\tnull\tnull\tNO\tNO\tDISABLED\tnull\tnull\tnull\tnull\nSYS\tDATA_PUMP_XPL_TABLE$\tnull\tnull\tnull\tVALID\t10\t40\t1\t255\tnull\tnull\tnull\tnull\tnull\t1\t1\tNO\tN\tnull\tnull\tnull\tnull\tnull\tnull\tnull\tnull\t         1\t         1\t    N\tENABLED\tnull\tnull\tNO\tnull\tY\tN\tNO\tDEFAULT\tDEFAULT\tDEFAULT\tDISABLED\tNO\tNO\tSYS$TRANSACTION\tDISABLED\tNO\tnull\tDISABLED\tDISABLED\tBASIC\tNO\tNO\tYES\tDEFAULT\tNO\tnull\tnull\tNO\tNO\tDISABLED\tnull\tnull\tnull\tnull\nSYS\tIMPDP_STATS\tnull\tnull\tnull\tVALID\t10\t40\t1\t255\tnull\tnull\tnull\tnull\tnull\t1\t1\tNO\tN\tnull\tnull\tnull\tnull\tnull\tnull\tnull\tnull\t         1\t         1\t    N\tENABLED\tnull\tnull\tNO\tnull\tY\tN\tNO\tDEFAULT\tDEFAULT\tDEFAULT\tDISABLED\tNO\tNO\tSYS$SESSION\tDISABLED\tNO\tnull\tDISABLED\tDISABLED\tBASIC\tNO\tNO\tYES\tDEFAULT\tNO\tnull\tnull\tNO\tNO\tDISABLED\tnull\tnull\tnull\tnull\nMDSYS\tSDO_WFS_LOCAL_TXNS\tnull\tnull\tnull\tVALID\t10\t40\t1\t255\tnull\tnull\tnull\tnull\tnull\t1\t1\tNO\tN\tnull\tnull\tnull\tnull\tnull\tnull\tnull\tnull\t         1\t         1\t    N\tENABLED\tnull\tnull\tNO\tnull\tY\tN\tNO\tDEFAULT\tDEFAULT\tDEFAULT\tDISABLED\tNO\tNO\tSYS$SESSION\tDISABLED\tNO\tnull\tDISABLED\tDISABLED\tBASIC\tNO\tNO\tYES\tDEFAULT\tNO\tnull\tnull\tNO\tNO\tDISABLED\tnull\tnull\tnull\tnull\nMDSYS\tSDO_TOPO_DATA$\tnull\tnull\tnull\tVALID\t10\t40\t1\t255\tnull\tnull\tnull\tnull\tnull\t1\t1\tNO\tN\tnull\tnull\tnull\tnull\tnull\tnull\tnull\tnull\t         1\t         1\t    N\tENABLED\tnull\tnull\tNO\tnull\tY\tN\tNO\tDEFAULT\tDEFAULT\tDEFAULT\tDISABLED\tNO\tNO\tSYS$TRANSACTION\tDISABLED\tNO\tnull\tDISABLED\tDISABLED\tBASIC\tNO\tNO\tYES\tDEFAULT\tNO\tnull\tnull\tNO\tNO\tDISABLED\tnull\tnull\tnull\tnull\nMDSYS\tSDO_TOPO_RELATION_DATA\tnull\tnull\tnull\tVALID\t10\t40\t1\t255\tnull\tnull\tnull\tnull\tnull\t1\t1\tNO\tN\tnull\tnull\tnull\tnull\tnull\tnull\tnull\tnull\t         1\t         1\t    N\tENABLED\tnull\tnull\tNO\tnull\tY\tN\tNO\tDEFAULT\tDEFAULT\tDEFAULT\tDISABLED\tNO\tNO\tSYS$TRANSACTION\tDISABLED\tNO\tnull\tDISABLED\tDISABLED\tBASIC\tNO\tNO\tYES\tDEFAULT\tNO\tnull\tnull\tNO\tNO\tDISABLED\tnull\tnull\tnull\tnull\nMDSYS\tSDO_TOPO_TRANSACT_DATA\tnull\tnull\tnull\tVALID\t10\t40\t1\t255\tnull\tnull\tnull\tnull\tnull\t1\t1\tNO\tN\tnull\tnull\tnull\tnull\tnull\tnull\tnull\tnull\t         1\t         1\t    N\tENABLED\tnull\tnull\tNO\tnull\tY\tN\tNO\tDEFAULT\tDEFAULT\tDEFAULT\tDISABLED\tNO\tNO\tSYS$TRANSACTION\tDISABLED\tNO\tnull\tDISABLED\tDISABLED\tBASIC\tNO\tNO\tYES\tDEFAULT\tNO\tnull\tnull\tNO\tNO\tDISABLED\tnull\tnull\tnull\tnull\nMDSYS\tSDO_CS_CONTEXT_INFORMATION\tnull\tnull\tnull\tVALID\t10\t40\t1\t255\tnull\tnull\tnull\tnull\tnull\t1\t1\tNO\tN\tnull\tnull\tnull\tnull\tnull\tnull\tnull\tnull\t         1\t         1\t    N\tENABLED\tnull\tnull\tNO\tnull\tY\tN\tNO\tDEFAULT\tDEFAULT\tDEFAULT\tDISABLED\tNO\tNO\tSYS$SESSION\tDISABLED\tNO\tnull\tDISABLED\tDISABLED\tBASIC\tNO\tNO\tYES\tDEFAULT\tNO\tnull\tnull\tNO\tNO\tDISABLED\tnull\tnull\tnull\tnull\nMDSYS\tSDO_TXN_IDX_EXP_UPD_RGN\tnull\tnull\tnull\tVALID\t10\t40\t1\t255\tnull\tnull\tnull\tnull\tnull\t1\t1\tNO\tN\tnull\tnull\tnull\tnull\tnull\tnull\tnull\tnull\t         1\t         1\t    N\tENABLED\tnull\tnull\tNO\tnull\tY\tN\tNO\tDEFAULT\tDEFAULT\tDEFAULT\tDISABLED\tNO\tNO\tSYS$TRANSACTION\tDISABLED\tNO\tnull\tDISABLED\tDISABLED\tBASIC\tNO\tNO\tYES\tDEFAULT\tNO\tnull\tnull\tNO\tNO\tDISABLED\tnull\tnull\tnull\tnull\nMDSYS\tSDO_TXN_IDX_DELETES\tnull\tnull\tnull\tVALID\t10\t40\t1\t255\tnull\tnull\tnull\tnull\tnull\t1\t1\tNO\tN\tnull\tnull\tnull\tnull\tnull\tnull\tnull\tnull\t         1\t         1\t    N\tENABLED\tnull\tnull\tNO\tnull\tY\tN\tNO\tDEFAULT\tDEFAULT\tDEFAULT\tDISABLED\tNO\tNO\tSYS$TRANSACTION\tDISABLED\tNO\tnull\tDISABLED\tDISABLED\tBASIC\tNO\tNO\tYES\tDEFAULT\tNO\tnull\tnull\tNO\tNO\tDISABLED\tnull\tnull\tnull\tnull\nMDSYS\tSDO_TXN_IDX_INSERTS\tnull\tnull\tnull\tVALID\t10\t40\t1\t255\tnull\tnull\tnull\tnull\tnull\t1\t1\tNO\tN\tnull\tnull\tnull\tnull\tnull\tnull\tnull\tnull\t         1\t         1\t    N\tENABLED\tnull\tnull\tNO\tnull\tY\tN\tNO\tDEFAULT\tDEFAULT\tDEFAULT\tDISABLED\tNO\tNO\tSYS$TRANSACTION\tDISABLED\tNO\tnull\tDISABLED\tDISABLED\tBASIC\tNO\tNO\tYES\tDEFAULT\tNO\tnull\tnull\tNO\tNO\tDISABLED\tnull\tnull\tnull\tnull\nMDSYS\tSDO_ST_TOLERANCE\tnull\tnull\tnull\tVALID\t10\t40\t1\t255\tnull\tnull\tnull\tnull\tnull\t1\t1\tNO\tN\tnull\tnull\tnull\tnull\tnull\tnull\tnull\tnull\t         1\t         1\t    N\tENABLED\tnull\tnull\tNO\tnull\tY\tN\tNO\tDEFAULT\tDEFAULT\tDEFAULT\tDISABLED\tNO\tNO\tSYS$TRANSACTION\tDISABLED\tNO\tnull\tDISABLED\tDISABLED\tBASIC\tNO\tNO\tYES\tDEFAULT\tNO\tnull\tnull\tNO\tNO\tDISABLED\tnull\tnull\tnull\tnull\nSYS\tSAM_SPARSITY_ADVICE\tnull\tnull\tnull\tVALID\t10\t40\t1\t255\tnull\tnull\tnull\tnull\tnull\t1\t1\tNO\tN\tnull\tnull\tnull\tnull\tnull\tnull\tnull\tnull\t         1\t         1\t    N\tENABLED\tnull\tnull\tNO\tnull\tY\tN\tNO\tDEFAULT\tDEFAULT\tDEFAULT\tDISABLED\tNO\tNO\tSYS$TRANSACTION\tDISABLED\tNO\tnull\tDISABLED\tDISABLED\tBASIC\tNO\tNO\tYES\tDEFAULT\tNO\tnull\tnull\tNO\tNO\tDISABLED\tnull\tnull\tnull\tnull\nMDSYS\tSDO_GR_RDT_1\tnull\tnull\tnull\tVALID\t10\t40\t1\t255\tnull\tnull\tnull\tnull\tnull\t1\t1\tNO\tN\tnull\tnull\tnull\tnull\tnull\tnull\tnull\tnull\t   DEFAULT\t   DEFAULT\t    N\tENABLED\tnull\tnull\tNO\tnull\tY\tN\tNO\tDEFAULT\tDEFAULT\tDEFAULT\tDISABLED\tNO\tNO\tSYS$TRANSACTION\tDISABLED\tNO\tnull\tDISABLED\tDISABLED\tBASIC\tNO\tNO\tYES\tDEFAULT\tNO\tnull\tnull\tNO\tNO\tDISABLED\tnull\tnull\tnull\tnull\nMDSYS\tSDO_GR_PARALLEL\tnull\tnull\tnull\tVALID\t10\t40\t1\t255\tnull\tnull\tnull\tnull\tnull\t1\t1\tNO\tN\tnull\tnull\tnull\tnull\tnull\tnull\tnull\tnull\t   DEFAULT\t   DEFAULT\t    N\tENABLED\tnull\tnull\tNO\tnull\tY\tN\tNO\tDEFAULT\tDEFAULT\tDEFAULT\tDISABLED\tNO\tNO\tSYS$SESSION\tDISABLED\tNO\tnull\tDISABLED\tDISABLED\tBASIC\tNO\tNO\tYES\tDEFAULT\tNO\tnull\tnull\tNO\tNO\tDISABLED\tnull\tnull\tnull\tnull\nMDSYS\tSDO_GR_MOSAIC_3\tnull\tnull\tnull\tVALID\t10\t40\t1\t255\tnull\tnull\tnull\tnull\tnull\t1\t1\tNO\tN\tnull\tnull\tnull\tnull\tnull\tnull\tnull\tnull\t         1\t         1\t    N\tENABLED\tnull\tnull\tNO\tnull\tY\tN\tNO\tDEFAULT\tDEFAULT\tDEFAULT\tDISABLED\tNO\tNO\tSYS$TRANSACTION\tDISABLED\tNO\tnull\tDISABLED\tDISABLED\tBASIC\tNO\tNO\tYES\tDEFAULT\tNO\tnull\tnull\tNO\tNO\tDISABLED\tnull\tnull\tnull\tnull\nMDSYS\tSDO_GR_MOSAIC_2\tnull\tnull\tnull\tVALID\t10\t40\t1\t255\tnull\tnull\tnull\tnull\tnull\t1\t1\tNO\tN\tnull\tnull\tnull\tnull\tnull\tnull\tnull\tnull\t         1\t         1\t    N\tENABLED\tnull\tnull\tNO\tnull\tY\tN\tNO\tDEFAULT\tDEFAULT\tDEFAULT\tDISABLED\tNO\tNO\tSYS$TRANSACTION\tDISABLED\tNO\tnull\tDISABLED\tDISABLED\tBASIC\tNO\tNO\tYES\tDEFAULT\tNO\tnull\tnull\tNO\tNO\tDISABLED\tnull\tnull\tnull\tnull\nMDSYS\tSDO_GR_MOSAIC_1\tnull\tnull\tnull\tVALID\t10\t40\t1\t255\tnull\tnull\tnull\tnull\tnull\t1\t1\tNO\tN\tnull\tnull\tnull\tnull\tnull\tnull\tnull\tnull\t         1\t         1\t    N\tENABLED\tnull\tnull\tNO\tnull\tY\tN\tNO\tDEFAULT\tDEFAULT\tDEFAULT\tDISABLED\tNO\tNO\tSYS$TRANSACTION\tDISABLED\tNO\tnull\tDISABLED\tDISABLED\tBASIC\tNO\tNO\tYES\tDEFAULT\tNO\tnull\tnull\tNO\tNO\tDISABLED\tnull\tnull\tnull\tnull\nMDSYS\tSDO_GR_MOSAIC_0\tnull\tnull\tnull\tVALID\t10\t40\t1\t255\tnull\tnull\tnull\tnull\tnull\t1\t1\tNO\tN\tnull\tnull\tnull\tnull\tnull\tnull\tnull\tnull\t         1\t         1\t    N\tENABLED\tnull\tnull\tNO\tnull\tY\tN\tNO\tDEFAULT\tDEFAULT\tDEFAULT\tDISABLED\tNO\tNO\tSYS$SESSION\tDISABLED\tNO\tnull\tDISABLED\tDISABLED\tBASIC\tNO\tNO\tYES\tDEFAULT\tNO\tnull\tnull\tNO\tNO\tDISABLED\tnull\tnull\tnull\tnull\nXDB\tXDB$XIDX_IMP_T\tnull\tnull\tnull\tVALID\t10\t40\t1\t255\tnull\tnull\tnull\tnull\tnull\t1\t1\tNO\tN\tnull\tnull\tnull\tnull\tnull\tnull\tnull\tnull\t         1\t         1\t    N\tENABLED\tnull\tnull\tNO\tnull\tY\tN\tNO\tDEFAULT\tDEFAULT\tDEFAULT\tDISABLED\tNO\tNO\tSYS$SESSION\tDISABLED\tNO\tnull\tDISABLED\tDISABLED\tBASIC\tNO\tNO\tYES\tDEFAULT\tNO\tnull\tnull\tNO\tNO\tDISABLED\tnull\tnull\tnull\tnull\nSYS\tSPD_SCRATCH_TAB\tnull\tnull\tnull\tVALID\t10\t40\t1\t255\tnull\tnull\tnull\tnull\tnull\t1\t1\tNO\tN\tnull\tnull\tnull\tnull\tnull\tnull\tnull\tnull\t         1\t         1\t    N\tENABLED\tnull\tnull\tNO\tnull\tY\tN\tNO\tDEFAULT\tDEFAULT\tDEFAULT\tDISABLED\tNO\tNO\tSYS$SESSION\tDISABLED\tNO\tnull\tDISABLED\tDISABLED\tBASIC\tNO\tNO\tYES\tDEFAULT\tNO\tnull\tnull\tNO\tNO\tDISABLED\tnull\tnull\tnull\tnull\nSYS\tXS$VALIDATION_TABLE\tnull\tnull\tnull\tVALID\t10\t40\t1\t255\tnull\tnull\tnull\tnull\tnull\t1\t1\tNO\tN\tnull\tnull\tnull\tnull\tnull\tnull\tnull\tnull\t         1\t         1\t    N\tENABLED\tnull\tnull\tNO\tnull\tY\tN\tNO\tDEFAULT\tDEFAULT\tDEFAULT\tDISABLED\tNO\tNO\tSYS$SESSION\tDISABLED\tNO\tnull\tDISABLED\tDISABLED\tBASIC\tNO\tNO\tYES\tDEFAULT\tNO\tnull\tnull\tNO\tNO\tDISABLED\tnull\tnull\tnull\tnull\nSYS\tODCI_PMO_ROWIDS$\tnull\tnull\tnull\tVALID\t10\t40\t1\t255\tnull\tnull\tnull\tnull\tnull\t1\t1\tNO\tN\tnull\tnull\tnull\tnull\tnull\tnull\tnull\tnull\t         1\t         1\t    N\tENABLED\tnull\tnull\tNO\tnull\tY\tN\tNO\tDEFAULT\tDEFAULT\tDEFAULT\tDISABLED\tNO\tNO\tSYS$SESSION\tDISABLED\tNO\tnull\tDISABLED\tDISABLED\tBASIC\tNO\tNO\tYES\tDEFAULT\tNO\tnull\tnull\tNO\tNO\tDISABLED\tnull\tnull\tnull\tnull\nSYS\tODCI_WARNINGS$\tnull\tnull\tnull\tVALID\t10\t40\t1\t255\tnull\tnull\tnull\tnull\tnull\t1\t1\tNO\tN\tnull\tnull\tnull\tnull\tnull\tnull\tnull\tnull\t         1\t         1\t    N\tENABLED\tnull\tnull\tNO\tnull\tY\tN\tNO\tDEFAULT\tDEFAULT\tDEFAULT\tDISABLED\tNO\tNO\tSYS$SESSION\tDISABLED\tNO\tnull\tDISABLED\tDISABLED\tBASIC\tNO\tNO\tYES\tDEFAULT\tNO\tnull\tnull\tNO\tNO\tDISABLED\tnull\tnull\tnull\tnull\nSYS\tODCI_SECOBJ$\tnull\tnull\tnull\tVALID\t10\t40\t1\t255\tnull\tnull\tnull\tnull\tnull\t1\t1\tNO\tN\tnull\tnull\tnull\tnull\tnull\tnull\tnull\tnull\t         1\t         1\t    N\tENABLED\tnull\tnull\tNO\tnull\tY\tN\tNO\tDEFAULT\tDEFAULT\tDEFAULT\tDISABLED\tNO\tNO\tSYS$SESSION\tDISABLED\tNO\tnull\tDISABLED\tDISABLED\tBASIC\tNO\tNO\tYES\tDEFAULT\tNO\tnull\tnull\tNO\tNO\tDISABLED\tnull\tnull\tnull\tnull\nSYS\tKU$XKTFBUE\tnull\tnull\tnull\tVALID\t10\t40\t1\t255\tnull\tnull\tnull\tnull\tnull\t1\t1\tNO\tN\tnull\tnull\tnull\tnull\tnull\tnull\tnull\tnull\t         1\t         1\t    N\tENABLED\tnull\tnull\tNO\tnull\tY\tN\tNO\tDEFAULT\tDEFAULT\tDEFAULT\tDISABLED\tNO\tNO\tSYS$SESSION\tDISABLED\tNO\tnull\tDISABLED\tDISABLED\tBASIC\tNO\tNO\tYES\tDEFAULT\tNO\tnull\tnull\tNO\tNO\tDISABLED\tnull\tnull\tnull\tnull\nSYS\tKU$_LIST_FILTER_TEMP_2\tnull\tnull\tnull\tVALID\t10\t40\t1\t255\tnull\tnull\tnull\tnull\tnull\t1\t1\tNO\tN\tnull\tnull\tnull\tnull\tnull\tnull\tnull\tnull\t         1\t         1\t    N\tENABLED\tnull\tnull\tNO\tnull\tY\tN\tNO\tDEFAULT\tDEFAULT\tDEFAULT\tDISABLED\tNO\tNO\tSYS$SESSION\tDISABLED\tNO\tnull\tDISABLED\tDISABLED\tBASIC\tNO\tNO\tYES\tDEFAULT\tNO\tnull\tnull\tNO\tNO\tDISABLED\tnull\tnull\tnull\tnull\nSYS\tKU$_LIST_FILTER_TEMP\tnull\tnull\tnull\tVALID\t10\t40\t1\t255\tnull\tnull\tnull\tnull\tnull\t1\t1\tNO\tN\tnull\tnull\tnull\tnull\tnull\tnull\tnull\tnull\t         1\t         1\t    N\tENABLED\tnull\tnull\tNO\tnull\tY\tN\tNO\tDEFAULT\tDEFAULT\tDEFAULT\tDISABLED\tNO\tNO\tSYS$SESSION\tDISABLED\tNO\tnull\tDISABLED\tDISABLED\tBASIC\tNO\tNO\tYES\tDEFAULT\tNO\tnull\tnull\tNO\tNO\tDISABLED\tnull\tnull\tnull\tnull\nSYS\tKU$NOEXP_TAB\tnull\tnull\tnull\tVALID\t10\t40\t1\t255\tnull\tnull\tnull\tnull\tnull\t1\t1\tNO\tN\tnull\tnull\tnull\tnull\tnull\tnull\tnull\tnull\t         1\t         1\t    N\tENABLED\tnull\tnull\tNO\tnull\tY\tN\tNO\tDEFAULT\tDEFAULT\tDEFAULT\tDISABLED\tNO\tNO\tSYS$SESSION\tDISABLED\tNO\tnull\tDISABLED\tDISABLED\tBASIC\tNO\tNO\tYES\tDEFAULT\tNO\tnull\tnull\tNO\tNO\tDISABLED\tnull\tnull\tnull\tnull\nSYSTEM\tOL$NODES\tnull\tnull\tnull\tVALID\t10\t40\t1\t255\tnull\tnull\tnull\tnull\tnull\t1\t1\tNO\tN\tnull\tnull\tnull\tnull\tnull\tnull\tnull\tnull\t         1\t         1\t    N\tENABLED\tnull\tnull\tNO\tnull\tY\tN\tNO\tDEFAULT\tDEFAULT\tDEFAULT\tDISABLED\tNO\tNO\tSYS$SESSION\tDISABLED\tNO\tnull\tDISABLED\tDISABLED\tBASIC\tNO\tNO\tYES\tDEFAULT\tNO\tnull\tnull\tNO\tNO\tDISABLED\tnull\tnull\tnull\tnull\nSYSTEM\tOL$HINTS\tnull\tnull\tnull\tVALID\t10\t40\t1\t255\tnull\tnull\tnull\tnull\tnull\t1\t1\tNO\tN\tnull\tnull\tnull\tnull\tnull\tnull\tnull\tnull\t         1\t         1\t    N\tENABLED\tnull\tnull\tNO\tnull\tY\tN\tNO\tDEFAULT\tDEFAULT\tDEFAULT\tDISABLED\tNO\tNO\tSYS$SESSION\tDISABLED\tNO\tnull\tDISABLED\tDISABLED\tBASIC\tNO\tNO\tYES\tDEFAULT\tNO\tnull\tnull\tNO\tNO\tDISABLED\tnull\tnull\tnull\tnull\nSYSTEM\tOL$\tnull\tnull\tnull\tVALID\t10\t40\t1\t255\tnull\tnull\tnull\tnull\tnull\t1\t1\tNO\tN\tnull\tnull\tnull\tnull\tnull\tnull\tnull\tnull\t         1\t         1\t    N\tENABLED\tnull\tnull\tNO\tnull\tY\tN\tNO\tDEFAULT\tDEFAULT\tDEFAULT\tDISABLED\tNO\tNO\tSYS$SESSION\tDISABLED\tNO\tnull\tDISABLED\tDISABLED\tBASIC\tNO\tNO\tYES\tDEFAULT\tNO\tnull\tnull\tNO\tNO\tDISABLED\tnull\tnull\tnull\tnull\nSYS\tPLAN_TABLE$\tnull\tnull\tnull\tVALID\t10\t40\t1\t255\tnull\tnull\tnull\tnull\tnull\t1\t1\tNO\tN\tnull\tnull\tnull\tnull\tnull\tnull\tnull\tnull\t         1\t         1\t    N\tENABLED\tnull\tnull\tNO\tnull\tY\tN\tNO\tDEFAULT\tDEFAULT\tDEFAULT\tDISABLED\tNO\tNO\tSYS$SESSION\tDISABLED\tNO\tnull\tDISABLED\tDISABLED\tBASIC\tNO\tNO\tYES\tDEFAULT\tNO\tnull\tnull\tNO\tNO\tDISABLED\tnull\tnull\tnull\tnull\nSYS\tWRI$_HEATMAP_TOPN_DEP2\tnull\tnull\tnull\tVALID\t10\t40\t1\t255\tnull\tnull\tnull\tnull\tnull\t1\t1\tNO\tN\tnull\tnull\tnull\tnull\tnull\tnull\tnull\tnull\t         1\t         1\t    N\tENABLED\tnull\tnull\tNO\tnull\tY\tN\tNO\tDEFAULT\tDEFAULT\tDEFAULT\tDISABLED\tNO\tNO\tSYS$SESSION\tDISABLED\tNO\tnull\tDISABLED\tDISABLED\tBASIC\tNO\tNO\tYES\tDEFAULT\tNO\tnull\tnull\tNO\tNO\tDISABLED\tnull\tnull\tnull\tnull\nSYS\tWRI$_HEATMAP_TOPN_DEP1\tnull\tnull\tnull\tVALID\t10\t40\t1\t255\tnull\tnull\tnull\tnull\tnull\t1\t1\tNO\tN\tnull\tnull\tnull\tnull\tnull\tnull\tnull\tnull\t         1\t         1\t    N\tENABLED\tnull\tnull\tNO\tnull\tY\tN\tNO\tDEFAULT\tDEFAULT\tDEFAULT\tDISABLED\tNO\tNO\tSYS$SESSION\tDISABLED\tNO\tnull\tDISABLED\tDISABLED\tBASIC\tNO\tNO\tYES\tDEFAULT\tNO\tnull\tnull\tNO\tNO\tDISABLED\tnull\tnull\tnull\tnull\nSYS\tWRI$_ADV_ASA_RECO_DATA\tnull\tnull\tnull\tVALID\t10\t40\t1\t255\tnull\tnull\tnull\tnull\tnull\t1\t1\tNO\tN\tnull\tnull\tnull\tnull\tnull\tnull\tnull\tnull\t         1\t         1\t    N\tENABLED\tnull\tnull\tNO\tnull\tY\tN\tNO\tDEFAULT\tDEFAULT\tDEFAULT\tDISABLED\tNO\tNO\tSYS$SESSION\tDISABLED\tNO\tnull\tDISABLED\tDISABLED\tBASIC\tNO\tNO\tYES\tDEFAULT\tNO\tnull\tnull\tNO\tNO\tDISABLED\tnull\tnull\tnull\tnull\nSYS\tPSTUBTBL\tnull\tnull\tnull\tVALID\t10\t40\t1\t255\tnull\tnull\tnull\tnull\tnull\t1\t1\tNO\tN\tnull\tnull\tnull\tnull\tnull\tnull\tnull\tnull\t         1\t         1\t    N\tENABLED\tnull\tnull\tNO\tnull\tY\tN\tNO\tDEFAULT\tDEFAULT\tDEFAULT\tDISABLED\tNO\tNO\tSYS$SESSION\tDISABLED\tNO\tnull\tDISABLED\tDISABLED\tBASIC\tNO\tNO\tYES\tDEFAULT\tNO\tnull\tnull\tNO\tNO\tDISABLED\tnull\tnull\tnull\tnull\n"}]},"apps":[],"jobName":"paragraph_1506547716464_-1794915244","id":"20170927-212836_1563634735","dateCreated":"2017-09-27T21:28:36+0000","dateStarted":"2017-09-27T21:35:53+0000","dateFinished":"2017-09-27T21:36:03+0000","status":"FINISHED","progressUpdateIntervalMs":500,"$$hashKey":"object:3541"},{"user":"anonymous","config":{"colWidth":12,"enabled":true,"results":{},"editorSetting":{"language":"text","editOnDblClick":false},"editorMode":"ace/mode/text"},"settings":{"params":{},"forms":{}},"apps":[],"jobName":"paragraph_1506547754970_703152095","id":"20170927-212914_1168479849","dateCreated":"2017-09-27T21:29:14+0000","status":"FINISHED","progressUpdateIntervalMs":500,"$$hashKey":"object:3542","text":"%jdbc(orcl)\nselect sysdate from dual;","dateUpdated":"2017-09-27T21:34:20+0000","dateFinished":"2017-09-27T21:34:25+0000","dateStarted":"2017-09-27T21:34:20+0000","results":{"code":"SUCCESS","msg":[{"type":"TABLE","data":"SYSDATE\n2017-09-27 21:34:25.0\n"}]}},{"user":"anonymous","config":{"colWidth":12,"enabled":true,"results":{},"editorSetting":{"language":"sh","editOnDblClick":false},"editorMode":"ace/mode/sh"},"settings":{"params":{},"forms":{}},"apps":[],"jobName":"paragraph_1506548245589_-1988674924","id":"20170927-213725_1025132988","dateCreated":"2017-09-27T21:37:25+0000","status":"FINISHED","progressUpdateIntervalMs":500,"focus":true,"$$hashKey":"object:4393","text":"%sh\ncat <<EOF > /tmp/mysql.sql\nset echo on\nset pages 999\nset timing on\nselect * from dual;\nexit;\nEOF\n\nsqlplus scott/tiger@PDB1 @/tmp/mysql.sql\n","dateUpdated":"2017-09-27T21:44:42+0000","dateFinished":"2017-09-27T21:44:42+0000","dateStarted":"2017-09-27T21:44:42+0000","results":{"code":"SUCCESS","msg":[{"type":"TEXT","data":"\nSQL*Plus: Release 12.1.0.2.0 Production on Wed Sep 27 21:44:42 2017\n\nCopyright (c) 1982, 2014, Oracle.  All rights reserved.\n\nLast Successful login time: Wed Sep 27 2017 21:44:20 +00:00\n\nConnected to:\nOracle Database 12c Enterprise Edition Release 12.1.0.2.0 - 64bit Production\nWith the Partitioning, OLAP, Advanced Analytics and Real Application Testing options\n\nSQL> set pages 999\nSQL> set timing on\nSQL> select * from dual;\n\nD\n-\nX\n\nElapsed: 00:00:00.01\nSQL> exit;\nDisconnected from Oracle Database 12c Enterprise Edition Release 12.1.0.2.0 - 64bit Production\nWith the Partitioning, OLAP, Advanced Analytics and Real Application Testing options\n"}]}},{"user":"anonymous","config":{"colWidth":12,"enabled":true,"results":{},"editorSetting":{"language":"sh","editOnDblClick":false},"editorMode":"ace/mode/sh"},"settings":{"params":{},"forms":{}},"apps":[],"jobName":"paragraph_1506547966750_-1881328337","id":"20170927-213246_2105535761","dateCreated":"2017-09-27T21:32:46+0000","status":"READY","progressUpdateIntervalMs":500,"focus":true,"$$hashKey":"object:4080"}],"name":"dbcs zeppelin","id":"2CT8F85B9","angularObjects":{"2CT6SATHR:shared_process":[],"2CV6G1H4R:shared_process":[],"2CTFJ9FUK:shared_process":[],"2CU4BM4SR:shared_process":[],"2CWN3T2DD:shared_process":[],"2CUCCB84T:shared_process":[],"2CW1B2REU:shared_process":[],"2CWDYZUM4:shared_process":[],"2CUEQ8KC9:shared_process":[],"2CT9249AX:shared_process":[],"2CWHC2NZ6:shared_process":[],"2CVKCXRZG:shared_process":[],"2CVWWUVFX:shared_process":[],"2CU1KFJJN:shared_process":[],"2CX1N2M5D:shared_process":[],"2CX3JZE54:shared_process":[],"2CU93XEAR:shared_process":[],"2CUF3G9P9:shared_process":[],"2CV7XXEW8:shared_process":[]},"config":{"looknfeel":"default","personalizedMode":"false"},"info":{}}