﻿{"paragraphs":[{"text":"%md\n# In-Memory Lab for DBCS\n\nThis Zeppelin notebook contains some runnable exercises to test the In-Memory option.\n\nRun this notebook one paragraph at a time from top to bottom.\n\nThis is a work-in-progress.  More verbose documentation will come later.\n\nDocumentation for Oracle In memory features can be found here: https://docs.oracle.com/database/122/INMEM/toc.htm.  \n\nPlease direct comments to: Ram Posham () /Sadhana avasarala (sadhana.avasarala@oracle.com)\n\n","user":"anonymous","dateUpdated":"2017-09-28T15:46:02+0000","config":{"tableHide":false,"editorSetting":{"language":"markdown","editOnDblClick":true},"colWidth":12,"editorMode":"ace/mode/markdown","editorHide":true,"results":{},"enabled":true},"settings":{"params":{},"forms":{}},"results":{"code":"SUCCESS","msg":[{"type":"HTML","data":"<div class=\"markdown-body\">\n<h1>In-Memory Lab for DBCS</h1>\n<p>This Zeppelin notebook contains some runnable exercises to test the In-Memory option.</p>\n<p>Run this notebook one paragraph at a time from top to bottom.</p>\n<p>This is a work-in-progress. More verbose documentation will come later.</p>\n<p>Documentation for Oracle In memory features can be found here: <a href=\"https://docs.oracle.com/database/122/INMEM/toc.htm\">https://docs.oracle.com/database/122/INMEM/toc.htm</a>. </p>\n<p>Please direct comments to: Ram Posham () /Sadhana avasarala (<a href=\"mailto:&#x73;&#x61;d&#104;&#x61;&#x6e;&#97;&#46;&#97;&#118;&#97;&#x73;&#x61;&#114;&#97;&#108;&#97;&#x40;&#111;&#114;&#97;&#x63;&#108;&#101;&#x2e;&#99;&#x6f;&#x6d;\">&#x73;&#x61;d&#104;&#x61;&#x6e;&#97;&#46;&#97;&#118;&#97;&#x73;&#x61;&#114;&#97;&#108;&#97;&#x40;&#111;&#114;&#97;&#x63;&#108;&#101;&#x2e;&#99;&#x6f;&#x6d;</a>)</p>\n</div>"}]},"apps":[],"jobName":"paragraph_1506609990269_27413362","id":"20170927-210424_11029088","dateCreated":"2017-09-28T14:46:30+0000","dateStarted":"2017-09-28T15:46:02+0000","dateFinished":"2017-09-28T15:46:02+0000","status":"FINISHED","progressUpdateIntervalMs":500,"focus":true,"$$hashKey":"object:8815"},{"title":"See who we are, where we are, and explore our environment","text":"%sh\nwhoami\npwd\necho $ORACLE_HOME\nlsnrctl status\n","user":"anonymous","dateUpdated":"2017-09-28T15:41:11+0000","config":{"colWidth":12,"editorMode":"ace/mode/sh","results":{"0":{"graph":{"mode":"table","height":414,"optionOpen":false}}},"enabled":true,"editorSetting":{"language":"sh","editOnDblClick":false},"title":true},"settings":{"params":{},"forms":{}},"results":{"code":"SUCCESS","msg":[{"type":"TEXT","data":"oracle\n/home/oracle\n/u01/app/oracle/product/12.1.0/dbhome_1\n\nLSNRCTL for Linux: Version 12.1.0.2.0 - Production on 28-SEP-2017 14:57:08\n\nCopyright (c) 1991, 2017, Oracle.  All rights reserved.\n\nConnecting to (DESCRIPTION=(ADDRESS=(PROTOCOL=TCP)(HOST=dcb-db-sep28.compute-gse00002281.oraclecloud.internal)(PORT=1521)))\nSTATUS of the LISTENER\n------------------------\nAlias                     LISTENER\nVersion                   TNSLSNR for Linux: Version 12.1.0.2.0 - Production\nStart Date                28-SEP-2017 14:14:38\nUptime                    0 days 0 hr. 42 min. 30 sec\nTrace Level               off\nSecurity                  ON: Local OS Authentication\nSNMP                      OFF\nListener Parameter File   /u01/app/oracle/product/12.1.0/dbhome_1/network/admin/listener.ora\nListener Log File         /u01/app/oracle/diag/tnslsnr/dcb-db-sep28/listener/alert/log.xml\nListening Endpoints Summary...\n  (DESCRIPTION=(ADDRESS=(PROTOCOL=tcp)(HOST=dcb-db-sep28.compute-gse00002281.oraclecloud.internal)(PORT=1521)))\n  (DESCRIPTION=(ADDRESS=(PROTOCOL=ipc)(KEY=EXTPROC1521)))\n  (DESCRIPTION=(ADDRESS=(PROTOCOL=tcps)(HOST=dcb-db-sep28.compute-gse00002281.oraclecloud.internal)(PORT=5500))(Security=(my_wallet_directory=/u01/app/oracle/admin/ORCL/xdb_wallet))(Presentation=HTTP)(Session=RAW))\nServices Summary...\nService \"ORCL.gse00002281.oraclecloud.internal\" has 1 instance(s).\n  Instance \"ORCL\", status READY, has 1 handler(s) for this service...\nService \"ORCL.gse00002281.oraclecloud.internalXDB\" has 1 instance(s).\n  Instance \"ORCL\", status READY, has 1 handler(s) for this service...\nService \"pdb1.gse00002281.oraclecloud.internal\" has 1 instance(s).\n  Instance \"ORCL\", status READY, has 1 handler(s) for this service...\nThe command completed successfully\n"}]},"apps":[],"jobName":"paragraph_1506609990275_112827618","id":"20170927-210435_1309709593","dateCreated":"2017-09-28T14:46:30+0000","dateStarted":"2017-09-28T14:57:08+0000","dateFinished":"2017-09-28T14:57:08+0000","status":"FINISHED","progressUpdateIntervalMs":500,"$$hashKey":"object:8816"},{"title":"Unlock the scott account in the PDB.  (not needed for the lab)","text":"%sh\ncat <<EOF > /tmp/sql1.sql\nset echo on\nset pages 999\nset timing on\nALTER SESSION SET container = PDB1;\nSHOW CON_NAME\nalter user scott identified by tiger account unlock;\nexit;\nEOF\n\nsqlplus / as sysdba @/tmp/sql1.sql\n","user":"anonymous","dateUpdated":"2017-09-28T15:41:39+0000","config":{"colWidth":12,"editorMode":"ace/mode/sh","results":{},"enabled":true,"editorSetting":{"language":"sh","editOnDblClick":false},"title":true},"settings":{"params":{},"forms":{}},"results":{"code":"SUCCESS","msg":[{"type":"TEXT","data":"\nSQL*Plus: Release 12.1.0.2.0 Production on Thu Sep 28 14:58:33 2017\n\nCopyright (c) 1982, 2014, Oracle.  All rights reserved.\n\n\nConnected to:\nOracle Database 12c EE Extreme Perf Release 12.1.0.2.0 - 64bit Production\nWith the Partitioning, Oracle Label Security, OLAP, Advanced Analytics\nand Real Application Testing options\n\nSQL> set pages 999\nSQL> set timing on\nSQL> ALTER SESSION SET container = pdb1;\n\nSession altered.\n\nElapsed: 00:00:00.00\nSQL> SHOW CON_NAME\n\nCON_NAME\n------------------------------\nPDB1\nSQL> alter user scott identified by tiger account unlock;\n\nUser altered.\n\nElapsed: 00:00:00.02\nSQL> exit;\nDisconnected from Oracle Database 12c EE Extreme Perf Release 12.1.0.2.0 - 64bit Production\nWith the Partitioning, Oracle Label Security, OLAP, Advanced Analytics\nand Real Application Testing options\n"}]},"apps":[],"jobName":"paragraph_1506609990279_111288623","id":"20170927-210445_1422044136","dateCreated":"2017-09-28T14:46:30+0000","dateStarted":"2017-09-28T14:58:33+0000","dateFinished":"2017-09-28T14:58:33+0000","status":"FINISHED","progressUpdateIntervalMs":500,"$$hashKey":"object:8817"},{"title":"Script to setup a zeppelin jdbc connection for the Scott user","text":"%sh\necho \"Script to set some zeppelin jdbc parameters\"\n\necho \"Set the User, Password, and ConnectString parameters in the script as appropriate\"\nUser=scott\nPassword=tiger\nConnectString=\"localhost:1521/PDB1.gse00002281.oraclecloud.internal\"\necho $ConnectString\n\ncat <<EOF > /tmp/jdbc_settings.py\n#!/usr/local/bin/python\n#based on https://community.hortonworks.com/articles/36031/sample-code-to-automate-interacting-with-zeppelin.html by Ali Bajwa\ndef post_request(url, body):\n  import json, urllib2\n  encoded_body = json.dumps(body)\n  req = urllib2.Request(str(url), encoded_body)\n  req.get_method = lambda: 'PUT'\n  try:\n    response = urllib2.urlopen(req, encoded_body).read()\n  except urllib2.HTTPError, error:\n    print 'Exception: ' + error.read()\n  jsonresp = json.loads(response.decode('utf-8'))\n  print jsonresp['status']\n        \n \n \nimport json, urllib2\nzeppelin_int_url = 'http://127.0.0.1:9090/api/interpreter/setting/'\ndata = json.load(urllib2.urlopen(zeppelin_int_url))\nfor body in data['body']:\n  if body['group'] == 'jdbc':\n    jdbcbody = body\n  elif body['group'] == 'spark':\n    sparkbody = body    \n    \n\n \njdbcbody['properties']['orcl-scott.driver'] = 'oracle.jdbc.OracleDriver'\njdbcbody['properties']['orcl-scott.user'] = '$User'\n#jdbcbody['properties']['orcl-scott.password'] = '$Password'  \n#Zeppelin seems to be setting password to null, so leave it out\n#so for now, put the password in the connect string\njdbcbody['properties']['orcl-scott.url'] = 'jdbc:oracle:thin:$User/$Password@//$ConnectString'\n\n\nmy_dict = {'groupArtifactVersion':  '/u01/app/oracle/product/12.1.0/dbhome_1/jdbc/lib/ojdbc7.jar',       'local': False}\njdbcbody['dependencies'].append(my_dict)\npost_request(zeppelin_int_url + jdbcbody['id'], jdbcbody)\nEOF\n#cat /tmp/jdbc_settings.py\necho \"..\"\npython /tmp/jdbc_settings.py\necho \"done\"","user":"anonymous","dateUpdated":"2017-09-28T15:42:00+0000","config":{"colWidth":12,"editorMode":"ace/mode/sh","results":{},"enabled":true,"editorSetting":{"language":"sh","editOnDblClick":false},"title":true},"settings":{"params":{},"forms":{}},"results":{"code":"SUCCESS","msg":[{"type":"TEXT","data":"Script to set some zeppelin jdbc parameters\nSet the User, Password, and ConnectString parameters in the script as appropriate\nlocalhost:1521/PDB1.gse00002281.oraclecloud.internal\n..\nOK\ndone\n"}]},"apps":[],"jobName":"paragraph_1506609990283_109749627","id":"20170927-210836_2004716688","dateCreated":"2017-09-28T14:46:30+0000","dateStarted":"2017-09-28T15:01:15+0000","dateFinished":"2017-09-28T15:01:19+0000","status":"FINISHED","progressUpdateIntervalMs":500,"$$hashKey":"object:8818"},{"title":"Example of a query using the orcl-scott jdbc connection","text":"%jdbc(orcl-scott)\nselect * from all_tables","user":"anonymous","dateUpdated":"2017-09-28T15:42:21+0000","config":{"colWidth":12,"editorMode":"ace/mode/text","results":{},"enabled":true,"editorSetting":{"language":"text","editOnDblClick":false},"title":true},"settings":{"params":{},"forms":{}},"results":{"code":"SUCCESS","msg":[{"type":"TABLE","data":"OWNER\tTABLE_NAME\tTABLESPACE_NAME\tCLUSTER_NAME\tIOT_NAME\tSTATUS\tPCT_FREE\tPCT_USED\tINI_TRANS\tMAX_TRANS\tINITIAL_EXTENT\tNEXT_EXTENT\tMIN_EXTENTS\tMAX_EXTENTS\tPCT_INCREASE\tFREELISTS\tFREELIST_GROUPS\tLOGGING\tBACKED_UP\tNUM_ROWS\tBLOCKS\tEMPTY_BLOCKS\tAVG_SPACE\tCHAIN_CNT\tAVG_ROW_LEN\tAVG_SPACE_FREELIST_BLOCKS\tNUM_FREELIST_BLOCKS\tDEGREE\tINSTANCES\tCACHE\tTABLE_LOCK\tSAMPLE_SIZE\tLAST_ANALYZED\tPARTITIONED\tIOT_TYPE\tTEMPORARY\tSECONDARY\tNESTED\tBUFFER_POOL\tFLASH_CACHE\tCELL_FLASH_CACHE\tROW_MOVEMENT\tGLOBAL_STATS\tUSER_STATS\tDURATION\tSKIP_CORRUPT\tMONITORING\tCLUSTER_OWNER\tDEPENDENCIES\tCOMPRESSION\tCOMPRESS_FOR\tDROPPED\tREAD_ONLY\tSEGMENT_CREATED\tRESULT_CACHE\tCLUSTERING\tACTIVITY_TRACKING\tDML_TIMESTAMP\tHAS_IDENTITY\tCONTAINER_DATA\tINMEMORY\tINMEMORY_PRIORITY\tINMEMORY_DISTRIBUTE\tINMEMORY_COMPRESSION\tINMEMORY_DUPLICATE\nSYS\tDUAL\tSYSTEM\tnull\tnull\tVALID\t10\t40\t1\t255\t16384\t1048576\t1\t2147483645\tnull\t1\t1\tYES\tN\t1\t1\t0\t0\t0\t2\t0\t0\t         1\t         1\t    N\tENABLED\t1\t2014-07-07 06:04:47.0\tNO\tnull\tN\tN\tNO\tDEFAULT\tDEFAULT\tDEFAULT\tDISABLED\tYES\tNO\tnull\tDISABLED\tYES\tnull\tDISABLED\tDISABLED\tnull\tNO\tNO\tYES\tDEFAULT\tNO\tnull\tnull\tNO\tNO\tDISABLED\tnull\tnull\tnull\tnull\nSYS\tSYSTEM_PRIVILEGE_MAP\tSYSTEM\tnull\tnull\tVALID\t10\t40\t1\t255\t65536\t1048576\t1\t2147483645\tnull\t1\t1\tYES\tN\t237\t2\t0\t0\t0\t27\t0\t0\t         1\t         1\t    N\tENABLED\t237\t2014-07-07 06:05:04.0\tNO\tnull\tN\tN\tNO\tDEFAULT\tDEFAULT\tDEFAULT\tDISABLED\tYES\tNO\tnull\tDISABLED\tYES\tnull\tDISABLED\tDISABLED\tnull\tNO\tNO\tYES\tDEFAULT\tNO\tnull\tnull\tNO\tNO\tDISABLED\tnull\tnull\tnull\tnull\nSYS\tTABLE_PRIVILEGE_MAP\tSYSTEM\tnull\tnull\tVALID\t10\t40\t1\t255\t65536\t1048576\t1\t2147483645\tnull\t1\t1\tYES\tN\t26\t1\t0\t0\t0\t11\t0\t0\t         1\t         1\t    N\tENABLED\t26\t2014-07-07 06:05:04.0\tNO\tnull\tN\tN\tNO\tDEFAULT\tDEFAULT\tDEFAULT\tDISABLED\tYES\tNO\tnull\tDISABLED\tYES\tnull\tDISABLED\tDISABLED\tnull\tNO\tNO\tYES\tDEFAULT\tNO\tnull\tnull\tNO\tNO\tDISABLED\tnull\tnull\tnull\tnull\nSYS\tUSER_PRIVILEGE_MAP\tSYSTEM\tnull\tnull\tVALID\t10\t40\t1\t255\t65536\t1048576\t1\t2147483645\tnull\t1\t1\tYES\tN\t2\t1\t0\t0\t0\t20\t0\t0\t         1\t         1\t    N\tENABLED\t2\t2014-07-07 06:05:06.0\tNO\tnull\tN\tN\tNO\tDEFAULT\tDEFAULT\tDEFAULT\tDISABLED\tYES\tNO\tnull\tDISABLED\tYES\tnull\tDISABLED\tDISABLED\tnull\tNO\tNO\tYES\tDEFAULT\tNO\tnull\tnull\tNO\tNO\tDISABLED\tnull\tnull\tnull\tnull\nSYS\tSTMT_AUDIT_OPTION_MAP\tSYSTEM\tnull\tnull\tVALID\t10\t40\t1\t255\t65536\t1048576\t1\t2147483645\tnull\t1\t1\tYES\tN\t308\t2\t0\t0\t0\t24\t0\t0\t         1\t         1\t    N\tENABLED\t308\t2014-07-07 06:05:02.0\tNO\tnull\tN\tN\tNO\tDEFAULT\tDEFAULT\tDEFAULT\tDISABLED\tYES\tNO\tnull\tDISABLED\tYES\tnull\tDISABLED\tDISABLED\tnull\tNO\tNO\tYES\tDEFAULT\tNO\tnull\tnull\tNO\tNO\tDISABLED\tnull\tnull\tnull\tnull\nSYS\tAUDIT_ACTIONS\tSYSTEM\tnull\tnull\tVALID\t10\t40\t1\t255\t65536\t1048576\t1\t2147483645\tnull\t1\t1\tYES\tN\t212\t1\t0\t0\t0\t20\t0\t0\t         1\t         1\t    N\tENABLED\t212\t2014-07-07 06:04:41.0\tNO\tnull\tN\tN\tNO\tDEFAULT\tDEFAULT\tDEFAULT\tDISABLED\tYES\tNO\tnull\tDISABLED\tYES\tnull\tDISABLED\tDISABLED\tnull\tNO\tNO\tYES\tDEFAULT\tNO\tnull\tnull\tNO\tNO\tDISABLED\tnull\tnull\tnull\tnull\nXDB\tXDB$IMPORT_TT_INFO\tSYSAUX\tnull\tnull\tVALID\t10\tnull\t1\t255\tnull\tnull\tnull\tnull\tnull\tnull\tnull\tYES\tN\t0\t0\t0\t0\t0\t0\t0\t0\t         1\t         1\t    N\tENABLED\t0\t2014-07-07 06:04:25.0\tNO\tnull\tN\tN\tNO\tDEFAULT\tDEFAULT\tDEFAULT\tDISABLED\tYES\tNO\tnull\tDISABLED\tYES\tnull\tDISABLED\tDISABLED\tnull\tNO\tNO\tNO\tDEFAULT\tNO\tnull\tnull\tNO\tNO\tDISABLED\tnull\tnull\tnull\tnull\nXDB\tXDB_INDEX_DDL_CACHE\tSYSAUX\tnull\tnull\tVALID\t10\tnull\t1\t255\tnull\tnull\tnull\tnull\tnull\tnull\tnull\tYES\tN\tnull\tnull\tnull\tnull\tnull\tnull\tnull\tnull\t         1\t         1\t    N\tENABLED\tnull\tnull\tNO\tnull\tN\tN\tNO\tDEFAULT\tDEFAULT\tDEFAULT\tDISABLED\tNO\tNO\tnull\tDISABLED\tYES\tnull\tDISABLED\tDISABLED\tnull\tNO\tNO\tNO\tDEFAULT\tNO\tnull\tnull\tNO\tNO\tDISABLED\tnull\tnull\tnull\tnull\nSYSTEM\tHELP\tSYSTEM\tnull\tnull\tVALID\t0\t40\t1\t255\t49152\t1048576\t1\t2147483645\tnull\t1\t1\tYES\tN\t938\t7\t0\t0\t0\t40\t0\t0\t         1\t         1\t    N\tENABLED\t938\t2014-07-07 06:08:56.0\tNO\tnull\tN\tN\tNO\tDEFAULT\tDEFAULT\tDEFAULT\tDISABLED\tYES\tNO\tnull\tDISABLED\tYES\tnull\tDISABLED\tDISABLED\tnull\tNO\tNO\tYES\tDEFAULT\tNO\tnull\tnull\tNO\tNO\tDISABLED\tnull\tnull\tnull\tnull\nCTXSYS\tDR$OBJECT_ATTRIBUTE\tSYSAUX\tnull\tnull\tVALID\t10\tnull\t1\t255\t24576\t24576\t1\t2147483645\tnull\tnull\tnull\tYES\tN\t436\t5\t0\t0\t0\t75\t0\t0\t         1\t         1\t    N\tENABLED\t436\t2014-07-07 06:11:43.0\tNO\tnull\tN\tN\tNO\tDEFAULT\tDEFAULT\tDEFAULT\tDISABLED\tYES\tNO\tnull\tDISABLED\tYES\tnull\tDISABLED\tDISABLED\tnull\tNO\tNO\tYES\tDEFAULT\tNO\tnull\tnull\tNO\tNO\tDISABLED\tnull\tnull\tnull\tnull\nCTXSYS\tDR$POLICY_TAB\tSYSAUX\tnull\tnull\tVALID\t10\tnull\t1\t255\tnull\tnull\tnull\tnull\tnull\tnull\tnull\tYES\tN\t0\t0\t0\t0\t0\t0\t0\t0\t         1\t         1\t    N\tENABLED\t0\t2014-07-07 06:11:43.0\tNO\tnull\tN\tN\tNO\tDEFAULT\tDEFAULT\tDEFAULT\tDISABLED\tYES\tNO\tnull\tDISABLED\tYES\tnull\tDISABLED\tDISABLED\tnull\tNO\tNO\tNO\tDEFAULT\tNO\tnull\tnull\tNO\tNO\tDISABLED\tnull\tnull\tnull\tnull\nCTXSYS\tDR$THS\tSYSAUX\tnull\tnull\tVALID\t10\tnull\t1\t255\tnull\tnull\tnull\tnull\tnull\tnull\tnull\tYES\tN\t0\t0\t0\t0\t0\t0\t0\t0\t         1\t         1\t    N\tENABLED\t0\t2014-07-07 06:11:44.0\tNO\tnull\tN\tN\tNO\tDEFAULT\tDEFAULT\tDEFAULT\tDISABLED\tYES\tNO\tnull\tDISABLED\tYES\tnull\tDISABLED\tDISABLED\tnull\tNO\tNO\tNO\tDEFAULT\tNO\tnull\tnull\tNO\tNO\tDISABLED\tnull\tnull\tnull\tnull\nCTXSYS\tDR$THS_PHRASE\tSYSAUX\tnull\tnull\tVALID\t10\tnull\t1\t255\tnull\tnull\tnull\tnull\tnull\tnull\tnull\tYES\tN\t0\t0\t0\t0\t0\t0\t0\t0\t         1\t         1\t    N\tENABLED\t0\t2014-07-07 06:11:44.0\tNO\tnull\tN\tN\tNO\tDEFAULT\tDEFAULT\tDEFAULT\tDISABLED\tYES\tNO\tnull\tDISABLED\tYES\tnull\tDISABLED\tDISABLED\tnull\tNO\tNO\tNO\tDEFAULT\tNO\tnull\tnull\tNO\tNO\tDISABLED\tnull\tnull\tnull\tnull\nCTXSYS\tDR$NUMBER_SEQUENCE\tSYSAUX\tnull\tnull\tVALID\t10\tnull\t1\t255\t65536\t1048576\t1\t2147483645\tnull\tnull\tnull\tYES\tN\t2048\t5\t0\t0\t0\t4\t0\t0\t         1\t         1\t    N\tENABLED\t2048\t2014-07-07 06:11:43.0\tNO\tnull\tN\tN\tNO\tDEFAULT\tDEFAULT\tDEFAULT\tDISABLED\tYES\tNO\tnull\tDISABLED\tYES\tnull\tDISABLED\tDISABLED\tnull\tNO\tNO\tYES\tDEFAULT\tNO\tnull\tnull\tNO\tNO\tDISABLED\tnull\tnull\tnull\tnull\nMDSYS\tOGIS_GEOMETRY_COLUMNS\tSYSAUX\tnull\tnull\tVALID\t10\tnull\t1\t255\tnull\tnull\tnull\tnull\tnull\tnull\tnull\tYES\tN\t0\t0\t0\t0\t0\t0\t0\t0\t         1\t         1\t    N\tENABLED\t0\t2014-07-07 06:20:02.0\tNO\tnull\tN\tN\tNO\tDEFAULT\tDEFAULT\tDEFAULT\tDISABLED\tYES\tNO\tnull\tDISABLED\tYES\tnull\tDISABLED\tDISABLED\tnull\tNO\tNO\tNO\tDEFAULT\tNO\tnull\tnull\tNO\tNO\tDISABLED\tnull\tnull\tnull\tnull\nMDSYS\tSDO_UNITS_OF_MEASURE\tSYSAUX\tnull\tnull\tVALID\t10\tnull\t1\t255\t65536\t1048576\t1\t2147483645\tnull\tnull\tnull\tYES\tN\t141\t5\t0\t0\t0\t89\t0\t0\t         1\t         1\t    N\tENABLED\t141\t2014-07-07 06:20:06.0\tNO\tnull\tN\tN\tNO\tDEFAULT\tDEFAULT\tDEFAULT\tDISABLED\tYES\tNO\tnull\tDISABLED\tYES\tnull\tDISABLED\tDISABLED\tnull\tNO\tNO\tYES\tDEFAULT\tNO\tnull\tnull\tNO\tNO\tDISABLED\tnull\tnull\tnull\tnull\nMDSYS\tSDO_PRIME_MERIDIANS\tSYSAUX\tnull\tnull\tVALID\t10\tnull\t1\t255\t65536\t1048576\t1\t2147483645\tnull\tnull\tnull\tYES\tN\t17\t5\t0\t0\t0\t53\t0\t0\t         1\t         1\t    N\tENABLED\t17\t2014-07-07 06:20:05.0\tNO\tnull\tN\tN\tNO\tDEFAULT\tDEFAULT\tDEFAULT\tDISABLED\tYES\tNO\tnull\tDISABLED\tYES\tnull\tDISABLED\tDISABLED\tnull\tNO\tNO\tYES\tDEFAULT\tNO\tnull\tnull\tNO\tNO\tDISABLED\tnull\tnull\tnull\tnull\nMDSYS\tSDO_ELLIPSOIDS\tSYSAUX\tnull\tnull\tVALID\t10\tnull\t1\t255\t65536\t1048576\t1\t2147483645\tnull\tnull\tnull\tYES\tN\t104\t5\t0\t0\t0\t87\t0\t0\t         1\t         1\t    N\tENABLED\t104\t2014-07-07 06:20:05.0\tNO\tnull\tN\tN\tNO\tDEFAULT\tDEFAULT\tDEFAULT\tDISABLED\tYES\tNO\tnull\tDISABLED\tYES\tnull\tDISABLED\tDISABLED\tnull\tNO\tNO\tYES\tDEFAULT\tNO\tnull\tnull\tNO\tNO\tDISABLED\tnull\tnull\tnull\tnull\nMDSYS\tSDO_DATUMS\tSYSAUX\tnull\tnull\tVALID\t10\tnull\t1\t255\t65536\t1048576\t1\t2147483645\tnull\tnull\tnull\tYES\tN\t719\t13\t0\t0\t0\t98\t0\t0\t         1\t         1\t    N\tENABLED\t719\t2014-07-07 06:20:05.0\tNO\tnull\tN\tN\tNO\tDEFAULT\tDEFAULT\tDEFAULT\tDISABLED\tYES\tNO\tnull\tDISABLED\tYES\tnull\tDISABLED\tDISABLED\tnull\tNO\tNO\tYES\tDEFAULT\tNO\tnull\tnull\tNO\tNO\tDISABLED\tnull\tnull\tnull\tnull\nMDSYS\tSDO_COORD_SYS\tSYSAUX\tnull\tnull\tVALID\t10\tnull\t1\t255\t65536\t1048576\t1\t2147483645\tnull\tnull\tnull\tYES\tN\t139\t5\t0\t0\t0\t119\t0\t0\t         1\t         1\t    N\tENABLED\t139\t2014-07-07 06:20:05.0\tNO\tnull\tN\tN\tNO\tDEFAULT\tDEFAULT\tDEFAULT\tDISABLED\tYES\tNO\tnull\tDISABLED\tYES\tnull\tDISABLED\tDISABLED\tnull\tNO\tNO\tYES\tDEFAULT\tNO\tnull\tnull\tNO\tNO\tDISABLED\tnull\tnull\tnull\tnull\nMDSYS\tSDO_COORD_AXIS_NAMES\tSYSAUX\tnull\tnull\tVALID\t10\tnull\t1\t255\t65536\t1048576\t1\t2147483645\tnull\tnull\tnull\tYES\tN\t31\t5\t0\t0\t0\t19\t0\t0\t         1\t         1\t    N\tENABLED\t31\t2014-07-07 06:20:03.0\tNO\tnull\tN\tN\tNO\tDEFAULT\tDEFAULT\tDEFAULT\tDISABLED\tYES\tNO\tnull\tDISABLED\tYES\tnull\tDISABLED\tDISABLED\tnull\tNO\tNO\tYES\tDEFAULT\tNO\tnull\tnull\tNO\tNO\tDISABLED\tnull\tnull\tnull\tnull\nMDSYS\tSDO_COORD_AXES\tSYSAUX\tnull\tnull\tVALID\t10\tnull\t1\t255\t65536\t1048576\t1\t2147483645\tnull\tnull\tnull\tYES\tN\t292\t5\t0\t0\t0\t26\t0\t0\t         1\t         1\t    N\tENABLED\t292\t2014-07-07 06:20:02.0\tNO\tnull\tN\tN\tNO\tDEFAULT\tDEFAULT\tDEFAULT\tDISABLED\tYES\tNO\tnull\tDISABLED\tYES\tnull\tDISABLED\tDISABLED\tnull\tNO\tNO\tYES\tDEFAULT\tNO\tnull\tnull\tNO\tNO\tDISABLED\tnull\tnull\tnull\tnull\nMDSYS\tSDO_COORD_REF_SYS\tSYSAUX\tnull\tnull\tVALID\t10\tnull\t1\t255\t65536\t1048576\t1\t2147483645\tnull\tnull\tnull\tYES\tN\t5962\t244\t0\t0\t0\t187\t0\t0\t         1\t         1\t    N\tENABLED\t5962\t2014-07-07 06:20:04.0\tNO\tnull\tN\tN\tNO\tDEFAULT\tDEFAULT\tDEFAULT\tDISABLED\tYES\tNO\tnull\tDISABLED\tYES\tnull\tDISABLED\tDISABLED\tnull\tNO\tNO\tYES\tDEFAULT\tNO\tnull\tnull\tNO\tNO\tDISABLED\tnull\tnull\tnull\tnull\nMDSYS\tSDO_COORD_OP_METHODS\tSYSAUX\tnull\tnull\tVALID\t10\tnull\t1\t255\t65536\t1048576\t1\t2147483645\tnull\tnull\tnull\tYES\tN\t129\t5\t0\t0\t0\t89\t0\t0\t         1\t         1\t    N\tENABLED\t129\t2014-07-07 06:20:03.0\tNO\tnull\tN\tN\tNO\tDEFAULT\tDEFAULT\tDEFAULT\tDISABLED\tYES\tNO\tnull\tDISABLED\tYES\tnull\tDISABLED\tDISABLED\tnull\tNO\tNO\tYES\tDEFAULT\tNO\tnull\tnull\tNO\tNO\tDISABLED\tnull\tnull\tnull\tnull\nMDSYS\tSDO_COORD_OPS\tSYSAUX\tnull\tnull\tVALID\t10\tnull\t1\t255\t65536\t1048576\t1\t2147483645\tnull\tnull\tnull\tYES\tN\t3655\t73\t0\t0\t0\t148\t0\t0\t         1\t         1\t    N\tENABLED\t3655\t2014-07-07 06:20:03.0\tNO\tnull\tN\tN\tNO\tDEFAULT\tDEFAULT\tDEFAULT\tDISABLED\tYES\tNO\tnull\tDISABLED\tYES\tnull\tDISABLED\tDISABLED\tnull\tNO\tNO\tYES\tDEFAULT\tNO\tnull\tnull\tNO\tNO\tDISABLED\tnull\tnull\tnull\tnull\nMDSYS\tSDO_PREFERRED_OPS_SYSTEM\tSYSAUX\tnull\tnull\tVALID\t10\tnull\t1\t255\tnull\tnull\tnull\tnull\tnull\tnull\tnull\tYES\tN\t0\t0\t0\t0\t0\t0\t0\t0\t         1\t         1\t    N\tENABLED\t0\t2014-07-07 06:20:05.0\tNO\tnull\tN\tN\tNO\tDEFAULT\tDEFAULT\tDEFAULT\tDISABLED\tYES\tNO\tnull\tDISABLED\tYES\tnull\tDISABLED\tDISABLED\tnull\tNO\tNO\tNO\tDEFAULT\tNO\tnull\tnull\tNO\tNO\tDISABLED\tnull\tnull\tnull\tnull\nMDSYS\tSDO_PREFERRED_OPS_USER\tSYSAUX\tnull\tnull\tVALID\t10\tnull\t1\t255\tnull\tnull\tnull\tnull\tnull\tnull\tnull\tYES\tN\t0\t0\t0\t0\t0\t0\t0\t0\t         1\t         1\t    N\tENABLED\t0\t2014-07-07 06:20:05.0\tNO\tnull\tN\tN\tNO\tDEFAULT\tDEFAULT\tDEFAULT\tDISABLED\tYES\tNO\tnull\tDISABLED\tYES\tnull\tDISABLED\tDISABLED\tnull\tNO\tNO\tNO\tDEFAULT\tNO\tnull\tnull\tNO\tNO\tDISABLED\tnull\tnull\tnull\tnull\nMDSYS\tSDO_COORD_OP_PATHS\tSYSAUX\tnull\tnull\tVALID\t10\tnull\t1\t255\t65536\t1048576\t1\t2147483645\tnull\tnull\tnull\tYES\tN\t392\t5\t0\t0\t0\t19\t0\t0\t         1\t         1\t    N\tENABLED\t392\t2014-07-07 06:20:04.0\tNO\tnull\tN\tN\tNO\tDEFAULT\tDEFAULT\tDEFAULT\tDISABLED\tYES\tNO\tnull\tDISABLED\tYES\tnull\tDISABLED\tDISABLED\tnull\tNO\tNO\tYES\tDEFAULT\tNO\tnull\tnull\tNO\tNO\tDISABLED\tnull\tnull\tnull\tnull\nMDSYS\tSDO_COORD_OP_PARAMS\tSYSAUX\tnull\tnull\tVALID\t10\tnull\t1\t255\t65536\t1048576\t1\t2147483645\tnull\tnull\tnull\tYES\tN\t179\t5\t0\t0\t0\t64\t0\t0\t         1\t         1\t    N\tENABLED\t179\t2014-07-07 06:20:03.0\tNO\tnull\tN\tN\tNO\tDEFAULT\tDEFAULT\tDEFAULT\tDISABLED\tYES\tNO\tnull\tDISABLED\tYES\tnull\tDISABLED\tDISABLED\tnull\tNO\tNO\tYES\tDEFAULT\tNO\tnull\tnull\tNO\tNO\tDISABLED\tnull\tnull\tnull\tnull\nMDSYS\tSDO_COORD_OP_PARAM_USE\tSYSAUX\tnull\tnull\tVALID\t10\tnull\t1\t255\t65536\t1048576\t1\t2147483645\tnull\tnull\tnull\tYES\tN\t876\t5\t0\t0\t0\t16\t0\t0\t         1\t         1\t    N\tENABLED\t876\t2014-07-07 06:20:03.0\tNO\tnull\tN\tN\tNO\tDEFAULT\tDEFAULT\tDEFAULT\tDISABLED\tYES\tNO\tnull\tDISABLED\tYES\tnull\tDISABLED\tDISABLED\tnull\tNO\tNO\tYES\tDEFAULT\tNO\tnull\tnull\tNO\tNO\tDISABLED\tnull\tnull\tnull\tnull\nMDSYS\tSDO_COORD_OP_PARAM_VALS\tSYSAUX\tnull\tnull\tVALID\t10\tnull\t1\t255\t65536\t1048576\t1\t2147483645\tnull\tnull\tnull\tYES\tN\t15082\t65\t0\t0\t0\t24\t0\t0\t         1\t         1\t    N\tENABLED\t15082\t2014-07-07 06:20:04.0\tNO\tnull\tN\tN\tNO\tDEFAULT\tDEFAULT\tDEFAULT\tDISABLED\tYES\tNO\tnull\tDISABLED\tYES\tnull\tDISABLED\tDISABLED\tnull\tNO\tNO\tYES\tDEFAULT\tNO\tnull\tnull\tNO\tNO\tDISABLED\tnull\tnull\tnull\tnull\nMDSYS\tSDO_CRS_GEOGRAPHIC_PLUS_HEIGHT\tSYSAUX\tnull\tnull\tVALID\t10\tnull\t1\t255\t65536\t1048576\t1\t2147483645\tnull\tnull\tnull\tYES\tN\t132\t4\t0\t0\t0\t4\t0\t0\t         1\t         1\t    N\tENABLED\t132\t2014-07-07 06:19:43.0\tNO\tnull\tN\tN\tNO\tDEFAULT\tDEFAULT\tDEFAULT\tDISABLED\tYES\tNO\tnull\tDISABLED\tYES\tnull\tDISABLED\tDISABLED\tnull\tNO\tNO\tYES\tDEFAULT\tNO\tnull\tnull\tNO\tNO\tDISABLED\tnull\tnull\tnull\tnull\nMDSYS\tSDO_XML_SCHEMAS\tSYSAUX\tnull\tnull\tVALID\t10\tnull\t1\t255\t65536\t1048576\t1\t2147483645\tnull\tnull\tnull\tYES\tN\t6\t5\t0\t0\t0\t111\t0\t0\t         1\t         1\t    N\tENABLED\t6\t2014-07-07 06:20:06.0\tNO\tnull\tN\tN\tNO\tDEFAULT\tDEFAULT\tDEFAULT\tDISABLED\tYES\tNO\tnull\tDISABLED\tYES\tnull\tDISABLED\tDISABLED\tnull\tNO\tNO\tYES\tDEFAULT\tNO\tnull\tnull\tNO\tNO\tDISABLED\tnull\tnull\tnull\tnull\nMDSYS\tSDO_CS_SRS\tSYSAUX\tnull\tnull\tVALID\t10\tnull\t1\t255\t65536\t1048576\t1\t2147483645\tnull\tnull\tnull\tYES\tN\t5962\t1126\t0\t0\t0\t1159\t0\t0\t         1\t         1\t    N\tENABLED\t5962\t2014-07-07 06:28:55.0\tNO\tnull\tN\tN\tNO\tDEFAULT\tDEFAULT\tDEFAULT\tDISABLED\tYES\tNO\tnull\tDISABLED\tYES\tnull\tDISABLED\tDISABLED\tnull\tNO\tNO\tYES\tDEFAULT\tNO\tnull\tnull\tNO\tNO\tDISABLED\tnull\tnull\tnull\tnull\nMDSYS\tNTV2_XML_DATA\tSYSAUX\tnull\tnull\tVALID\t10\tnull\t1\t255\t65536\t1048576\t1\t2147483645\tnull\tnull\tnull\tYES\tN\t0\t0\t0\t0\t0\t0\t0\t0\t         1\t         1\t    N\tENABLED\t0\t2014-07-07 06:28:54.0\tNO\tnull\tN\tN\tNO\tDEFAULT\tDEFAULT\tDEFAULT\tDISABLED\tYES\tNO\tnull\tDISABLED\tYES\tnull\tDISABLED\tDISABLED\tnull\tNO\tNO\tYES\tDEFAULT\tNO\tnull\tnull\tNO\tNO\tDISABLED\tnull\tnull\tnull\tnull\nMDSYS\tSDO_PROJECTIONS_OLD_SNAPSHOT\tSYSAUX\tnull\tnull\tVALID\t10\tnull\t1\t255\t65536\t1048576\t1\t2147483645\tnull\tnull\tnull\tYES\tN\t42\t5\t0\t0\t0\t20\t0\t0\t         1\t         1\t    N\tENABLED\t42\t2014-07-07 06:28:55.0\tNO\tnull\tN\tN\tNO\tDEFAULT\tDEFAULT\tDEFAULT\tDISABLED\tYES\tNO\tnull\tDISABLED\tYES\tnull\tDISABLED\tDISABLED\tnull\tNO\tNO\tYES\tDEFAULT\tNO\tnull\tnull\tNO\tNO\tDISABLED\tnull\tnull\tnull\tnull\nMDSYS\tSDO_ELLIPSOIDS_OLD_SNAPSHOT\tSYSAUX\tnull\tnull\tVALID\t10\tnull\t1\t255\t65536\t1048576\t1\t2147483645\tnull\tnull\tnull\tYES\tN\t47\t5\t0\t0\t0\t27\t0\t0\t         1\t         1\t    N\tENABLED\t47\t2014-07-07 06:28:55.0\tNO\tnull\tN\tN\tNO\tDEFAULT\tDEFAULT\tDEFAULT\tDISABLED\tYES\tNO\tnull\tDISABLED\tYES\tnull\tDISABLED\tDISABLED\tnull\tNO\tNO\tYES\tDEFAULT\tNO\tnull\tnull\tNO\tNO\tDISABLED\tnull\tnull\tnull\tnull\nMDSYS\tSDO_DATUMS_OLD_SNAPSHOT\tSYSAUX\tnull\tnull\tVALID\t10\tnull\t1\t255\t65536\t1048576\t1\t2147483645\tnull\tnull\tnull\tYES\tN\t118\t5\t0\t0\t0\t35\t0\t0\t         1\t         1\t    N\tENABLED\t118\t2014-07-07 06:28:55.0\tNO\tnull\tN\tN\tNO\tDEFAULT\tDEFAULT\tDEFAULT\tDISABLED\tYES\tNO\tnull\tDISABLED\tYES\tnull\tDISABLED\tDISABLED\tnull\tNO\tNO\tYES\tDEFAULT\tNO\tnull\tnull\tNO\tNO\tDISABLED\tnull\tnull\tnull\tnull\nMDSYS\tSDO_FEATURE_USAGE\tSYSAUX\tnull\tnull\tVALID\t10\tnull\t1\t255\t65536\t1048576\t1\t2147483645\tnull\tnull\tnull\tYES\tN\t19\t5\t0\t0\t0\t10\t0\t0\t         1\t         1\t    N\tENABLED\t19\t2014-07-07 06:28:55.0\tNO\tnull\tN\tN\tNO\tDEFAULT\tDEFAULT\tDEFAULT\tDISABLED\tYES\tNO\tnull\tDISABLED\tYES\tnull\tDISABLED\tDISABLED\tnull\tNO\tNO\tYES\tDEFAULT\tNO\tnull\tnull\tNO\tNO\tDISABLED\tnull\tnull\tnull\tnull\nMDSYS\tSRSNAMESPACE_TABLE\tSYSAUX\tnull\tnull\tVALID\t10\tnull\t1\t255\tnull\tnull\tnull\tnull\tnull\tnull\tnull\tYES\tN\t0\t0\t0\t0\t0\t0\t0\t0\t         1\t         1\t    N\tENABLED\t0\t2014-07-07 06:20:06.0\tNO\tnull\tN\tN\tNO\tDEFAULT\tDEFAULT\tDEFAULT\tDISABLED\tYES\tNO\tnull\tDISABLED\tYES\tnull\tDISABLED\tDISABLED\tnull\tNO\tNO\tNO\tDEFAULT\tNO\tnull\tnull\tNO\tNO\tDISABLED\tnull\tnull\tnull\tnull\nMDSYS\tOGIS_SPATIAL_REFERENCE_SYSTEMS\tSYSAUX\tnull\tnull\tVALID\t10\tnull\t1\t255\tnull\tnull\tnull\tnull\tnull\tnull\tnull\tYES\tN\t0\t0\t0\t0\t0\t0\t0\t0\t         1\t         1\t    N\tENABLED\t0\t2014-07-07 06:20:02.0\tNO\tnull\tN\tN\tNO\tDEFAULT\tDEFAULT\tDEFAULT\tDISABLED\tYES\tNO\tnull\tDISABLED\tYES\tnull\tDISABLED\tDISABLED\tnull\tNO\tNO\tNO\tDEFAULT\tNO\tnull\tnull\tNO\tNO\tDISABLED\tnull\tnull\tnull\tnull\nSYS\tAW$EXPRESS\tSYSAUX\tnull\tnull\tVALID\t10\tnull\t4\t255\t65536\t1048576\t1\t2147483645\tnull\tnull\tnull\tYES\tN\t111\t5\t0\t0\t0\t105\t0\t0\t         1\t         1\t    N\tENABLED\t111\t2014-07-07 06:20:44.0\tNO\tnull\tN\tN\tNO\tDEFAULT\tDEFAULT\tDEFAULT\tDISABLED\tYES\tNO\tnull\tDISABLED\tYES\tnull\tDISABLED\tDISABLED\tnull\tNO\tNO\tYES\tDEFAULT\tNO\tnull\tnull\tNO\tNO\tDISABLED\tnull\tnull\tnull\tnull\nSYS\tAW$AWMD\tSYSAUX\tnull\tnull\tVALID\t10\tnull\t4\t255\t65536\t1048576\t1\t2147483645\tnull\tnull\tnull\tYES\tN\t750\t13\t0\t0\t0\t123\t0\t0\t         1\t         1\t    N\tENABLED\t750\t2014-07-07 06:20:43.0\tNO\tnull\tN\tN\tNO\tDEFAULT\tDEFAULT\tDEFAULT\tDISABLED\tYES\tNO\tnull\tDISABLED\tYES\tnull\tDISABLED\tDISABLED\tnull\tNO\tNO\tYES\tDEFAULT\tNO\tnull\tnull\tNO\tNO\tDISABLED\tnull\tnull\tnull\tnull\nSYS\tAW$AWCREATE\tSYSAUX\tnull\tnull\tVALID\t10\tnull\t4\t255\t65536\t1048576\t1\t2147483645\tnull\tnull\tnull\tYES\tN\t57\t5\t0\t0\t0\t108\t0\t0\t         1\t         1\t    N\tENABLED\t57\t2014-07-07 06:20:43.0\tNO\tnull\tN\tN\tNO\tDEFAULT\tDEFAULT\tDEFAULT\tDISABLED\tYES\tNO\tnull\tDISABLED\tYES\tnull\tDISABLED\tDISABLED\tnull\tNO\tNO\tYES\tDEFAULT\tNO\tnull\tnull\tNO\tNO\tDISABLED\tnull\tnull\tnull\tnull\nSYS\tAW$AWCREATE10G\tSYSAUX\tnull\tnull\tVALID\t10\tnull\t4\t255\t65536\t1048576\t1\t2147483645\tnull\tnull\tnull\tYES\tN\t27\t5\t0\t0\t0\t96\t0\t0\t         1\t         1\t    N\tENABLED\t27\t2014-07-07 06:20:43.0\tNO\tnull\tN\tN\tNO\tDEFAULT\tDEFAULT\tDEFAULT\tDISABLED\tYES\tNO\tnull\tDISABLED\tYES\tnull\tDISABLED\tDISABLED\tnull\tNO\tNO\tYES\tDEFAULT\tNO\tnull\tnull\tNO\tNO\tDISABLED\tnull\tnull\tnull\tnull\nSYS\tAW$AWXML\tSYSAUX\tnull\tnull\tVALID\t10\tnull\t4\t255\t65536\t1048576\t1\t2147483645\tnull\tnull\tnull\tYES\tN\t153\t5\t0\t0\t0\t120\t0\t0\t         1\t         1\t    N\tENABLED\t153\t2014-07-07 06:20:44.0\tNO\tnull\tN\tN\tNO\tDEFAULT\tDEFAULT\tDEFAULT\tDISABLED\tYES\tNO\tnull\tDISABLED\tYES\tnull\tDISABLED\tDISABLED\tnull\tNO\tNO\tYES\tDEFAULT\tNO\tnull\tnull\tNO\tNO\tDISABLED\tnull\tnull\tnull\tnull\nSYS\tAW$AWREPORT\tSYSAUX\tnull\tnull\tVALID\t10\tnull\t4\t255\t65536\t1048576\t1\t2147483645\tnull\tnull\tnull\tYES\tN\t27\t5\t0\t0\t0\t96\t0\t0\t         1\t         1\t    N\tENABLED\t27\t2014-07-07 06:20:44.0\tNO\tnull\tN\tN\tNO\tDEFAULT\tDEFAULT\tDEFAULT\tDISABLED\tYES\tNO\tnull\tDISABLED\tYES\tnull\tDISABLED\tDISABLED\tnull\tNO\tNO\tYES\tDEFAULT\tNO\tnull\tnull\tNO\tNO\tDISABLED\tnull\tnull\tnull\tnull\nMDSYS\tSDO_GEOR_XMLSCHEMA_TABLE\tSYSAUX\tnull\tnull\tVALID\t10\tnull\t1\t255\t65536\t1048576\t1\t2147483645\tnull\tnull\tnull\tYES\tN\t1\t5\t0\t0\t0\t100\t0\t0\t         1\t         1\t    N\tENABLED\t1\t2014-07-07 06:28:55.0\tNO\tnull\tN\tN\tNO\tDEFAULT\tDEFAULT\tDEFAULT\tDISABLED\tYES\tNO\tnull\tDISABLED\tYES\tnull\tDISABLED\tDISABLED\tnull\tNO\tNO\tYES\tDEFAULT\tNO\tnull\tnull\tNO\tNO\tDISABLED\tnull\tnull\tnull\tnull\nMDSYS\tSDO_WS_CONFERENCE\tSYSAUX\tnull\tnull\tVALID\t10\tnull\t1\t255\t65536\t1048576\t1\t2147483645\tnull\tnull\tnull\tYES\tN\t0\t0\t0\t0\t0\t0\t0\t0\t         1\t         1\t    N\tENABLED\t0\t2014-07-07 06:28:55.0\tNO\tnull\tN\tN\tNO\tDEFAULT\tDEFAULT\tDEFAULT\tDISABLED\tYES\tNO\tnull\tDISABLED\tYES\tnull\tDISABLED\tDISABLED\tnull\tNO\tNO\tYES\tDEFAULT\tNO\tnull\tnull\tNO\tNO\tDISABLED\tnull\tnull\tnull\tnull\nMDSYS\tSDO_WS_CONFERENCE_RESULTS\tSYSAUX\tnull\tnull\tVALID\t10\tnull\t1\t255\t65536\t1048576\t1\t2147483645\tnull\tnull\tnull\tYES\tN\t0\t0\t0\t0\t0\t0\t0\t0\t         1\t         1\t    N\tENABLED\t0\t2014-07-07 06:28:56.0\tNO\tnull\tN\tN\tNO\tDEFAULT\tDEFAULT\tDEFAULT\tDISABLED\tYES\tNO\tnull\tDISABLED\tYES\tnull\tDISABLED\tDISABLED\tnull\tNO\tNO\tYES\tDEFAULT\tNO\tnull\tnull\tNO\tNO\tDISABLED\tnull\tnull\tnull\tnull\nMDSYS\tSDO_WS_CONFERENCE_PARTICIPANTS\tSYSAUX\tnull\tnull\tVALID\t10\tnull\t1\t255\tnull\tnull\tnull\tnull\tnull\tnull\tnull\tYES\tN\t0\t0\t0\t0\t0\t0\t0\t0\t         1\t         1\t    N\tENABLED\t0\t2014-07-07 06:28:56.0\tNO\tnull\tN\tN\tNO\tDEFAULT\tDEFAULT\tDEFAULT\tDISABLED\tYES\tNO\tnull\tDISABLED\tYES\tnull\tDISABLED\tDISABLED\tnull\tNO\tNO\tNO\tDEFAULT\tNO\tnull\tnull\tNO\tNO\tDISABLED\tnull\tnull\tnull\tnull\nMDSYS\tSDO_TIN_PC_SEQ\tSYSAUX\tnull\tnull\tVALID\t10\tnull\t1\t255\tnull\tnull\tnull\tnull\tnull\tnull\tnull\tYES\tN\t0\t0\t0\t0\t0\t0\t0\t0\t         1\t         1\t    N\tENABLED\t0\t2014-07-07 06:28:55.0\tNO\tnull\tN\tN\tNO\tDEFAULT\tDEFAULT\tDEFAULT\tDISABLED\tYES\tNO\tnull\tDISABLED\tYES\tnull\tDISABLED\tDISABLED\tnull\tNO\tNO\tNO\tDEFAULT\tNO\tnull\tnull\tNO\tNO\tDISABLED\tnull\tnull\tnull\tnull\nMDSYS\tSDO_TIN_PC_SYSDATA_TABLE\tSYSAUX\tnull\tnull\tVALID\t10\tnull\t1\t255\tnull\tnull\tnull\tnull\tnull\tnull\tnull\tYES\tN\t0\t0\t0\t0\t0\t0\t0\t0\t         1\t         1\t    N\tENABLED\t0\t2014-07-07 06:28:55.0\tNO\tnull\tN\tN\tNO\tDEFAULT\tDEFAULT\tDEFAULT\tDISABLED\tYES\tNO\tnull\tDISABLED\tYES\tnull\tDISABLED\tDISABLED\tnull\tNO\tNO\tNO\tDEFAULT\tNO\tnull\tnull\tNO\tNO\tDISABLED\tnull\tnull\tnull\tnull\nMDSYS\tSDO_GEOR_PLUGIN_REGISTRY\tSYSAUX\tnull\tnull\tVALID\t10\tnull\t1\t255\tnull\tnull\tnull\tnull\tnull\tnull\tnull\tYES\tN\t0\t0\t0\t0\t0\t0\t0\t0\t         1\t         1\t    N\tENABLED\t0\t2014-07-07 06:28:55.0\tNO\tnull\tN\tN\tNO\tDEFAULT\tDEFAULT\tDEFAULT\tDISABLED\tYES\tNO\tnull\tDISABLED\tYES\tnull\tDISABLED\tDISABLED\tnull\tNO\tNO\tNO\tDEFAULT\tNO\tnull\tnull\tNO\tNO\tDISABLED\tnull\tnull\tnull\tnull\nSYS\tWRR$_REPLAY_CALL_FILTER\tSYSAUX\tnull\tnull\tVALID\t10\tnull\t1\t255\t65536\t1048576\t1\t2147483645\tnull\tnull\tnull\tYES\tN\t0\t0\t0\t0\t0\t0\t0\t0\t         1\t         1\t    N\tENABLED\t0\t2017-04-25 16:15:59.0\tNO\tnull\tN\tN\tNO\tDEFAULT\tDEFAULT\tDEFAULT\tDISABLED\tYES\tNO\tnull\tDISABLED\tYES\tnull\tDISABLED\tDISABLED\tnull\tNO\tNO\tYES\tDEFAULT\tNO\tnull\tnull\tNO\tNO\tDISABLED\tnull\tnull\tnull\tnull\nSYS\tHS_BULKLOAD_VIEW_OBJ\tSYSTEM\tnull\tnull\tVALID\t10\t40\t1\t255\tnull\tnull\tnull\tnull\tnull\tnull\tnull\tYES\tN\t0\t0\t0\t0\t0\t0\t0\t0\t         1\t         1\t    N\tENABLED\t0\t2014-07-07 06:04:48.0\tNO\tnull\tN\tN\tNO\tDEFAULT\tDEFAULT\tDEFAULT\tDISABLED\tYES\tNO\tnull\tDISABLED\tYES\tnull\tDISABLED\tDISABLED\tnull\tNO\tNO\tNO\tDEFAULT\tNO\tnull\tnull\tNO\tNO\tDISABLED\tnull\tnull\tnull\tnull\nSYS\tHS$_PARALLEL_METADATA\tSYSTEM\tnull\tnull\tVALID\t10\t40\t1\t255\t65536\t1048576\t1\t2147483645\tnull\t1\t1\tYES\tN\t0\t0\t0\t0\t0\t0\t0\t0\t         1\t         1\t    N\tENABLED\t0\t2014-07-07 06:04:48.0\tNO\tnull\tN\tN\tNO\tDEFAULT\tDEFAULT\tDEFAULT\tDISABLED\tYES\tNO\tnull\tDISABLED\tYES\tnull\tDISABLED\tDISABLED\tnull\tNO\tNO\tYES\tDEFAULT\tNO\tnull\tnull\tNO\tNO\tDISABLED\tnull\tnull\tnull\tnull\nSYS\tHS_PARTITION_COL_NAME\tSYSTEM\tnull\tnull\tVALID\t10\t40\t1\t255\t65536\t1048576\t1\t2147483645\tnull\t1\t1\tYES\tN\t0\t0\t0\t0\t0\t0\t0\t0\t         1\t         1\t    N\tENABLED\t0\t2014-07-07 06:04:48.0\tNO\tnull\tN\tN\tYES\tDEFAULT\tDEFAULT\tDEFAULT\tDISABLED\tYES\tNO\tnull\tDISABLED\tYES\tnull\tDISABLED\tDISABLED\tnull\tNO\tNO\tYES\tDEFAULT\tNO\tnull\tnull\tNO\tNO\tDISABLED\tnull\tnull\tnull\tnull\nSYS\tHS_PARTITION_COL_TYPE\tSYSTEM\tnull\tnull\tVALID\t10\t40\t1\t255\t65536\t1048576\t1\t2147483645\tnull\t1\t1\tYES\tN\t0\t0\t0\t0\t0\t0\t0\t0\t         1\t         1\t    N\tENABLED\t0\t2014-07-07 06:04:48.0\tNO\tnull\tN\tN\tYES\tDEFAULT\tDEFAULT\tDEFAULT\tDISABLED\tYES\tNO\tnull\tDISABLED\tYES\tnull\tDISABLED\tDISABLED\tnull\tNO\tNO\tYES\tDEFAULT\tNO\tnull\tnull\tNO\tNO\tDISABLED\tnull\tnull\tnull\tnull\nSYS\tKU$_DATAPUMP_MASTER_10_1\tnull\tnull\tnull\tVALID\t10\t40\t1\t255\tnull\tnull\tnull\tnull\tnull\t1\t1\tNO\tN\tnull\tnull\tnull\tnull\tnull\tnull\tnull\tnull\t         1\t         1\t    N\tENABLED\tnull\tnull\tNO\tnull\tY\tN\tNO\tDEFAULT\tDEFAULT\tDEFAULT\tDISABLED\tNO\tNO\tSYS$SESSION\tDISABLED\tNO\tnull\tDISABLED\tDISABLED\tBASIC\tNO\tNO\tYES\tDEFAULT\tNO\tnull\tnull\tNO\tNO\tDISABLED\tnull\tnull\tnull\tnull\nSYS\tKU$_DATAPUMP_MASTER_11_1\tnull\tnull\tnull\tVALID\t10\t40\t1\t255\tnull\tnull\tnull\tnull\tnull\t1\t1\tNO\tN\tnull\tnull\tnull\tnull\tnull\tnull\tnull\tnull\t         1\t         1\t    N\tENABLED\tnull\tnull\tNO\tnull\tY\tN\tNO\tDEFAULT\tDEFAULT\tDEFAULT\tDISABLED\tNO\tNO\tSYS$SESSION\tDISABLED\tNO\tnull\tDISABLED\tDISABLED\tBASIC\tNO\tNO\tYES\tDEFAULT\tNO\tnull\tnull\tNO\tNO\tDISABLED\tnull\tnull\tnull\tnull\nSYS\tKU$_DATAPUMP_MASTER_11_1_0_7\tnull\tnull\tnull\tVALID\t10\t40\t1\t255\tnull\tnull\tnull\tnull\tnull\t1\t1\tNO\tN\tnull\tnull\tnull\tnull\tnull\tnull\tnull\tnull\t         1\t         1\t    N\tENABLED\tnull\tnull\tNO\tnull\tY\tN\tNO\tDEFAULT\tDEFAULT\tDEFAULT\tDISABLED\tNO\tNO\tSYS$SESSION\tDISABLED\tNO\tnull\tDISABLED\tDISABLED\tBASIC\tNO\tNO\tYES\tDEFAULT\tNO\tnull\tnull\tNO\tNO\tDISABLED\tnull\tnull\tnull\tnull\nSYS\tKU$_DATAPUMP_MASTER_11_2\tnull\tnull\tnull\tVALID\t10\t40\t1\t255\tnull\tnull\tnull\tnull\tnull\t1\t1\tNO\tN\tnull\tnull\tnull\tnull\tnull\tnull\tnull\tnull\t         1\t         1\t    N\tENABLED\tnull\tnull\tNO\tnull\tY\tN\tNO\tDEFAULT\tDEFAULT\tDEFAULT\tDISABLED\tNO\tNO\tSYS$SESSION\tDISABLED\tNO\tnull\tDISABLED\tDISABLED\tBASIC\tNO\tNO\tYES\tDEFAULT\tNO\tnull\tnull\tNO\tNO\tDISABLED\tnull\tnull\tnull\tnull\nSYS\tKU$_DATAPUMP_MASTER_12_0\tnull\tnull\tnull\tVALID\t10\t40\t1\t255\tnull\tnull\tnull\tnull\tnull\t1\t1\tNO\tN\tnull\tnull\tnull\tnull\tnull\tnull\tnull\tnull\t         1\t         1\t    N\tENABLED\tnull\tnull\tNO\tnull\tY\tN\tNO\tDEFAULT\tDEFAULT\tDEFAULT\tDISABLED\tNO\tNO\tSYS$SESSION\tDISABLED\tNO\tnull\tDISABLED\tDISABLED\tBASIC\tNO\tNO\tYES\tDEFAULT\tNO\tnull\tnull\tNO\tNO\tDISABLED\tnull\tnull\tnull\tnull\nSYS\tDATA_PUMP_XPL_TABLE$\tnull\tnull\tnull\tVALID\t10\t40\t1\t255\tnull\tnull\tnull\tnull\tnull\t1\t1\tNO\tN\tnull\tnull\tnull\tnull\tnull\tnull\tnull\tnull\t         1\t         1\t    N\tENABLED\tnull\tnull\tNO\tnull\tY\tN\tNO\tDEFAULT\tDEFAULT\tDEFAULT\tDISABLED\tNO\tNO\tSYS$TRANSACTION\tDISABLED\tNO\tnull\tDISABLED\tDISABLED\tBASIC\tNO\tNO\tYES\tDEFAULT\tNO\tnull\tnull\tNO\tNO\tDISABLED\tnull\tnull\tnull\tnull\nSYS\tIMPDP_STATS\tnull\tnull\tnull\tVALID\t10\t40\t1\t255\tnull\tnull\tnull\tnull\tnull\t1\t1\tNO\tN\tnull\tnull\tnull\tnull\tnull\tnull\tnull\tnull\t         1\t         1\t    N\tENABLED\tnull\tnull\tNO\tnull\tY\tN\tNO\tDEFAULT\tDEFAULT\tDEFAULT\tDISABLED\tNO\tNO\tSYS$SESSION\tDISABLED\tNO\tnull\tDISABLED\tDISABLED\tBASIC\tNO\tNO\tYES\tDEFAULT\tNO\tnull\tnull\tNO\tNO\tDISABLED\tnull\tnull\tnull\tnull\nMDSYS\tSDO_WFS_LOCAL_TXNS\tnull\tnull\tnull\tVALID\t10\t40\t1\t255\tnull\tnull\tnull\tnull\tnull\t1\t1\tNO\tN\tnull\tnull\tnull\tnull\tnull\tnull\tnull\tnull\t         1\t         1\t    N\tENABLED\tnull\tnull\tNO\tnull\tY\tN\tNO\tDEFAULT\tDEFAULT\tDEFAULT\tDISABLED\tNO\tNO\tSYS$SESSION\tDISABLED\tNO\tnull\tDISABLED\tDISABLED\tBASIC\tNO\tNO\tYES\tDEFAULT\tNO\tnull\tnull\tNO\tNO\tDISABLED\tnull\tnull\tnull\tnull\nMDSYS\tSDO_TOPO_DATA$\tnull\tnull\tnull\tVALID\t10\t40\t1\t255\tnull\tnull\tnull\tnull\tnull\t1\t1\tNO\tN\tnull\tnull\tnull\tnull\tnull\tnull\tnull\tnull\t         1\t         1\t    N\tENABLED\tnull\tnull\tNO\tnull\tY\tN\tNO\tDEFAULT\tDEFAULT\tDEFAULT\tDISABLED\tNO\tNO\tSYS$TRANSACTION\tDISABLED\tNO\tnull\tDISABLED\tDISABLED\tBASIC\tNO\tNO\tYES\tDEFAULT\tNO\tnull\tnull\tNO\tNO\tDISABLED\tnull\tnull\tnull\tnull\nMDSYS\tSDO_TOPO_RELATION_DATA\tnull\tnull\tnull\tVALID\t10\t40\t1\t255\tnull\tnull\tnull\tnull\tnull\t1\t1\tNO\tN\tnull\tnull\tnull\tnull\tnull\tnull\tnull\tnull\t         1\t         1\t    N\tENABLED\tnull\tnull\tNO\tnull\tY\tN\tNO\tDEFAULT\tDEFAULT\tDEFAULT\tDISABLED\tNO\tNO\tSYS$TRANSACTION\tDISABLED\tNO\tnull\tDISABLED\tDISABLED\tBASIC\tNO\tNO\tYES\tDEFAULT\tNO\tnull\tnull\tNO\tNO\tDISABLED\tnull\tnull\tnull\tnull\nMDSYS\tSDO_TOPO_TRANSACT_DATA\tnull\tnull\tnull\tVALID\t10\t40\t1\t255\tnull\tnull\tnull\tnull\tnull\t1\t1\tNO\tN\tnull\tnull\tnull\tnull\tnull\tnull\tnull\tnull\t         1\t         1\t    N\tENABLED\tnull\tnull\tNO\tnull\tY\tN\tNO\tDEFAULT\tDEFAULT\tDEFAULT\tDISABLED\tNO\tNO\tSYS$TRANSACTION\tDISABLED\tNO\tnull\tDISABLED\tDISABLED\tBASIC\tNO\tNO\tYES\tDEFAULT\tNO\tnull\tnull\tNO\tNO\tDISABLED\tnull\tnull\tnull\tnull\nMDSYS\tSDO_CS_CONTEXT_INFORMATION\tnull\tnull\tnull\tVALID\t10\t40\t1\t255\tnull\tnull\tnull\tnull\tnull\t1\t1\tNO\tN\tnull\tnull\tnull\tnull\tnull\tnull\tnull\tnull\t         1\t         1\t    N\tENABLED\tnull\tnull\tNO\tnull\tY\tN\tNO\tDEFAULT\tDEFAULT\tDEFAULT\tDISABLED\tNO\tNO\tSYS$SESSION\tDISABLED\tNO\tnull\tDISABLED\tDISABLED\tBASIC\tNO\tNO\tYES\tDEFAULT\tNO\tnull\tnull\tNO\tNO\tDISABLED\tnull\tnull\tnull\tnull\nMDSYS\tSDO_TXN_IDX_EXP_UPD_RGN\tnull\tnull\tnull\tVALID\t10\t40\t1\t255\tnull\tnull\tnull\tnull\tnull\t1\t1\tNO\tN\tnull\tnull\tnull\tnull\tnull\tnull\tnull\tnull\t         1\t         1\t    N\tENABLED\tnull\tnull\tNO\tnull\tY\tN\tNO\tDEFAULT\tDEFAULT\tDEFAULT\tDISABLED\tNO\tNO\tSYS$TRANSACTION\tDISABLED\tNO\tnull\tDISABLED\tDISABLED\tBASIC\tNO\tNO\tYES\tDEFAULT\tNO\tnull\tnull\tNO\tNO\tDISABLED\tnull\tnull\tnull\tnull\nMDSYS\tSDO_TXN_IDX_DELETES\tnull\tnull\tnull\tVALID\t10\t40\t1\t255\tnull\tnull\tnull\tnull\tnull\t1\t1\tNO\tN\tnull\tnull\tnull\tnull\tnull\tnull\tnull\tnull\t         1\t         1\t    N\tENABLED\tnull\tnull\tNO\tnull\tY\tN\tNO\tDEFAULT\tDEFAULT\tDEFAULT\tDISABLED\tNO\tNO\tSYS$TRANSACTION\tDISABLED\tNO\tnull\tDISABLED\tDISABLED\tBASIC\tNO\tNO\tYES\tDEFAULT\tNO\tnull\tnull\tNO\tNO\tDISABLED\tnull\tnull\tnull\tnull\nMDSYS\tSDO_TXN_IDX_INSERTS\tnull\tnull\tnull\tVALID\t10\t40\t1\t255\tnull\tnull\tnull\tnull\tnull\t1\t1\tNO\tN\tnull\tnull\tnull\tnull\tnull\tnull\tnull\tnull\t         1\t         1\t    N\tENABLED\tnull\tnull\tNO\tnull\tY\tN\tNO\tDEFAULT\tDEFAULT\tDEFAULT\tDISABLED\tNO\tNO\tSYS$TRANSACTION\tDISABLED\tNO\tnull\tDISABLED\tDISABLED\tBASIC\tNO\tNO\tYES\tDEFAULT\tNO\tnull\tnull\tNO\tNO\tDISABLED\tnull\tnull\tnull\tnull\nMDSYS\tSDO_ST_TOLERANCE\tnull\tnull\tnull\tVALID\t10\t40\t1\t255\tnull\tnull\tnull\tnull\tnull\t1\t1\tNO\tN\tnull\tnull\tnull\tnull\tnull\tnull\tnull\tnull\t         1\t         1\t    N\tENABLED\tnull\tnull\tNO\tnull\tY\tN\tNO\tDEFAULT\tDEFAULT\tDEFAULT\tDISABLED\tNO\tNO\tSYS$TRANSACTION\tDISABLED\tNO\tnull\tDISABLED\tDISABLED\tBASIC\tNO\tNO\tYES\tDEFAULT\tNO\tnull\tnull\tNO\tNO\tDISABLED\tnull\tnull\tnull\tnull\nSYS\tSAM_SPARSITY_ADVICE\tnull\tnull\tnull\tVALID\t10\t40\t1\t255\tnull\tnull\tnull\tnull\tnull\t1\t1\tNO\tN\tnull\tnull\tnull\tnull\tnull\tnull\tnull\tnull\t         1\t         1\t    N\tENABLED\tnull\tnull\tNO\tnull\tY\tN\tNO\tDEFAULT\tDEFAULT\tDEFAULT\tDISABLED\tNO\tNO\tSYS$TRANSACTION\tDISABLED\tNO\tnull\tDISABLED\tDISABLED\tBASIC\tNO\tNO\tYES\tDEFAULT\tNO\tnull\tnull\tNO\tNO\tDISABLED\tnull\tnull\tnull\tnull\nMDSYS\tSDO_GR_RDT_1\tnull\tnull\tnull\tVALID\t10\t40\t1\t255\tnull\tnull\tnull\tnull\tnull\t1\t1\tNO\tN\tnull\tnull\tnull\tnull\tnull\tnull\tnull\tnull\t   DEFAULT\t   DEFAULT\t    N\tENABLED\tnull\tnull\tNO\tnull\tY\tN\tNO\tDEFAULT\tDEFAULT\tDEFAULT\tDISABLED\tNO\tNO\tSYS$TRANSACTION\tDISABLED\tNO\tnull\tDISABLED\tDISABLED\tBASIC\tNO\tNO\tYES\tDEFAULT\tNO\tnull\tnull\tNO\tNO\tDISABLED\tnull\tnull\tnull\tnull\nMDSYS\tSDO_GR_PARALLEL\tnull\tnull\tnull\tVALID\t10\t40\t1\t255\tnull\tnull\tnull\tnull\tnull\t1\t1\tNO\tN\tnull\tnull\tnull\tnull\tnull\tnull\tnull\tnull\t   DEFAULT\t   DEFAULT\t    N\tENABLED\tnull\tnull\tNO\tnull\tY\tN\tNO\tDEFAULT\tDEFAULT\tDEFAULT\tDISABLED\tNO\tNO\tSYS$SESSION\tDISABLED\tNO\tnull\tDISABLED\tDISABLED\tBASIC\tNO\tNO\tYES\tDEFAULT\tNO\tnull\tnull\tNO\tNO\tDISABLED\tnull\tnull\tnull\tnull\nMDSYS\tSDO_GR_MOSAIC_3\tnull\tnull\tnull\tVALID\t10\t40\t1\t255\tnull\tnull\tnull\tnull\tnull\t1\t1\tNO\tN\tnull\tnull\tnull\tnull\tnull\tnull\tnull\tnull\t         1\t         1\t    N\tENABLED\tnull\tnull\tNO\tnull\tY\tN\tNO\tDEFAULT\tDEFAULT\tDEFAULT\tDISABLED\tNO\tNO\tSYS$TRANSACTION\tDISABLED\tNO\tnull\tDISABLED\tDISABLED\tBASIC\tNO\tNO\tYES\tDEFAULT\tNO\tnull\tnull\tNO\tNO\tDISABLED\tnull\tnull\tnull\tnull\nMDSYS\tSDO_GR_MOSAIC_2\tnull\tnull\tnull\tVALID\t10\t40\t1\t255\tnull\tnull\tnull\tnull\tnull\t1\t1\tNO\tN\tnull\tnull\tnull\tnull\tnull\tnull\tnull\tnull\t         1\t         1\t    N\tENABLED\tnull\tnull\tNO\tnull\tY\tN\tNO\tDEFAULT\tDEFAULT\tDEFAULT\tDISABLED\tNO\tNO\tSYS$TRANSACTION\tDISABLED\tNO\tnull\tDISABLED\tDISABLED\tBASIC\tNO\tNO\tYES\tDEFAULT\tNO\tnull\tnull\tNO\tNO\tDISABLED\tnull\tnull\tnull\tnull\nMDSYS\tSDO_GR_MOSAIC_1\tnull\tnull\tnull\tVALID\t10\t40\t1\t255\tnull\tnull\tnull\tnull\tnull\t1\t1\tNO\tN\tnull\tnull\tnull\tnull\tnull\tnull\tnull\tnull\t         1\t         1\t    N\tENABLED\tnull\tnull\tNO\tnull\tY\tN\tNO\tDEFAULT\tDEFAULT\tDEFAULT\tDISABLED\tNO\tNO\tSYS$TRANSACTION\tDISABLED\tNO\tnull\tDISABLED\tDISABLED\tBASIC\tNO\tNO\tYES\tDEFAULT\tNO\tnull\tnull\tNO\tNO\tDISABLED\tnull\tnull\tnull\tnull\nMDSYS\tSDO_GR_MOSAIC_0\tnull\tnull\tnull\tVALID\t10\t40\t1\t255\tnull\tnull\tnull\tnull\tnull\t1\t1\tNO\tN\tnull\tnull\tnull\tnull\tnull\tnull\tnull\tnull\t         1\t         1\t    N\tENABLED\tnull\tnull\tNO\tnull\tY\tN\tNO\tDEFAULT\tDEFAULT\tDEFAULT\tDISABLED\tNO\tNO\tSYS$SESSION\tDISABLED\tNO\tnull\tDISABLED\tDISABLED\tBASIC\tNO\tNO\tYES\tDEFAULT\tNO\tnull\tnull\tNO\tNO\tDISABLED\tnull\tnull\tnull\tnull\nXDB\tXDB$XIDX_IMP_T\tnull\tnull\tnull\tVALID\t10\t40\t1\t255\tnull\tnull\tnull\tnull\tnull\t1\t1\tNO\tN\tnull\tnull\tnull\tnull\tnull\tnull\tnull\tnull\t         1\t         1\t    N\tENABLED\tnull\tnull\tNO\tnull\tY\tN\tNO\tDEFAULT\tDEFAULT\tDEFAULT\tDISABLED\tNO\tNO\tSYS$SESSION\tDISABLED\tNO\tnull\tDISABLED\tDISABLED\tBASIC\tNO\tNO\tYES\tDEFAULT\tNO\tnull\tnull\tNO\tNO\tDISABLED\tnull\tnull\tnull\tnull\nSYS\tSPD_SCRATCH_TAB\tnull\tnull\tnull\tVALID\t10\t40\t1\t255\tnull\tnull\tnull\tnull\tnull\t1\t1\tNO\tN\tnull\tnull\tnull\tnull\tnull\tnull\tnull\tnull\t         1\t         1\t    N\tENABLED\tnull\tnull\tNO\tnull\tY\tN\tNO\tDEFAULT\tDEFAULT\tDEFAULT\tDISABLED\tNO\tNO\tSYS$SESSION\tDISABLED\tNO\tnull\tDISABLED\tDISABLED\tBASIC\tNO\tNO\tYES\tDEFAULT\tNO\tnull\tnull\tNO\tNO\tDISABLED\tnull\tnull\tnull\tnull\nSYS\tXS$VALIDATION_TABLE\tnull\tnull\tnull\tVALID\t10\t40\t1\t255\tnull\tnull\tnull\tnull\tnull\t1\t1\tNO\tN\tnull\tnull\tnull\tnull\tnull\tnull\tnull\tnull\t         1\t         1\t    N\tENABLED\tnull\tnull\tNO\tnull\tY\tN\tNO\tDEFAULT\tDEFAULT\tDEFAULT\tDISABLED\tNO\tNO\tSYS$SESSION\tDISABLED\tNO\tnull\tDISABLED\tDISABLED\tBASIC\tNO\tNO\tYES\tDEFAULT\tNO\tnull\tnull\tNO\tNO\tDISABLED\tnull\tnull\tnull\tnull\nSYS\tODCI_PMO_ROWIDS$\tnull\tnull\tnull\tVALID\t10\t40\t1\t255\tnull\tnull\tnull\tnull\tnull\t1\t1\tNO\tN\tnull\tnull\tnull\tnull\tnull\tnull\tnull\tnull\t         1\t         1\t    N\tENABLED\tnull\tnull\tNO\tnull\tY\tN\tNO\tDEFAULT\tDEFAULT\tDEFAULT\tDISABLED\tNO\tNO\tSYS$SESSION\tDISABLED\tNO\tnull\tDISABLED\tDISABLED\tBASIC\tNO\tNO\tYES\tDEFAULT\tNO\tnull\tnull\tNO\tNO\tDISABLED\tnull\tnull\tnull\tnull\nSYS\tODCI_WARNINGS$\tnull\tnull\tnull\tVALID\t10\t40\t1\t255\tnull\tnull\tnull\tnull\tnull\t1\t1\tNO\tN\tnull\tnull\tnull\tnull\tnull\tnull\tnull\tnull\t         1\t         1\t    N\tENABLED\tnull\tnull\tNO\tnull\tY\tN\tNO\tDEFAULT\tDEFAULT\tDEFAULT\tDISABLED\tNO\tNO\tSYS$SESSION\tDISABLED\tNO\tnull\tDISABLED\tDISABLED\tBASIC\tNO\tNO\tYES\tDEFAULT\tNO\tnull\tnull\tNO\tNO\tDISABLED\tnull\tnull\tnull\tnull\nSYS\tODCI_SECOBJ$\tnull\tnull\tnull\tVALID\t10\t40\t1\t255\tnull\tnull\tnull\tnull\tnull\t1\t1\tNO\tN\tnull\tnull\tnull\tnull\tnull\tnull\tnull\tnull\t         1\t         1\t    N\tENABLED\tnull\tnull\tNO\tnull\tY\tN\tNO\tDEFAULT\tDEFAULT\tDEFAULT\tDISABLED\tNO\tNO\tSYS$SESSION\tDISABLED\tNO\tnull\tDISABLED\tDISABLED\tBASIC\tNO\tNO\tYES\tDEFAULT\tNO\tnull\tnull\tNO\tNO\tDISABLED\tnull\tnull\tnull\tnull\nSYS\tKU$XKTFBUE\tnull\tnull\tnull\tVALID\t10\t40\t1\t255\tnull\tnull\tnull\tnull\tnull\t1\t1\tNO\tN\tnull\tnull\tnull\tnull\tnull\tnull\tnull\tnull\t         1\t         1\t    N\tENABLED\tnull\tnull\tNO\tnull\tY\tN\tNO\tDEFAULT\tDEFAULT\tDEFAULT\tDISABLED\tNO\tNO\tSYS$SESSION\tDISABLED\tNO\tnull\tDISABLED\tDISABLED\tBASIC\tNO\tNO\tYES\tDEFAULT\tNO\tnull\tnull\tNO\tNO\tDISABLED\tnull\tnull\tnull\tnull\nSYS\tKU$_LIST_FILTER_TEMP_2\tnull\tnull\tnull\tVALID\t10\t40\t1\t255\tnull\tnull\tnull\tnull\tnull\t1\t1\tNO\tN\tnull\tnull\tnull\tnull\tnull\tnull\tnull\tnull\t         1\t         1\t    N\tENABLED\tnull\tnull\tNO\tnull\tY\tN\tNO\tDEFAULT\tDEFAULT\tDEFAULT\tDISABLED\tNO\tNO\tSYS$SESSION\tDISABLED\tNO\tnull\tDISABLED\tDISABLED\tBASIC\tNO\tNO\tYES\tDEFAULT\tNO\tnull\tnull\tNO\tNO\tDISABLED\tnull\tnull\tnull\tnull\nSYS\tKU$_LIST_FILTER_TEMP\tnull\tnull\tnull\tVALID\t10\t40\t1\t255\tnull\tnull\tnull\tnull\tnull\t1\t1\tNO\tN\tnull\tnull\tnull\tnull\tnull\tnull\tnull\tnull\t         1\t         1\t    N\tENABLED\tnull\tnull\tNO\tnull\tY\tN\tNO\tDEFAULT\tDEFAULT\tDEFAULT\tDISABLED\tNO\tNO\tSYS$SESSION\tDISABLED\tNO\tnull\tDISABLED\tDISABLED\tBASIC\tNO\tNO\tYES\tDEFAULT\tNO\tnull\tnull\tNO\tNO\tDISABLED\tnull\tnull\tnull\tnull\nSYS\tKU$NOEXP_TAB\tnull\tnull\tnull\tVALID\t10\t40\t1\t255\tnull\tnull\tnull\tnull\tnull\t1\t1\tNO\tN\tnull\tnull\tnull\tnull\tnull\tnull\tnull\tnull\t         1\t         1\t    N\tENABLED\tnull\tnull\tNO\tnull\tY\tN\tNO\tDEFAULT\tDEFAULT\tDEFAULT\tDISABLED\tNO\tNO\tSYS$SESSION\tDISABLED\tNO\tnull\tDISABLED\tDISABLED\tBASIC\tNO\tNO\tYES\tDEFAULT\tNO\tnull\tnull\tNO\tNO\tDISABLED\tnull\tnull\tnull\tnull\nSYSTEM\tOL$NODES\tnull\tnull\tnull\tVALID\t10\t40\t1\t255\tnull\tnull\tnull\tnull\tnull\t1\t1\tNO\tN\tnull\tnull\tnull\tnull\tnull\tnull\tnull\tnull\t         1\t         1\t    N\tENABLED\tnull\tnull\tNO\tnull\tY\tN\tNO\tDEFAULT\tDEFAULT\tDEFAULT\tDISABLED\tNO\tNO\tSYS$SESSION\tDISABLED\tNO\tnull\tDISABLED\tDISABLED\tBASIC\tNO\tNO\tYES\tDEFAULT\tNO\tnull\tnull\tNO\tNO\tDISABLED\tnull\tnull\tnull\tnull\nSYSTEM\tOL$HINTS\tnull\tnull\tnull\tVALID\t10\t40\t1\t255\tnull\tnull\tnull\tnull\tnull\t1\t1\tNO\tN\tnull\tnull\tnull\tnull\tnull\tnull\tnull\tnull\t         1\t         1\t    N\tENABLED\tnull\tnull\tNO\tnull\tY\tN\tNO\tDEFAULT\tDEFAULT\tDEFAULT\tDISABLED\tNO\tNO\tSYS$SESSION\tDISABLED\tNO\tnull\tDISABLED\tDISABLED\tBASIC\tNO\tNO\tYES\tDEFAULT\tNO\tnull\tnull\tNO\tNO\tDISABLED\tnull\tnull\tnull\tnull\nSYSTEM\tOL$\tnull\tnull\tnull\tVALID\t10\t40\t1\t255\tnull\tnull\tnull\tnull\tnull\t1\t1\tNO\tN\tnull\tnull\tnull\tnull\tnull\tnull\tnull\tnull\t         1\t         1\t    N\tENABLED\tnull\tnull\tNO\tnull\tY\tN\tNO\tDEFAULT\tDEFAULT\tDEFAULT\tDISABLED\tNO\tNO\tSYS$SESSION\tDISABLED\tNO\tnull\tDISABLED\tDISABLED\tBASIC\tNO\tNO\tYES\tDEFAULT\tNO\tnull\tnull\tNO\tNO\tDISABLED\tnull\tnull\tnull\tnull\nSYS\tPLAN_TABLE$\tnull\tnull\tnull\tVALID\t10\t40\t1\t255\tnull\tnull\tnull\tnull\tnull\t1\t1\tNO\tN\tnull\tnull\tnull\tnull\tnull\tnull\tnull\tnull\t         1\t         1\t    N\tENABLED\tnull\tnull\tNO\tnull\tY\tN\tNO\tDEFAULT\tDEFAULT\tDEFAULT\tDISABLED\tNO\tNO\tSYS$SESSION\tDISABLED\tNO\tnull\tDISABLED\tDISABLED\tBASIC\tNO\tNO\tYES\tDEFAULT\tNO\tnull\tnull\tNO\tNO\tDISABLED\tnull\tnull\tnull\tnull\nSYS\tWRI$_HEATMAP_TOPN_DEP2\tnull\tnull\tnull\tVALID\t10\t40\t1\t255\tnull\tnull\tnull\tnull\tnull\t1\t1\tNO\tN\tnull\tnull\tnull\tnull\tnull\tnull\tnull\tnull\t         1\t         1\t    N\tENABLED\tnull\tnull\tNO\tnull\tY\tN\tNO\tDEFAULT\tDEFAULT\tDEFAULT\tDISABLED\tNO\tNO\tSYS$SESSION\tDISABLED\tNO\tnull\tDISABLED\tDISABLED\tBASIC\tNO\tNO\tYES\tDEFAULT\tNO\tnull\tnull\tNO\tNO\tDISABLED\tnull\tnull\tnull\tnull\nSYS\tWRI$_HEATMAP_TOPN_DEP1\tnull\tnull\tnull\tVALID\t10\t40\t1\t255\tnull\tnull\tnull\tnull\tnull\t1\t1\tNO\tN\tnull\tnull\tnull\tnull\tnull\tnull\tnull\tnull\t         1\t         1\t    N\tENABLED\tnull\tnull\tNO\tnull\tY\tN\tNO\tDEFAULT\tDEFAULT\tDEFAULT\tDISABLED\tNO\tNO\tSYS$SESSION\tDISABLED\tNO\tnull\tDISABLED\tDISABLED\tBASIC\tNO\tNO\tYES\tDEFAULT\tNO\tnull\tnull\tNO\tNO\tDISABLED\tnull\tnull\tnull\tnull\nSYS\tWRI$_ADV_ASA_RECO_DATA\tnull\tnull\tnull\tVALID\t10\t40\t1\t255\tnull\tnull\tnull\tnull\tnull\t1\t1\tNO\tN\tnull\tnull\tnull\tnull\tnull\tnull\tnull\tnull\t         1\t         1\t    N\tENABLED\tnull\tnull\tNO\tnull\tY\tN\tNO\tDEFAULT\tDEFAULT\tDEFAULT\tDISABLED\tNO\tNO\tSYS$SESSION\tDISABLED\tNO\tnull\tDISABLED\tDISABLED\tBASIC\tNO\tNO\tYES\tDEFAULT\tNO\tnull\tnull\tNO\tNO\tDISABLED\tnull\tnull\tnull\tnull\nSYS\tPSTUBTBL\tnull\tnull\tnull\tVALID\t10\t40\t1\t255\tnull\tnull\tnull\tnull\tnull\t1\t1\tNO\tN\tnull\tnull\tnull\tnull\tnull\tnull\tnull\tnull\t         1\t         1\t    N\tENABLED\tnull\tnull\tNO\tnull\tY\tN\tNO\tDEFAULT\tDEFAULT\tDEFAULT\tDISABLED\tNO\tNO\tSYS$SESSION\tDISABLED\tNO\tnull\tDISABLED\tDISABLED\tBASIC\tNO\tNO\tYES\tDEFAULT\tNO\tnull\tnull\tNO\tNO\tDISABLED\tnull\tnull\tnull\tnull\n"}]},"apps":[],"jobName":"paragraph_1506609990284_107825883","id":"20170927-212836_1563634735","dateCreated":"2017-09-28T14:46:30+0000","dateStarted":"2017-09-28T15:01:32+0000","dateFinished":"2017-09-28T15:01:39+0000","status":"FINISHED","progressUpdateIntervalMs":500,"$$hashKey":"object:8819"},{"text":"%md\n# Lab starts here\n\nIn this lab, you learn about \"In memory\" options in Oracle Database how to use them. \n\n\nOracle Database In-Memory is designed for mixed workloads. Its unique dual-format approach accelerates analytics while ensuring that the most up-to-date transactional data is constantly available—no moving of data out to a separate database.\n\n\n//TO DO add more description\n\nDocumentation for Oracle In memory features can be found here: https://docs.oracle.com/database/122/INMEM/toc.htm.  \n\nPlease direct comments to: Ram Posham () /Sadhana avasarala (sadhana.avasarala@oracle.com)\n","user":"anonymous","dateUpdated":"2017-09-28T15:43:26+0000","config":{"colWidth":12,"enabled":true,"results":{},"editorSetting":{"language":"markdown","editOnDblClick":true},"editorMode":"ace/mode/markdown","editorHide":true,"tableHide":false},"settings":{"params":{},"forms":{}},"results":{"code":"SUCCESS","msg":[{"type":"HTML","data":"<div class=\"markdown-body\">\n<h1>Lab starts here</h1>\n<p>In this lab, you learn about &ldquo;In memory&rdquo; options in Oracle Database how to use them. </p>\n<p>Oracle Database In-Memory is designed for mixed workloads. Its unique dual-format approach accelerates analytics while ensuring that the most up-to-date transactional data is constantly available—no moving of data out to a separate database.</p>\n<p>//TO DO add more description</p>\n<p>Documentation for Oracle In memory features can be found here: <a href=\"https://docs.oracle.com/database/122/INMEM/toc.htm\">https://docs.oracle.com/database/122/INMEM/toc.htm</a>. </p>\n<p>Please direct comments to: Ram Posham () /Sadhana avasarala (<a href=\"mailto:&#115;a&#100;&#x68;&#x61;&#x6e;&#x61;&#46;&#x61;&#x76;a&#115;&#x61;&#114;a&#108;&#97;&#64;o&#114;a&#x63;&#108;&#x65;&#x2e;&#99;&#111;m\">&#115;a&#100;&#x68;&#x61;&#x6e;&#x61;&#46;&#x61;&#x76;a&#115;&#x61;&#114;a&#108;&#97;&#64;o&#114;a&#x63;&#108;&#x65;&#x2e;&#99;&#111;m</a>)</p>\n</div>"}]},"apps":[],"jobName":"paragraph_1506613357724_-1811934038","id":"20170928-154237_1841571373","dateCreated":"2017-09-28T15:42:37+0000","dateStarted":"2017-09-28T15:43:26+0000","dateFinished":"2017-09-28T15:43:26+0000","status":"FINISHED","progressUpdateIntervalMs":500,"$$hashKey":"object:8820"},{"title":"Create Table spaces for loading the data","text":"%sh\ncat <<EOF > /tmp/mysql.sql\nset echo on\nset pages 999\nset timing on\nREM connect to PDB\nALTER SESSION SET container = PDB1;\nSHOW CON_NAME\nREM\ndrop tablespace ts_temp;\ncreate temporary tablespace ts_temp tempfile '/u02/app/oracle/oradata/ORCL/PDB1/ts_temp01.dbf' size 1G reuse autoextend on;\ndrop tablespace ts_data including contents and datafiles;\ncreate tablespace ts_data datafile '/u02/app/oracle/oradata/ORCL/PDB1/ts_data01.dbf' size 2G autoextend on;\nexit;\nEOF\n\nsqlplus / as sysdba @/tmp/mysql.sql\n","user":"anonymous","dateUpdated":"2017-09-28T15:53:39+0000","config":{"colWidth":12,"editorMode":"ace/mode/sh","results":{},"enabled":true,"editorSetting":{"language":"sh","editOnDblClick":false},"title":true},"settings":{"params":{},"forms":{}},"results":{"code":"SUCCESS","msg":[{"type":"TEXT","data":"\nSQL*Plus: Release 12.1.0.2.0 Production on Thu Sep 28 15:53:39 2017\n\nCopyright (c) 1982, 2014, Oracle.  All rights reserved.\n\n\nConnected to:\nOracle Database 12c EE Extreme Perf Release 12.1.0.2.0 - 64bit Production\nWith the Partitioning, Oracle Label Security, OLAP, Advanced Analytics\nand Real Application Testing options\n\nSQL> set pages 999\nSQL> set timing on\nSQL> REM connect to PDB\nSQL> ALTER SESSION SET container = PDB1;\n\nSession altered.\n\nElapsed: 00:00:00.02\nSQL> SHOW CON_NAME\n\nCON_NAME\n------------------------------\nPDB1\nSQL> REM\nSQL> drop tablespace ts_temp;\n\nTablespace dropped.\n\nElapsed: 00:00:00.90\nSQL> create temporary tablespace ts_temp tempfile '/u02/app/oracle/oradata/ORCL/PDB1/ts_temp01.dbf' size 1G reuse autoextend on;\n\nTablespace created.\n\nElapsed: 00:00:03.58\nSQL> drop tablespace ts_data including contents and datafiles;\n\nTablespace dropped.\n\nElapsed: 00:00:04.30\nSQL> create tablespace ts_data datafile '/u02/app/oracle/oradata/ORCL/PDB1/ts_data01.dbf' size 2G autoextend on;\n\nTablespace created.\n\nElapsed: 00:00:38.86\nSQL> exit;\nDisconnected from Oracle Database 12c EE Extreme Perf Release 12.1.0.2.0 - 64bit Production\nWith the Partitioning, Oracle Label Security, OLAP, Advanced Analytics\nand Real Application Testing options\n"}]},"apps":[],"jobName":"paragraph_1506609990286_108595380","id":"20170927-213725_1025132988","dateCreated":"2017-09-28T14:46:30+0000","dateStarted":"2017-09-28T15:53:39+0000","dateFinished":"2017-09-28T15:54:27+0000","status":"FINISHED","progressUpdateIntervalMs":500,"$$hashKey":"object:8821"},{"title":"Download data used for the lab","text":"%sh\nwget -nv -O /tmp/star-schema-benchmark-ssb.zip https://www.dropbox.com/s/vfea4snh8my3ngx/ssb.zip?dl=0","user":"anonymous","dateUpdated":"2017-09-28T15:43:53+0000","config":{"colWidth":12,"editorMode":"ace/mode/sh","results":{"0":{"graph":{"mode":"table","height":93.15000915527344,"optionOpen":false}}},"enabled":true,"editorSetting":{"language":"sh","editOnDblClick":false},"title":true},"settings":{"params":{},"forms":{}},"results":{"code":"SUCCESS","msg":[{"type":"TEXT","data":"2017-09-28 15:13:29 URL:https://dl.dropboxusercontent.com/content_link/x60zJyusbFpo1aOLEX9LWnhUbWiGYzMuqJch3rriYXq1kKiBsJ592ycAjaUy2agY/file [861734227/861734227] -> \"/tmp/star-schema-benchmark-ssb.zip\" [1]\n"}]},"apps":[],"jobName":"paragraph_1506609990287_108210631","id":"20170927-213246_2105535761","dateCreated":"2017-09-28T14:46:30+0000","dateStarted":"2017-09-28T15:13:09+0000","dateFinished":"2017-09-28T15:13:30+0000","status":"FINISHED","progressUpdateIntervalMs":500,"$$hashKey":"object:8822"},{"title":"Create the user/schema ssb","text":"%sh\ncat <<EOF > /tmp/mysql.sql\nset echo on\nset pages 999\nset timing on\nREM connect to PDB\nALTER SESSION SET container = PDB1;\nSHOW CON_NAME\nREM\ndrop user ssb cascade;\ncreate user ssb identified by ssb default tablespace ts_data temporary tablespace ts_temp;\ngrant dba to ssb;\nconnect ssb/ssb@PDB1\ncreate or replace directory expdumpdir1 as '/tmp';\nexit;\nEOF\n\nsqlplus / as sysdba @/tmp/mysql.sql\n","user":"anonymous","dateUpdated":"2017-09-28T15:54:42+0000","config":{"colWidth":12,"enabled":true,"results":{},"editorSetting":{"language":"sh","editOnDblClick":false},"editorMode":"ace/mode/sh","title":true},"settings":{"params":{},"forms":{}},"results":{"code":"SUCCESS","msg":[{"type":"TEXT","data":"\nSQL*Plus: Release 12.1.0.2.0 Production on Thu Sep 28 15:54:42 2017\n\nCopyright (c) 1982, 2014, Oracle.  All rights reserved.\n\n\nConnected to:\nOracle Database 12c EE Extreme Perf Release 12.1.0.2.0 - 64bit Production\nWith the Partitioning, Oracle Label Security, OLAP, Advanced Analytics\nand Real Application Testing options\n\nSQL> set pages 999\nSQL> set timing on\nSQL> REM connect to PDB\nSQL> ALTER SESSION SET container = PDB1;\n\nSession altered.\n\nElapsed: 00:00:00.00\nSQL> SHOW CON_NAME\n\nCON_NAME\n------------------------------\nPDB1\nSQL> REM\nSQL> drop user ssb cascade;\ndrop user ssb cascade\n*\nERROR at line 1:\nORA-01940: cannot drop a user that is currently connected\n\n\nElapsed: 00:00:00.03\nSQL> create user ssb identified by ssb default tablespace ts_data temporary tablespace ts_temp;\ncreate user ssb identified by ssb default tablespace ts_data temporary tablespace ts_temp\n            *\nERROR at line 1:\nORA-01920: user name 'SSB' conflicts with another user or role name\n\n\nElapsed: 00:00:00.01\nSQL> grant dba to ssb;\n\nGrant succeeded.\n\nElapsed: 00:00:00.02\nSQL> connect ssb/ssb@PDB1\nConnected.\nSQL> create or replace directory expdumpdir1 as '/tmp';\n\nDirectory created.\n\nElapsed: 00:00:00.06\nSQL> exit;\nDisconnected from Oracle Database 12c EE Extreme Perf Release 12.1.0.2.0 - 64bit Production\nWith the Partitioning, OLAP, Advanced Analytics and Real Application Testing options\n"}]},"apps":[],"jobName":"paragraph_1506611267779_-877551338","id":"20170928-150747_1338690877","dateCreated":"2017-09-28T15:07:47+0000","dateStarted":"2017-09-28T15:54:42+0000","dateFinished":"2017-09-28T15:54:43+0000","status":"FINISHED","progressUpdateIntervalMs":500,"$$hashKey":"object:8823"},{"title":"Create JDBC connection for ssb user","text":"%sh\necho \"Script to set some zeppelin jdbc parameters\"\n\necho \"Set the User, Password, and ConnectString parameters in the script as appropriate\"\nUser=ssb\nPassword=ssb\nConnectString=\"localhost:1521/PDB1.gse00002281.oraclecloud.internal\"\necho $ConnectString\n\ncat <<EOF > /tmp/jdbc_settings.py\n#!/usr/local/bin/python\n#based on https://community.hortonworks.com/articles/36031/sample-code-to-automate-interacting-with-zeppelin.html by Ali Bajwa\ndef post_request(url, body):\n  import json, urllib2\n  encoded_body = json.dumps(body)\n  req = urllib2.Request(str(url), encoded_body)\n  req.get_method = lambda: 'PUT'\n  try:\n    response = urllib2.urlopen(req, encoded_body).read()\n  except urllib2.HTTPError, error:\n    print 'Exception: ' + error.read()\n  jsonresp = json.loads(response.decode('utf-8'))\n  print jsonresp['status']\n        \n \n \nimport json, urllib2\nzeppelin_int_url = 'http://127.0.0.1:9090/api/interpreter/setting/'\ndata = json.load(urllib2.urlopen(zeppelin_int_url))\nfor body in data['body']:\n  if body['group'] == 'jdbc':\n    jdbcbody = body\n  elif body['group'] == 'spark':\n    sparkbody = body    \n    \n\n \njdbcbody['properties']['orcl-ssb.driver'] = 'oracle.jdbc.OracleDriver'\njdbcbody['properties']['orcl-ssb.user'] = '$User'\n#jdbcbody['properties']['orcl-ssb.password'] = '$Password'  \n#Zeppelin seems to be setting password to null, so leave it out\n#so for now, put the password in the connect string\njdbcbody['properties']['orcl-ssb.url'] = 'jdbc:oracle:thin:$User/$Password@//$ConnectString'\n\npost_request(zeppelin_int_url + jdbcbody['id'], jdbcbody)\nEOF\n#cat /tmp/jdbc_settings.py\necho \"..\"\npython /tmp/jdbc_settings.py\necho \"done\"","user":"anonymous","dateUpdated":"2017-09-28T15:55:10+0000","config":{"colWidth":12,"enabled":true,"results":{},"editorSetting":{"language":"sh","editOnDblClick":false},"editorMode":"ace/mode/sh","title":true},"settings":{"params":{},"forms":{}},"results":{"code":"SUCCESS","msg":[{"type":"TEXT","data":"Script to set some zeppelin jdbc parameters\nSet the User, Password, and ConnectString parameters in the script as appropriate\nlocalhost:1521/PDB1.gse00002281.oraclecloud.internal\n..\nOK\ndone\n"}]},"apps":[],"jobName":"paragraph_1506612703091_-1602969936","id":"20170928-153143_1645007472","dateCreated":"2017-09-28T15:31:43+0000","dateStarted":"2017-09-28T15:55:10+0000","dateFinished":"2017-09-28T15:55:13+0000","status":"FINISHED","progressUpdateIntervalMs":500,"$$hashKey":"object:8824"},{"text":"%md\n### Import the Star Schema\n\nThis will take 6 minutes or so.\n\nBecause the user SSB already exists, it will be normal for the import to exit with 1 error.\n","user":"anonymous","dateUpdated":"2017-09-28T15:45:02+0000","config":{"colWidth":12,"enabled":true,"results":{},"editorSetting":{"language":"text","editOnDblClick":false},"editorMode":"ace/mode/text","editorHide":true},"settings":{"params":{},"forms":{}},"results":{"code":"SUCCESS","msg":[{"type":"HTML","data":"<div class=\"markdown-body\">\n<h3>Import the Star Schema</h3>\n<p>This will take 6 minutes or so.</p>\n<p>Because the user SSB already exists, it will be normal for the import to exit with 1 error.</p>\n</div>"}]},"apps":[],"jobName":"paragraph_1506611782662_1210816430","id":"20170928-151622_1833491388","dateCreated":"2017-09-28T15:16:22+0000","dateStarted":"2017-09-28T15:44:58+0000","dateFinished":"2017-09-28T15:44:58+0000","status":"FINISHED","progressUpdateIntervalMs":500,"$$hashKey":"object:8825"},{"title":"Import the star schema table (will take about 6 minutes)","text":"%sh\ncd /tmp\nunzip star-schema-benchmark-ssb.zip\nimpdp ssb/ssb@PDB1 parallel=4 directory=expdumpdir1  schemas=ssb dumpfile=ssb%u.dmp;","user":"anonymous","dateUpdated":"2017-09-28T15:44:46+0000","config":{"colWidth":12,"enabled":true,"results":{},"editorSetting":{"language":"sh","editOnDblClick":false},"editorMode":"ace/mode/sh","title":true},"settings":{"params":{},"forms":{}},"results":{"code":"ERROR","msg":[{"type":"TEXT","data":"Archive:  star-schema-benchmark-ssb.zip\n  inflating: ssb01.dmp               \n  inflating: ssb02.dmp               \n  inflating: ssb03.dmp               \n  inflating: ssb04.dmp               \n\nImport: Release 12.1.0.2.0 - Production on Thu Sep 28 15:15:43 2017\n\nCopyright (c) 1982, 2014, Oracle and/or its affiliates.  All rights reserved.\n\nConnected to: Oracle Database 12c EE Extreme Perf Release 12.1.0.2.0 - 64bit Production\nWith the Partitioning, OLAP, Advanced Analytics and Real Application Testing options\nMaster table \"SSB\".\"SYS_IMPORT_SCHEMA_01\" successfully loaded/unloaded\nStarting \"SSB\".\"SYS_IMPORT_SCHEMA_01\":  ssb/********@PDB1 parallel=4 directory=expdumpdir1 schemas=ssb dumpfile=ssb%u.dmp \nProcessing object type SCHEMA_EXPORT/USER\nORA-31684: Object type USER:\"SSB\" already exists\nProcessing object type SCHEMA_EXPORT/SYSTEM_GRANT\nProcessing object type SCHEMA_EXPORT/ROLE_GRANT\nProcessing object type SCHEMA_EXPORT/DEFAULT_ROLE\nProcessing object type SCHEMA_EXPORT/PRE_SCHEMA/PROCACT_SCHEMA\nProcessing object type SCHEMA_EXPORT/TYPE/TYPE_SPEC\nProcessing object type SCHEMA_EXPORT/TABLE/TABLE\nProcessing object type SCHEMA_EXPORT/TABLE/TABLE_DATA\n. . imported \"SSB\".\"LINEORDER\"                           2.217 GB 23996604 rows\n. . imported \"SSB\".\"SUPPLIER\"                            835.6 KB    8000 rows\n. . imported \"SSB\".\"DATE_DIM\"                            270.8 KB    2556 rows\n. . imported \"SSB\".\"CUSTOMER\"                            12.70 MB  120000 rows\n. . imported \"SSB\".\"PART\"                                51.53 MB  600000 rows\nProcessing object type SCHEMA_EXPORT/TABLE/INDEX/INDEX\nProcessing object type SCHEMA_EXPORT/TABLE/INDEX/STATISTICS/INDEX_STATISTICS\nProcessing object type SCHEMA_EXPORT/TABLE/STATISTICS/TABLE_STATISTICS\nProcessing object type SCHEMA_EXPORT/STATISTICS/MARKER\nJob \"SSB\".\"SYS_IMPORT_SCHEMA_01\" completed with 1 error(s) at Thu Sep 28 15:20:40 2017 elapsed 0 00:04:53\n\n"},{"type":"TEXT","data":"ExitValue: 5"}]},"apps":[],"jobName":"paragraph_1506611686351_-592287126","id":"20170928-151446_1343995154","dateCreated":"2017-09-28T15:14:46+0000","dateStarted":"2017-09-28T15:15:19+0000","dateFinished":"2017-09-28T15:20:43+0000","status":"ERROR","progressUpdateIntervalMs":500,"$$hashKey":"object:8826"},{"title":"Allocate memory for column store and restart database.","text":"%sh\ncat <<EOF > /tmp/mysql.sql\nset echo on\nset pages 999\nset timing on\nalter system set memory_target=4608M scope=spfile;\nalter system set memory_max_target=4608M scope=spfile;\nalter system set sga_max_size=3584M scope=spfile;\nalter system set inmemory_size=1536M scope=spfile;\nstartup force;\nexit;\nEOF\n\nsqlplus / as sysdba @/tmp/mysql.sql\n\n","user":"anonymous","dateUpdated":"2017-09-28T15:23:27+0000","config":{"colWidth":12,"enabled":true,"results":{},"editorSetting":{"language":"sh","editOnDblClick":false},"editorMode":"ace/mode/sh","title":true},"settings":{"params":{},"forms":{}},"results":{"code":"SUCCESS","msg":[{"type":"TEXT","data":"\nSQL*Plus: Release 12.1.0.2.0 Production on Thu Sep 28 15:23:27 2017\n\nCopyright (c) 1982, 2014, Oracle.  All rights reserved.\n\n\nConnected to:\nOracle Database 12c EE Extreme Perf Release 12.1.0.2.0 - 64bit Production\nWith the Partitioning, Oracle Label Security, OLAP, Advanced Analytics\nand Real Application Testing options\n\nSQL> set pages 999\nSQL> set timing on\nSQL> alter system set memory_target=4608M scope=spfile;\n\nSystem altered.\n\nElapsed: 00:00:00.00\nSQL> alter system set memory_max_target=4608M scope=spfile;\n\nSystem altered.\n\nElapsed: 00:00:00.01\nSQL> alter system set sga_max_size=3584M scope=spfile;\n\nSystem altered.\n\nElapsed: 00:00:00.00\nSQL> alter system set inmemory_size=1536M scope=spfile;\n\nSystem altered.\n\nElapsed: 00:00:00.01\nSQL> startup force;\nORACLE instance started.\n\nTotal System Global Area 3758096384 bytes\nFixed Size\t\t    2931088 bytes\nVariable Size\t\t 1409287792 bytes\nDatabase Buffers\t  654311424 bytes\nRedo Buffers\t\t   80953344 bytes\nIn-Memory Area\t\t 1610612736 bytes\nDatabase mounted.\nDatabase opened.\nSQL> exit;\nDisconnected from Oracle Database 12c EE Extreme Perf Release 12.1.0.2.0 - 64bit Production\nWith the Partitioning, OLAP, Advanced Analytics and Real Application Testing options\n"}]},"apps":[],"jobName":"paragraph_1506611719573_-1588539946","id":"20170928-151519_1603351131","dateCreated":"2017-09-28T15:15:19+0000","dateStarted":"2017-09-28T15:23:27+0000","dateFinished":"2017-09-28T15:23:49+0000","status":"FINISHED","progressUpdateIntervalMs":500,"$$hashKey":"object:8827"},{"title":"Buffer Cache ssb tables (for comparison to inmemory columnar)","text":"%sh\ncat <<EOF > /tmp/mysql.sql\nset echo on\nset pages 999\nset timing on\nalter table PART cache;\nalter table CUSTOMER cache;\nalter table SUPPLIER cache;\nalter table LINEORDER cache;\nalter table DATE_DIM cache;\nexit;\nEOF\n\nsqlplus ssb/ssb@PDB1 @/tmp/mysql.sql","user":"anonymous","dateUpdated":"2017-09-28T15:25:24+0000","config":{"colWidth":12,"enabled":true,"results":{},"editorSetting":{"language":"sh","editOnDblClick":false},"editorMode":"ace/mode/sh","title":true},"settings":{"params":{},"forms":{}},"results":{"code":"SUCCESS","msg":[{"type":"TEXT","data":"\nSQL*Plus: Release 12.1.0.2.0 Production on Thu Sep 28 15:25:24 2017\n\nCopyright (c) 1982, 2014, Oracle.  All rights reserved.\n\nLast Successful login time: Thu Sep 28 2017 15:15:43 +00:00\n\nConnected to:\nOracle Database 12c EE Extreme Perf Release 12.1.0.2.0 - 64bit Production\nWith the Partitioning, OLAP, Advanced Analytics and Real Application Testing options\n\nSQL> set pages 999\nSQL> set timing on\nSQL> alter table PART cache;\n\nTable altered.\n\nElapsed: 00:00:00.06\nSQL> alter table CUSTOMER cache;\n\nTable altered.\n\nElapsed: 00:00:00.00\nSQL> alter table SUPPLIER cache;\n\nTable altered.\n\nElapsed: 00:00:00.00\nSQL> alter table LINEORDER cache;\n\nTable altered.\n\nElapsed: 00:00:00.01\nSQL> alter table DATE_DIM cache;\n\nTable altered.\n\nElapsed: 00:00:00.00\nSQL> exit;\nDisconnected from Oracle Database 12c EE Extreme Perf Release 12.1.0.2.0 - 64bit Production\nWith the Partitioning, OLAP, Advanced Analytics and Real Application Testing options\n"}]},"apps":[],"jobName":"paragraph_1506612207705_-1756774262","id":"20170928-152327_714661301","dateCreated":"2017-09-28T15:23:27+0000","dateStarted":"2017-09-28T15:25:24+0000","dateFinished":"2017-09-28T15:25:24+0000","status":"FINISHED","progressUpdateIntervalMs":500,"$$hashKey":"object:8828"},{"title":"Store the ssb schema tables in IN-MEMORY columnar","text":"%sh\ncat <<EOF > /tmp/mysql.sql\nset echo on\nset pages 999\nset timing on\nalter table PART inmemory;\nalter table CUSTOMER inmemory;\nalter table SUPPLIER inmemory;\nalter table LINEORDER inmemory;\nalter table DATE_DIM inmemory;\nexit;\nEOF\n\nsqlplus ssb/ssb@PDB1 @/tmp/mysql.sql","user":"anonymous","dateUpdated":"2017-09-28T15:26:07+0000","config":{"colWidth":12,"enabled":true,"results":{},"editorSetting":{"language":"sh","editOnDblClick":false},"editorMode":"ace/mode/sh","title":true},"settings":{"params":{},"forms":{}},"results":{"code":"SUCCESS","msg":[{"type":"TEXT","data":"\nSQL*Plus: Release 12.1.0.2.0 Production on Thu Sep 28 15:26:07 2017\n\nCopyright (c) 1982, 2014, Oracle.  All rights reserved.\n\nLast Successful login time: Thu Sep 28 2017 15:25:24 +00:00\n\nConnected to:\nOracle Database 12c EE Extreme Perf Release 12.1.0.2.0 - 64bit Production\nWith the Partitioning, OLAP, Advanced Analytics and Real Application Testing options\n\nSQL> set pages 999\nSQL> set timing on\nSQL> alter table PART inmemory;\n\nTable altered.\n\nElapsed: 00:00:00.03\nSQL> alter table CUSTOMER inmemory;\n\nTable altered.\n\nElapsed: 00:00:00.00\nSQL> alter table SUPPLIER inmemory;\n\nTable altered.\n\nElapsed: 00:00:00.00\nSQL> alter table LINEORDER inmemory;\n\nTable altered.\n\nElapsed: 00:00:00.02\nSQL> alter table DATE_DIM inmemory;\n\nTable altered.\n\nElapsed: 00:00:00.01\nSQL> exit;\nDisconnected from Oracle Database 12c EE Extreme Perf Release 12.1.0.2.0 - 64bit Production\nWith the Partitioning, OLAP, Advanced Analytics and Real Application Testing options\n"}]},"apps":[],"jobName":"paragraph_1506612324146_-1333749686","id":"20170928-152524_975023108","dateCreated":"2017-09-28T15:25:24+0000","dateStarted":"2017-09-28T15:26:07+0000","dateFinished":"2017-09-28T15:26:07+0000","status":"FINISHED","progressUpdateIntervalMs":500,"$$hashKey":"object:8829"},{"title":"Verify inmemory settings","text":"%sh\ncat <<EOF > /tmp/mysql.sql\nset echo on\nset pages 999\nset timing on\nshow sga\nshow parameter inmemory\nselect * from v\\$inmemory_area;\nselect v.owner, v.segment_name name, v.populate_status status\nFROM v\\$im_segments v;\nexit;\nEOF\n# note use of \\$ to escape $ from the shell\n\nsqlplus ssb/ssb@PDB1 @/tmp/mysql.sql\n","user":"anonymous","dateUpdated":"2017-09-28T15:29:03+0000","config":{"colWidth":12,"enabled":true,"results":{},"editorSetting":{"language":"sh","editOnDblClick":false},"editorMode":"ace/mode/sh","title":true},"settings":{"params":{},"forms":{}},"results":{"code":"SUCCESS","msg":[{"type":"TEXT","data":"\nSQL*Plus: Release 12.1.0.2.0 Production on Thu Sep 28 15:28:40 2017\n\nCopyright (c) 1982, 2014, Oracle.  All rights reserved.\n\nLast Successful login time: Thu Sep 28 2017 15:28:01 +00:00\n\nConnected to:\nOracle Database 12c EE Extreme Perf Release 12.1.0.2.0 - 64bit Production\nWith the Partitioning, OLAP, Advanced Analytics and Real Application Testing options\n\nSQL> set pages 999\nSQL> set timing on\nSQL> show sga\n\nTotal System Global Area 3758096384 bytes\nFixed Size\t\t    2931088 bytes\nVariable Size\t\t 1358956144 bytes\nDatabase Buffers\t  704643072 bytes\nRedo Buffers\t\t   80953344 bytes\nIn-Memory Area\t\t 1610612736 bytes\nSQL> show parameter inmemory\n\nNAME\t\t\t\t     TYPE\t VALUE\n------------------------------------ ----------- ------------------------------\ninmemory_clause_default \t     string\ninmemory_force\t\t\t     string\t DEFAULT\ninmemory_max_populate_servers\t     integer\t 1\ninmemory_query\t\t\t     string\t ENABLE\ninmemory_size\t\t\t     big integer 1536M\ninmemory_trickle_repopulate_servers_ integer\t 1\npercent\noptimizer_inmemory_aware\t     boolean\t TRUE\nSQL> select * from v$inmemory_area;\n\nPOOL\t\t\t   ALLOC_BYTES USED_BYTES POPULATE_STATUS\n-------------------------- ----------- ---------- --------------------------\n    CON_ID\n----------\n1MB POOL\t\t    1274019840\t\t0 DONE\n\t 3\n\n64KB POOL\t\t     318767104\t\t0 DONE\n\t 3\n\n\nElapsed: 00:00:00.00\nSQL> select v.owner, v.segment_name name, v.populate_status status\n  2  FROM v$im_segments v;\n\nno rows selected\n\nElapsed: 00:00:00.00\nSQL> exit;\nDisconnected from Oracle Database 12c EE Extreme Perf Release 12.1.0.2.0 - 64bit Production\nWith the Partitioning, OLAP, Advanced Analytics and Real Application Testing options\n"}]},"apps":[],"jobName":"paragraph_1506612367073_-171979863","id":"20170928-152607_148836232","dateCreated":"2017-09-28T15:26:07+0000","dateStarted":"2017-09-28T15:28:40+0000","dateFinished":"2017-09-28T15:28:41+0000","status":"FINISHED","progressUpdateIntervalMs":500,"$$hashKey":"object:8830"},{"title":"Populate inmemory store and buffer cache","text":"%sh\ncat <<EOF > /tmp/mysql.sql\nset echo on\nset pages 999\nset timing on\nSELECT /*+ full(d) noparallel (d )*/ Count(*) FROM date_dim d;\nSELECT /*+ full(s) noparallel (s )*/ Count(*) FROM supplier s;\nSELECT /*+ full(p) noparallel (p )*/ Count(*) FROM part p;\nSELECT /*+ full(c) noparallel (c )*/ Count(*) FROM customer c;\nSELECT /*+ full(lo) noparallel (lo )*/ Count(*) FROM lineorder lo;\nexit;\nEOF\n# note use of \\$ to escape $ from the shell\n\nsqlplus ssb/ssb@PDB1 @/tmp/mysql.sql\n","user":"anonymous","dateUpdated":"2017-09-28T15:29:49+0000","config":{"colWidth":12,"enabled":true,"results":{},"editorSetting":{"language":"sh","editOnDblClick":false},"editorMode":"ace/mode/sh","title":true},"settings":{"params":{},"forms":{}},"results":{"code":"SUCCESS","msg":[{"type":"TEXT","data":"\nSQL*Plus: Release 12.1.0.2.0 Production on Thu Sep 28 15:29:49 2017\n\nCopyright (c) 1982, 2014, Oracle.  All rights reserved.\n\nLast Successful login time: Thu Sep 28 2017 15:28:41 +00:00\n\nConnected to:\nOracle Database 12c EE Extreme Perf Release 12.1.0.2.0 - 64bit Production\nWith the Partitioning, OLAP, Advanced Analytics and Real Application Testing options\n\nSQL> set pages 999\nSQL> set timing on\nSQL> SELECT /*+ full(d) noparallel (d )*/ Count(*) FROM date_dim d;\n\n  COUNT(*)\n----------\n      2556\n\nElapsed: 00:00:00.02\nSQL> SELECT /*+ full(s) noparallel (s )*/ Count(*) FROM supplier s;\n\n  COUNT(*)\n----------\n      8000\n\nElapsed: 00:00:00.01\nSQL> SELECT /*+ full(p) noparallel (p )*/ Count(*) FROM part p;\n\n  COUNT(*)\n----------\n    600000\n\nElapsed: 00:00:00.33\nSQL> SELECT /*+ full(c) noparallel (c )*/ Count(*) FROM customer c;\n\n  COUNT(*)\n----------\n    120000\n\nElapsed: 00:00:00.07\nSQL> SELECT /*+ full(lo) noparallel (lo )*/ Count(*) FROM lineorder lo;\n\n  COUNT(*)\n----------\n  23996604\n\nElapsed: 00:00:11.10\nSQL> exit;\nDisconnected from Oracle Database 12c EE Extreme Perf Release 12.1.0.2.0 - 64bit Production\nWith the Partitioning, OLAP, Advanced Analytics and Real Application Testing options\n"}]},"apps":[],"jobName":"paragraph_1506612447691_-2036164905","id":"20170928-152727_1526606917","dateCreated":"2017-09-28T15:27:27+0000","dateStarted":"2017-09-28T15:29:49+0000","dateFinished":"2017-09-28T15:30:00+0000","status":"FINISHED","progressUpdateIntervalMs":500,"$$hashKey":"object:8831"},{"title":"Verify compression status and data in memory","text":"%jdbc(orcl-ssb)\nSELECT v.owner, v.segment_name,\nv.bytes orig_size,\nv.inmemory_size in_mem_size,\nROUND(v.bytes / v.inmemory_size, 2) comp_ratio\nFROM v$im_segments v\nORDER BY 5;\n","user":"anonymous","dateUpdated":"2017-09-28T15:33:42+0000","config":{"colWidth":12,"enabled":true,"results":{},"editorSetting":{"language":"text","editOnDblClick":false},"editorMode":"ace/mode/text","title":true},"settings":{"params":{},"forms":{}},"results":{"code":"SUCCESS","msg":[{"type":"TABLE","data":"OWNER\tSEGMENT_NAME\tORIG_SIZE\tIN_MEM_SIZE\tCOMP_RATIO\nSSB\tLINEORDER\t1468399616\t1230831616\t1.19\nSSB\tPART\t67108864\t13828096\t4.85\nSSB\tCUSTOMER\t67108864\t9568256\t7.01\nSSB\tDATE_DIM\t67108864\t1179648\t56.89\nSSB\tSUPPLIER\t67108864\t1179648\t56.89\n"}]},"apps":[],"jobName":"paragraph_1506612589019_-1208738587","id":"20170928-152949_206319444","dateCreated":"2017-09-28T15:29:49+0000","dateStarted":"2017-09-28T15:33:42+0000","dateFinished":"2017-09-28T15:34:00+0000","status":"FINISHED","progressUpdateIntervalMs":500,"$$hashKey":"object:8832"},{"title":"Time a query with and without inmemory_query","text":"%sh\ncat <<EOF > /tmp/mysql.sql\nset echo on\nset pages 999\nset timing on\nPROMPT run query with inmemory query enabled\nSELECT d.d_year, c.c_nation, SUM(lo_revenue - lo_supplycost) profit FROM lineorder l, date_dim d,part p,\nsupplier s,customer c  \nWHERE l.lo_orderdate = d.d_datekey\nAND l.lo_partkey = p.p_partkey\nAND l.lo_suppkey = s.s_suppkey\nAND l.lo_custkey = c.c_custkey\nAND s.s_region = 'AMERICA'\nAND c.c_region = 'AMERICA'\nGROUP BY d.d_year, c.c_nation\nORDER BY d.d_year, c.c_nation;\nREM\nREM\nPROMPT run query with inmemory query disabled\nalter session set inmemory_query=disable;\nSELECT d.d_year, c.c_nation, SUM(lo_revenue - lo_supplycost) profit FROM lineorder l, date_dim d,part p,\nsupplier s,customer c  \nWHERE l.lo_orderdate = d.d_datekey\nAND l.lo_partkey = p.p_partkey\nAND l.lo_suppkey = s.s_suppkey\nAND l.lo_custkey = c.c_custkey\nAND s.s_region = 'AMERICA'\nAND c.c_region = 'AMERICA'\nGROUP BY d.d_year, c.c_nation\nORDER BY d.d_year, c.c_nation;\nexit;\nEOF\n# note use of \\$ to escape $ from the shell\n\nsqlplus ssb/ssb@PDB1 @/tmp/mysql.sql","user":"anonymous","dateUpdated":"2017-09-28T15:38:58+0000","config":{"colWidth":12,"enabled":true,"results":{},"editorSetting":{"language":"sh","editOnDblClick":false},"editorMode":"ace/mode/sh","title":true},"settings":{"params":{},"forms":{}},"results":{"code":"SUCCESS","msg":[{"type":"TEXT","data":"\nSQL*Plus: Release 12.1.0.2.0 Production on Thu Sep 28 15:38:59 2017\n\nCopyright (c) 1982, 2014, Oracle.  All rights reserved.\n\nLast Successful login time: Thu Sep 28 2017 15:36:46 +00:00\n\nConnected to:\nOracle Database 12c EE Extreme Perf Release 12.1.0.2.0 - 64bit Production\nWith the Partitioning, OLAP, Advanced Analytics and Real Application Testing options\n\nSQL> set pages 999\nSQL> set timing on\nSQL> PROMPT run query with inmemory query enabled\nrun query with inmemory query enabled\nSQL> SELECT d.d_year, c.c_nation, SUM(lo_revenue - lo_supplycost) profit FROM lineorder l, date_dim d,part p,\n  2  supplier s,customer c\n  3  WHERE l.lo_orderdate = d.d_datekey\n  4  AND l.lo_partkey = p.p_partkey\n  5  AND l.lo_suppkey = s.s_suppkey\n  6  AND l.lo_custkey = c.c_custkey\n  7  AND s.s_region = 'AMERICA'\n  8  AND c.c_region = 'AMERICA'\n  9  GROUP BY d.d_year, c.c_nation\n 10  ORDER BY d.d_year, c.c_nation;\n\n    D_YEAR C_NATION\t       PROFIT\n---------- --------------- ----------\n      1992 ARGENTINA\t   1.0669E+11\n      1992 BRAZIL\t   1.0417E+11\n      1992 CANADA\t   1.0716E+11\n      1992 PERU \t   1.0192E+11\n      1992 UNITED STATES   1.0639E+11\n      1993 ARGENTINA\t   1.0619E+11\n      1993 BRAZIL\t   1.0236E+11\n      1993 CANADA\t   1.0782E+11\n      1993 PERU \t   1.0305E+11\n      1993 UNITED STATES   1.0676E+11\n      1994 ARGENTINA\t   1.0650E+11\n      1994 BRAZIL\t   1.0386E+11\n      1994 CANADA\t   1.0618E+11\n      1994 PERU \t   1.0363E+11\n      1994 UNITED STATES   1.0657E+11\n      1995 ARGENTINA\t   1.0572E+11\n      1995 BRAZIL\t   1.0447E+11\n      1995 CANADA\t   1.0784E+11\n      1995 PERU \t   1.0448E+11\n      1995 UNITED STATES   1.0570E+11\n      1996 ARGENTINA\t   1.0607E+11\n      1996 BRAZIL\t   1.0486E+11\n      1996 CANADA\t   1.0850E+11\n      1996 PERU \t   1.0510E+11\n      1996 UNITED STATES   1.0683E+11\n      1997 ARGENTINA\t   1.0601E+11\n      1997 BRAZIL\t   1.0338E+11\n      1997 CANADA\t   1.0884E+11\n      1997 PERU \t   1.0318E+11\n      1997 UNITED STATES   1.0698E+11\n      1998 ARGENTINA\t   6.2087E+10\n      1998 BRAZIL\t   6.2382E+10\n      1998 CANADA\t   6.3275E+10\n      1998 PERU \t   6.1097E+10\n      1998 UNITED STATES   6.2193E+10\n\n35 rows selected.\n\nElapsed: 00:00:02.22\nSQL> REM\nSQL> REM\nSQL> PROMPT run query with inmemory query disabled\nrun query with inmemory query disabled\nSQL> alter session set inmemory_query=disable;\n\nSession altered.\n\nElapsed: 00:00:00.00\nSQL> SELECT d.d_year, c.c_nation, SUM(lo_revenue - lo_supplycost) profit FROM lineorder l, date_dim d,part p,\n  2  supplier s,customer c\n  3  WHERE l.lo_orderdate = d.d_datekey\n  4  AND l.lo_partkey = p.p_partkey\n  5  AND l.lo_suppkey = s.s_suppkey\n  6  AND l.lo_custkey = c.c_custkey\n  7  AND s.s_region = 'AMERICA'\n  8  AND c.c_region = 'AMERICA'\n  9  GROUP BY d.d_year, c.c_nation\n 10  ORDER BY d.d_year, c.c_nation;\n\n    D_YEAR C_NATION\t       PROFIT\n---------- --------------- ----------\n      1992 ARGENTINA\t   1.0669E+11\n      1992 BRAZIL\t   1.0417E+11\n      1992 CANADA\t   1.0716E+11\n      1992 PERU \t   1.0192E+11\n      1992 UNITED STATES   1.0639E+11\n      1993 ARGENTINA\t   1.0619E+11\n      1993 BRAZIL\t   1.0236E+11\n      1993 CANADA\t   1.0782E+11\n      1993 PERU \t   1.0305E+11\n      1993 UNITED STATES   1.0676E+11\n      1994 ARGENTINA\t   1.0650E+11\n      1994 BRAZIL\t   1.0386E+11\n      1994 CANADA\t   1.0618E+11\n      1994 PERU \t   1.0363E+11\n      1994 UNITED STATES   1.0657E+11\n      1995 ARGENTINA\t   1.0572E+11\n      1995 BRAZIL\t   1.0447E+11\n      1995 CANADA\t   1.0784E+11\n      1995 PERU \t   1.0448E+11\n      1995 UNITED STATES   1.0570E+11\n      1996 ARGENTINA\t   1.0607E+11\n      1996 BRAZIL\t   1.0486E+11\n      1996 CANADA\t   1.0850E+11\n      1996 PERU \t   1.0510E+11\n      1996 UNITED STATES   1.0683E+11\n      1997 ARGENTINA\t   1.0601E+11\n      1997 BRAZIL\t   1.0338E+11\n      1997 CANADA\t   1.0884E+11\n      1997 PERU \t   1.0318E+11\n      1997 UNITED STATES   1.0698E+11\n      1998 ARGENTINA\t   6.2087E+10\n      1998 BRAZIL\t   6.2382E+10\n      1998 CANADA\t   6.3275E+10\n      1998 PERU \t   6.1097E+10\n      1998 UNITED STATES   6.2193E+10\n\n35 rows selected.\n\nElapsed: 00:00:16.03\nSQL> exit;\nDisconnected from Oracle Database 12c EE Extreme Perf Release 12.1.0.2.0 - 64bit Production\nWith the Partitioning, OLAP, Advanced Analytics and Real Application Testing options\n"}]},"apps":[],"jobName":"paragraph_1506613005811_1750549618","id":"20170928-153645_835869772","dateCreated":"2017-09-28T15:36:45+0000","dateStarted":"2017-09-28T15:38:58+0000","dateFinished":"2017-09-28T15:39:17+0000","status":"FINISHED","progressUpdateIntervalMs":500,"$$hashKey":"object:8833"},{"text":"%sh\n","user":"anonymous","dateUpdated":"2017-09-28T15:38:58+0000","config":{"colWidth":12,"enabled":true,"results":{},"editorSetting":{"language":"sh","editOnDblClick":false},"editorMode":"ace/mode/sh"},"settings":{"params":{},"forms":{}},"apps":[],"jobName":"paragraph_1506613138405_1761474184","id":"20170928-153858_1593582360","dateCreated":"2017-09-28T15:38:58+0000","status":"READY","progressUpdateIntervalMs":500,"$$hashKey":"object:8834"}],"name":"In-Memory Lab for DBCS","id":"2CU9RXJ89","angularObjects":{"2CVMD637T:shared_process":[],"2CVK44H7Y:shared_process":[],"2CURMWPMU:shared_process":[],"2CUSYZ6BZ:shared_process":[],"2CTNQBS3Q:shared_process":[],"2CVW2UJEB:shared_process":[],"2CUF26HA3:shared_process":[],"2CVDMSAKS:shared_process":[],"2CU4W8GT7:shared_process":[],"2CVP2TXQ2:shared_process":[],"2CT8AHVFP:shared_process":[],"2CWQWSSUM:shared_process":[],"2CTVVF61N:shared_process":[],"2CUH29U6U:shared_process":[],"2CVNQDUMN:shared_process":[],"2CUCN1K2E:shared_process":[],"2CWPHS4PQ:shared_process":[],"2CWQKJUPK:shared_process":[],"2CVZPK699:shared_process":[]},"config":{"looknfeel":"default","personalizedMode":"false"},"info":{}}