Instant,Season,year,dteday,mnth,holiday,weekday,WorkingDay,weathersit,temp,atemp,hum,windspeed,count
ID-1,Spring,2011,1/1/2011,1,No,6,No,Cloudy,0.344167,0.363625,0.805833,0.160446,985
ID-2,Spring,2011,1/2/2011,1,No,0,No,Cloudy,0.363478,0.353739,0.696087,0.248539,801
ID-3,Spring,2011,1/3/2011,1,No,1,Yes,Clear,0.196364,0.189405,0.437273,0.248309,1349
ID-4,Spring,2011,1/4/2011,1,No,2,Yes,Clear,0.2,0.212122,0.590435,0.160296,1562
ID-5,Spring,2011,1/5/2011,1,No,3,Yes,Clear,0.226957,0.22927,0.436957,0.1869,1600
ID-6,Spring,2011,1/6/2011,1,No,4,Yes,Clear,0.204348,0.233209,0.518261,0.0895652,1606
ID-7,Spring,2011,1/7/2011,1,No,5,Yes,Cloudy,0.196522,0.208839,0.498696,0.168726,1510
ID-8,Spring,2011,1/8/2011,1,No,6,No,Cloudy,0.165,0.162254,0.535833,0.266804,959
ID-9,Spring,2011,1/9/2011,1,No,0,No,Clear,0.138333,0.116175,0.434167,0.36195,822
ID-10,Spring,2011,1/10/2011,1,No,1,Yes,Clear,0.150833,0.150888,0.482917,0.223267,1321
ID-11,Spring,2011,1/11/2011,1,No,2,Yes,Cloudy,0.169091,0.191464,0.686364,0.122132,1263
ID-12,Spring,2011,1/12/2011,1,No,3,Yes,Clear,0.172727,0.160473,0.599545,0.304627,1162
ID-13,Spring,2011,1/13/2011,1,No,4,Yes,Clear,0.165,0.150883,0.470417,0.301,1406
ID-14,Spring,2011,1/14/2011,1,No,5,Yes,Clear,0.16087,0.188413,0.537826,0.126548,1421
ID-15,Spring,2011,1/15/2011,1,No,6,No,Cloudy,0.233333,0.248112,0.49875,0.157963,1248
ID-16,Spring,2011,1/16/2011,1,No,0,No,Clear,0.231667,0.234217,0.48375,0.188433,1204
ID-17,Spring,2011,1/17/2011,1,Yes,1,No,Cloudy,0.175833,0.176771,0.5375,0.194017,1000
ID-18,Spring,2011,1/18/2011,1,No,2,Yes,Cloudy,0.216667,0.232333,0.861667,0.146775,683
ID-19,Spring,2011,1/19/2011,1,No,3,Yes,Cloudy,0.292174,0.298422,0.741739,0.208317,1650
ID-20,Spring,2011,1/20/2011,1,No,4,Yes,Cloudy,0.261667,0.25505,0.538333,0.195904,1927
ID-21,Spring,2011,1/21/2011,1,No,5,Yes,Clear,0.1775,0.157833,0.457083,0.353242,1543
ID-22,Spring,2011,1/22/2011,1,No,6,No,Clear,0.0591304,0.0790696,0.4,0.17197,981
ID-23,Spring,2011,1/23/2011,1,No,0,No,Clear,0.0965217,0.0988391,0.436522,0.2466,986
ID-24,Spring,2011,1/24/2011,1,No,1,Yes,Clear,0.0973913,0.11793,0.491739,0.15833,1416
ID-25,Spring,2011,1/25/2011,1,No,2,Yes,Cloudy,0.223478,0.234526,0.616957,0.129796,1985
ID-26,Spring,2011,1/26/2011,1,No,3,Yes,Light Rain,0.2175,0.2036,0.8625,0.29385,506
ID-27,Spring,2011,1/27/2011,1,No,4,Yes,Clear,0.195,0.2197,0.6875,0.113837,431
ID-28,Spring,2011,1/28/2011,1,No,5,Yes,Cloudy,0.203478,0.223317,0.793043,0.1233,1167
ID-29,Spring,2011,1/29/2011,1,No,6,No,Clear,0.196522,0.212126,0.651739,0.145365,1098
ID-30,Spring,2011,1/30/2011,1,No,0,No,Clear,0.216522,0.250322,0.722174,0.0739826,1096
ID-31,Spring,2011,1/31/2011,1,No,1,Yes,Cloudy,0.180833,0.18625,0.60375,0.187192,1501
ID-32,Spring,2011,2/1/2011,2,No,2,Yes,Cloudy,0.192174,0.23453,0.829565,0.053213,1360
ID-33,Spring,2011,2/2/2011,2,No,3,Yes,Cloudy,0.26,0.254417,0.775417,0.264308,1526
ID-34,Spring,2011,2/3/2011,2,No,4,Yes,Clear,0.186957,0.177878,0.437826,0.277752,1550
ID-35,Spring,2011,2/4/2011,2,No,5,Yes,Cloudy,0.211304,0.228587,0.585217,0.127839,1708
ID-36,Spring,2011,2/5/2011,2,No,6,No,Cloudy,0.233333,0.243058,0.929167,0.161079,1005
ID-37,Spring,2011,2/6/2011,2,No,0,No,Clear,0.285833,0.291671,0.568333,0.1418,1623
ID-38,Spring,2011,2/7/2011,2,No,1,Yes,Clear,0.271667,0.303658,0.738333,0.0454083,1712
ID-39,Spring,2011,2/8/2011,2,No,2,Yes,Clear,0.220833,0.198246,0.537917,0.36195,1530
ID-40,Spring,2011,2/9/2011,2,No,3,Yes,Cloudy,0.134783,0.144283,0.494783,0.188839,1605
ID-41,Spring,2011,2/10/2011,2,No,4,Yes,Clear,0.144348,0.149548,0.437391,0.221935,1538
ID-42,Spring,2011,2/11/2011,2,No,5,Yes,Clear,0.189091,0.213509,0.506364,0.10855,1746
ID-43,Spring,2011,2/12/2011,2,No,6,No,Clear,0.2225,0.232954,0.544167,0.203367,1472
ID-44,Spring,2011,2/13/2011,2,No,0,No,Clear,0.316522,0.324113,0.457391,0.260883,1589
ID-45,Spring,2011,2/14/2011,2,No,1,Yes,Clear,0.415,0.39835,0.375833,0.417908,1913
ID-46,Spring,2011,2/15/2011,2,No,2,Yes,Clear,0.266087,0.254274,0.314348,0.291374,1815
ID-47,Spring,2011,2/16/2011,2,No,3,Yes,Clear,0.318261,0.3162,0.423478,0.251791,2115
ID-48,Spring,2011,2/17/2011,2,No,4,Yes,Clear,0.435833,0.428658,0.505,0.230104,2475
ID-49,Spring,2011,2/18/2011,2,No,5,Yes,Clear,0.521667,0.511983,0.516667,0.264925,2927
ID-50,Spring,2011,2/19/2011,2,No,6,No,Clear,0.399167,0.391404,0.187917,0.507463,1635
ID-51,Spring,2011,2/20/2011,2,No,0,No,Clear,0.285217,0.27733,0.407826,0.223235,1812
ID-52,Spring,2011,2/21/2011,2,Yes,1,No,Cloudy,0.303333,0.284075,0.605,0.307846,1107
ID-53,Spring,2011,2/22/2011,2,No,2,Yes,Clear,0.182222,0.186033,0.577778,0.195683,1450
ID-54,Spring,2011,2/23/2011,2,No,3,Yes,Clear,0.221739,0.245717,0.423043,0.094113,1917
ID-55,Spring,2011,2/24/2011,2,No,4,Yes,Cloudy,0.295652,0.289191,0.697391,0.250496,1807
ID-56,Spring,2011,2/25/2011,2,No,5,Yes,Cloudy,0.364348,0.350461,0.712174,0.346539,1461
ID-57,Spring,2011,2/26/2011,2,No,6,No,Clear,0.2825,0.282192,0.537917,0.186571,1969
ID-58,Spring,2011,2/27/2011,2,No,0,No,Clear,0.343478,0.351109,0.68,0.125248,2402
ID-59,Spring,2011,2/28/2011,2,No,1,Yes,Cloudy,0.407273,0.400118,0.876364,0.289686,1446
ID-60,Spring,2011,3/1/2011,3,No,2,Yes,Clear,0.266667,0.263879,0.535,0.216425,1851
ID-61,Spring,2011,3/2/2011,3,No,3,Yes,Clear,0.335,0.320071,0.449583,0.307833,2134
ID-62,Spring,2011,3/3/2011,3,No,4,Yes,Clear,0.198333,0.200133,0.318333,0.225754,1685
ID-63,Spring,2011,3/4/2011,3,No,5,Yes,Cloudy,0.261667,0.255679,0.610417,0.203346,1944
ID-64,Spring,2011,3/5/2011,3,No,6,No,Cloudy,0.384167,0.378779,0.789167,0.251871,2077
ID-65,Spring,2011,3/6/2011,3,No,0,No,Cloudy,0.376522,0.366252,0.948261,0.343287,605
ID-66,Spring,2011,3/7/2011,3,No,1,Yes,Clear,0.261739,0.238461,0.551304,0.341352,1872
ID-67,Spring,2011,3/8/2011,3,No,2,Yes,Clear,0.2925,0.3024,0.420833,0.12065,2133
ID-68,Spring,2011,3/9/2011,3,No,3,Yes,Cloudy,0.295833,0.286608,0.775417,0.22015,1891
ID-69,Spring,2011,3/10/2011,3,No,4,Yes,Light Rain,0.389091,0.385668,0,0.261877,623
ID-70,Spring,2011,3/11/2011,3,No,5,Yes,Cloudy,0.316522,0.305,0.649565,0.23297,1977
ID-71,Spring,2011,3/12/2011,3,No,6,No,Clear,0.329167,0.32575,0.594583,0.220775,2132
ID-72,Spring,2011,3/13/2011,3,No,0,No,Clear,0.384348,0.380091,0.527391,0.270604,2417
ID-73,Spring,2011,3/14/2011,3,No,1,Yes,Clear,0.325217,0.332,0.496957,0.136926,2046
ID-74,Spring,2011,3/15/2011,3,No,2,Yes,Cloudy,0.317391,0.318178,0.655652,0.184309,2056
ID-75,Spring,2011,3/16/2011,3,No,3,Yes,Cloudy,0.365217,0.36693,0.776522,0.203117,2192
ID-76,Spring,2011,3/17/2011,3,No,4,Yes,Clear,0.415,0.410333,0.602917,0.209579,2744
ID-77,Spring,2011,3/18/2011,3,No,5,Yes,Clear,0.54,0.527009,0.525217,0.231017,3239
ID-78,Spring,2011,3/19/2011,3,No,6,No,Clear,0.4725,0.466525,0.379167,0.368167,3117
ID-79,Spring,2011,3/20/2011,3,No,0,No,Clear,0.3325,0.32575,0.47375,0.207721,2471
ID-80,Summer,2011,3/21/2011,3,No,1,Yes,Cloudy,0.430435,0.409735,0.737391,0.288783,2077
ID-81,Summer,2011,3/22/2011,3,No,2,Yes,Clear,0.441667,0.440642,0.624583,0.22575,2703
ID-82,Summer,2011,3/23/2011,3,No,3,Yes,Cloudy,0.346957,0.337939,0.839565,0.234261,2121
ID-83,Summer,2011,3/24/2011,3,No,4,Yes,Cloudy,0.285,0.270833,0.805833,0.243787,1865
ID-84,Summer,2011,3/25/2011,3,No,5,Yes,Clear,0.264167,0.256312,0.495,0.230725,2210
ID-85,Summer,2011,3/26/2011,3,No,6,No,Clear,0.265833,0.257571,0.394167,0.209571,2496
ID-86,Summer,2011,3/27/2011,3,No,0,No,Cloudy,0.253043,0.250339,0.493913,0.1843,1693
ID-87,Summer,2011,3/28/2011,3,No,1,Yes,Clear,0.264348,0.257574,0.302174,0.212204,2028
ID-88,Summer,2011,3/29/2011,3,No,2,Yes,Clear,0.3025,0.292908,0.314167,0.226996,2425
ID-89,Summer,2011,3/30/2011,3,No,3,Yes,Cloudy,0.3,0.29735,0.646667,0.172888,1536
ID-90,Summer,2011,3/31/2011,3,No,4,Yes,Light Rain,0.268333,0.257575,0.918333,0.217646,1685
ID-91,Summer,2011,4/1/2011,4,No,5,Yes,Cloudy,0.3,0.283454,0.68625,0.258708,2227
ID-92,Summer,2011,4/2/2011,4,No,6,No,Cloudy,0.315,0.315637,0.65375,0.197146,2252
ID-93,Summer,2011,4/3/2011,4,No,0,No,Clear,0.378333,0.378767,0.48,0.182213,3249
ID-94,Summer,2011,4/4/2011,4,No,1,Yes,Clear,0.573333,0.542929,0.42625,0.385571,3115
ID-95,Summer,2011,4/5/2011,4,No,2,Yes,Cloudy,0.414167,0.39835,0.642083,0.388067,1795
ID-96,Summer,2011,4/6/2011,4,No,3,Yes,Clear,0.390833,0.387608,0.470833,0.263063,2808
ID-97,Summer,2011,4/7/2011,4,No,4,Yes,Clear,0.4375,0.433696,0.602917,0.162312,3141
ID-98,Summer,2011,4/8/2011,4,No,5,Yes,Cloudy,0.335833,0.324479,0.83625,0.226992,1471
ID-99,Summer,2011,4/9/2011,4,No,6,No,Cloudy,0.3425,0.341529,0.8775,0.133083,2455
ID-100,Summer,2011,4/10/2011,4,No,0,No,Cloudy,0.426667,0.426737,0.8575,0.146767,2895
ID-101,Summer,2011,4/11/2011,4,No,1,Yes,Cloudy,0.595652,0.565217,0.716956,0.324474,3348
ID-102,Summer,2011,4/12/2011,4,No,2,Yes,Cloudy,0.5025,0.493054,0.739167,0.274879,2034
ID-103,Summer,2011,4/13/2011,4,No,3,Yes,Cloudy,0.4125,0.417283,0.819167,0.250617,2162
ID-104,Summer,2011,4/14/2011,4,No,4,Yes,Clear,0.4675,0.462742,0.540417,0.1107,3267
ID-105,Summer,2011,4/15/2011,4,Yes,5,No,Clear,0.446667,0.441913,0.67125,0.226375,3126
ID-106,Summer,2011,4/16/2011,4,No,6,No,Light Rain,0.430833,0.425492,0.888333,0.340808,795
ID-107,Summer,2011,4/17/2011,4,No,0,No,Clear,0.456667,0.445696,0.479583,0.303496,3744
ID-108,Summer,2011,4/18/2011,4,No,1,Yes,Clear,0.5125,0.503146,0.5425,0.163567,3429
ID-109,Summer,2011,4/19/2011,4,No,2,Yes,Cloudy,0.505833,0.489258,0.665833,0.157971,3204
ID-110,Summer,2011,4/20/2011,4,No,3,Yes,Clear,0.595,0.564392,0.614167,0.241925,3944
ID-111,Summer,2011,4/21/2011,4,No,4,Yes,Clear,0.459167,0.453892,0.407083,0.325258,4189
ID-112,Summer,2011,4/22/2011,4,No,5,Yes,Cloudy,0.336667,0.321954,0.729583,0.219521,1683
ID-113,Summer,2011,4/23/2011,4,No,6,No,Cloudy,0.46,0.450121,0.887917,0.230725,4036
ID-114,Summer,2011,4/24/2011,4,No,0,No,Cloudy,0.581667,0.551763,0.810833,0.192175,4191
ID-115,Summer,2011,4/25/2011,4,No,1,Yes,Clear,0.606667,0.5745,0.776667,0.185333,4073
ID-116,Summer,2011,4/26/2011,4,No,2,Yes,Clear,0.631667,0.594083,0.729167,0.3265,4400
ID-117,Summer,2011,4/27/2011,4,No,3,Yes,Cloudy,0.62,0.575142,0.835417,0.3122,3872
ID-118,Summer,2011,4/28/2011,4,No,4,Yes,Cloudy,0.6175,0.578929,0.700833,0.320908,4058
ID-119,Summer,2011,4/29/2011,4,No,5,Yes,Clear,0.51,0.497463,0.457083,0.240063,4595
ID-120,Summer,2011,4/30/2011,4,No,6,No,Clear,0.4725,0.464021,0.503333,0.235075,5312
ID-121,Summer,2011,5/1/2011,5,No,0,No,Cloudy,0.451667,0.448204,0.762083,0.106354,3351
ID-122,Summer,2011,5/2/2011,5,No,1,Yes,Cloudy,0.549167,0.532833,0.73,0.183454,4401
ID-123,Summer,2011,5/3/2011,5,No,2,Yes,Cloudy,0.616667,0.582079,0.697083,0.342667,4451
ID-124,Summer,2011,5/4/2011,5,No,3,Yes,Cloudy,0.414167,0.40465,0.737083,0.328996,2633
ID-125,Summer,2011,5/5/2011,5,No,4,Yes,Clear,0.459167,0.441917,0.444167,0.295392,4433
ID-126,Summer,2011,5/6/2011,5,No,5,Yes,Clear,0.479167,0.474117,0.59,0.228246,4608
ID-127,Summer,2011,5/7/2011,5,No,6,No,Clear,0.52,0.512621,0.54125,0.16045,4714
ID-128,Summer,2011,5/8/2011,5,No,0,No,Clear,0.528333,0.518933,0.631667,0.0746375,4333
ID-129,Summer,2011,5/9/2011,5,No,1,Yes,Clear,0.5325,0.525246,0.58875,0.176,4362
ID-130,Summer,2011,5/10/2011,5,No,2,Yes,Clear,0.5325,0.522721,0.489167,0.115671,4803
ID-131,Summer,2011,5/11/2011,5,No,3,Yes,Clear,0.5425,0.5284,0.632917,0.120642,4182
ID-132,Summer,2011,5/12/2011,5,No,4,Yes,Clear,0.535,0.523363,0.7475,0.189667,4864
ID-133,Summer,2011,5/13/2011,5,No,5,Yes,Cloudy,0.5125,0.4943,0.863333,0.179725,4105
ID-134,Summer,2011,5/14/2011,5,No,6,No,Cloudy,0.520833,0.500629,0.9225,0.13495,3409
ID-135,Summer,2011,5/15/2011,5,No,0,No,Cloudy,0.5625,0.536,0.867083,0.152979,4553
ID-136,Summer,2011,5/16/2011,5,No,1,Yes,Clear,0.5775,0.550512,0.787917,0.126871,3958
ID-137,Summer,2011,5/17/2011,5,No,2,Yes,Cloudy,0.561667,0.538529,0.837917,0.277354,4123
ID-138,Summer,2011,5/18/2011,5,No,3,Yes,Cloudy,0.55,0.527158,0.87,0.201492,3855
ID-139,Summer,2011,5/19/2011,5,No,4,Yes,Cloudy,0.530833,0.510742,0.829583,0.108213,4575
ID-140,Summer,2011,5/20/2011,5,No,5,Yes,Clear,0.536667,0.529042,0.719583,0.125013,4917
ID-141,Summer,2011,5/21/2011,5,No,6,No,Clear,0.6025,0.571975,0.626667,0.12065,5805
ID-142,Summer,2011,5/22/2011,5,No,0,No,Clear,0.604167,0.5745,0.749583,0.148008,4660
ID-143,Summer,2011,5/23/2011,5,No,1,Yes,Cloudy,0.631667,0.590296,0.81,0.233842,4274
ID-144,Summer,2011,5/24/2011,5,No,2,Yes,Cloudy,0.66,0.604813,0.740833,0.207092,4492
ID-145,Summer,2011,5/25/2011,5,No,3,Yes,Clear,0.660833,0.615542,0.69625,0.154233,4978
ID-146,Summer,2011,5/26/2011,5,No,4,Yes,Clear,0.708333,0.654688,0.6775,0.199642,4677
ID-147,Summer,2011,5/27/2011,5,No,5,Yes,Clear,0.681667,0.637008,0.65375,0.240679,4679
ID-148,Summer,2011,5/28/2011,5,No,6,No,Clear,0.655833,0.612379,0.729583,0.230092,4758
ID-149,Summer,2011,5/29/2011,5,No,0,No,Clear,0.6675,0.61555,0.81875,0.213938,4788
ID-150,Summer,2011,5/30/2011,5,Yes,1,No,Clear,0.733333,0.671092,0.685,0.131225,4098
ID-151,Summer,2011,5/31/2011,5,No,2,Yes,Clear,0.775,0.725383,0.636667,0.111329,3982
ID-152,Summer,2011,6/1/2011,6,No,3,Yes,Cloudy,0.764167,0.720967,0.677083,0.207092,3974
ID-153,Summer,2011,6/2/2011,6,No,4,Yes,Clear,0.715,0.643942,0.305,0.292287,4968
ID-154,Summer,2011,6/3/2011,6,No,5,Yes,Clear,0.62,0.587133,0.354167,0.253121,5312
ID-155,Summer,2011,6/4/2011,6,No,6,No,Clear,0.635,0.594696,0.45625,0.123142,5342
ID-156,Summer,2011,6/5/2011,6,No,0,No,Cloudy,0.648333,0.616804,0.6525,0.138692,4906
ID-157,Summer,2011,6/6/2011,6,No,1,Yes,Clear,0.678333,0.621858,0.6,0.121896,4548
ID-158,Summer,2011,6/7/2011,6,No,2,Yes,Clear,0.7075,0.65595,0.597917,0.187808,4833
ID-159,Summer,2011,6/8/2011,6,No,3,Yes,Clear,0.775833,0.727279,0.622083,0.136817,4401
ID-160,Summer,2011,6/9/2011,6,No,4,Yes,Cloudy,0.808333,0.757579,0.568333,0.149883,3915
ID-161,Summer,2011,6/10/2011,6,No,5,Yes,Clear,0.755,0.703292,0.605,0.140554,4586
ID-162,Summer,2011,6/11/2011,6,No,6,No,Clear,0.725,0.678038,0.654583,0.15485,4966
ID-163,Summer,2011,6/12/2011,6,No,0,No,Clear,0.6925,0.643325,0.747917,0.163567,4460
ID-164,Summer,2011,6/13/2011,6,No,1,Yes,Clear,0.635,0.601654,0.494583,0.30535,5020
ID-165,Summer,2011,6/14/2011,6,No,2,Yes,Clear,0.604167,0.591546,0.507083,0.269283,4891
ID-166,Summer,2011,6/15/2011,6,No,3,Yes,Clear,0.626667,0.587754,0.471667,0.167912,5180
ID-167,Summer,2011,6/16/2011,6,No,4,Yes,Cloudy,0.628333,0.595346,0.688333,0.206471,3767
ID-168,Summer,2011,6/17/2011,6,No,5,Yes,Clear,0.649167,0.600383,0.735833,0.143029,4844
ID-169,Summer,2011,6/18/2011,6,No,6,No,Clear,0.696667,0.643954,0.670417,0.119408,5119
ID-170,Summer,2011,6/19/2011,6,No,0,No,Cloudy,0.699167,0.645846,0.666667,0.102,4744
ID-171,Summer,2011,6/20/2011,6,No,1,Yes,Cloudy,0.635,0.595346,0.74625,0.155475,4010
ID-172,Fall,2011,6/21/2011,6,No,2,Yes,Cloudy,0.680833,0.637646,0.770417,0.171025,4835
ID-173,Fall,2011,6/22/2011,6,No,3,Yes,Clear,0.733333,0.693829,0.7075,0.172262,4507
ID-174,Fall,2011,6/23/2011,6,No,4,Yes,Cloudy,0.728333,0.693833,0.703333,0.238804,4790
ID-175,Fall,2011,6/24/2011,6,No,5,Yes,Clear,0.724167,0.656583,0.573333,0.222025,4991
ID-176,Fall,2011,6/25/2011,6,No,6,No,Clear,0.695,0.643313,0.483333,0.209571,5202
ID-177,Fall,2011,6/26/2011,6,No,0,No,Clear,0.68,0.637629,0.513333,0.0945333,5305
ID-178,Fall,2011,6/27/2011,6,No,1,Yes,Cloudy,0.6825,0.637004,0.658333,0.107588,4708
ID-179,Fall,2011,6/28/2011,6,No,2,Yes,Clear,0.744167,0.692558,0.634167,0.144283,4648
ID-180,Fall,2011,6/29/2011,6,No,3,Yes,Clear,0.728333,0.654688,0.497917,0.261821,5225
ID-181,Fall,2011,6/30/2011,6,No,4,Yes,Clear,0.696667,0.637008,0.434167,0.185312,5515
ID-182,Fall,2011,7/1/2011,7,No,5,Yes,Clear,0.7225,0.652162,0.39625,0.102608,5362
ID-183,Fall,2011,7/2/2011,7,No,6,No,Clear,0.738333,0.667308,0.444583,0.115062,5119
ID-184,Fall,2011,7/3/2011,7,No,0,No,Cloudy,0.716667,0.668575,0.6825,0.228858,4649
ID-185,Fall,2011,7/4/2011,7,Yes,1,No,Cloudy,0.726667,0.665417,0.637917,0.0814792,6043
ID-186,Fall,2011,7/5/2011,7,No,2,Yes,Clear,0.746667,0.696338,0.590417,0.126258,4665
ID-187,Fall,2011,7/6/2011,7,No,3,Yes,Clear,0.72,0.685633,0.743333,0.149883,4629
ID-188,Fall,2011,7/7/2011,7,No,4,Yes,Clear,0.75,0.686871,0.65125,0.1592,4592
ID-189,Fall,2011,7/8/2011,7,No,5,Yes,Cloudy,0.709167,0.670483,0.757917,0.225129,4040
ID-190,Fall,2011,7/9/2011,7,No,6,No,Clear,0.733333,0.664158,0.609167,0.167912,5336
ID-191,Fall,2011,7/10/2011,7,No,0,No,Clear,0.7475,0.690025,0.578333,0.183471,4881
ID-192,Fall,2011,7/11/2011,7,No,1,Yes,Clear,0.7625,0.729804,0.635833,0.282337,4086
ID-193,Fall,2011,7/12/2011,7,No,2,Yes,Clear,0.794167,0.739275,0.559167,0.200254,4258
ID-194,Fall,2011,7/13/2011,7,No,3,Yes,Clear,0.746667,0.689404,0.631667,0.146133,4342
ID-195,Fall,2011,7/14/2011,7,No,4,Yes,Clear,0.680833,0.635104,0.47625,0.240667,5084
ID-196,Fall,2011,7/15/2011,7,No,5,Yes,Clear,0.663333,0.624371,0.59125,0.182833,5538
ID-197,Fall,2011,7/16/2011,7,No,6,No,Clear,0.686667,0.638263,0.585,0.208342,5923
ID-198,Fall,2011,7/17/2011,7,No,0,No,Clear,0.719167,0.669833,0.604167,0.245033,5302
ID-199,Fall,2011,7/18/2011,7,No,1,Yes,Clear,0.746667,0.703925,0.65125,0.215804,4458
ID-200,Fall,2011,7/19/2011,7,No,2,Yes,Clear,0.776667,0.747479,0.650417,0.1306,4541
ID-201,Fall,2011,7/20/2011,7,No,3,Yes,Clear,0.768333,0.74685,0.707083,0.113817,4332
ID-202,Fall,2011,7/21/2011,7,No,4,Yes,Cloudy,0.815,0.826371,0.69125,0.222021,3784
ID-203,Fall,2011,7/22/2011,7,No,5,Yes,Clear,0.848333,0.840896,0.580417,0.1331,3387
ID-204,Fall,2011,7/23/2011,7,No,6,No,Clear,0.849167,0.804287,0.5,0.131221,3285
ID-205,Fall,2011,7/24/2011,7,No,0,No,Clear,0.83,0.794829,0.550833,0.169171,3606
ID-206,Fall,2011,7/25/2011,7,No,1,Yes,Clear,0.743333,0.720958,0.757083,0.0908083,3840
ID-207,Fall,2011,7/26/2011,7,No,2,Yes,Clear,0.771667,0.696979,0.540833,0.200258,4590
ID-208,Fall,2011,7/27/2011,7,No,3,Yes,Clear,0.775,0.690667,0.402917,0.183463,4656
ID-209,Fall,2011,7/28/2011,7,No,4,Yes,Clear,0.779167,0.7399,0.583333,0.178479,4390
ID-210,Fall,2011,7/29/2011,7,No,5,Yes,Clear,0.838333,0.785967,0.5425,0.174138,3846
ID-211,Fall,2011,7/30/2011,7,No,6,No,Clear,0.804167,0.728537,0.465833,0.168537,4475
ID-212,Fall,2011,7/31/2011,7,No,0,No,Clear,0.805833,0.729796,0.480833,0.164813,4302
ID-213,Fall,2011,8/1/2011,8,No,1,Yes,Clear,0.771667,0.703292,0.550833,0.156717,4266
ID-214,Fall,2011,8/2/2011,8,No,2,Yes,Clear,0.783333,0.707071,0.49125,0.20585,4845
ID-215,Fall,2011,8/3/2011,8,No,3,Yes,Cloudy,0.731667,0.679937,0.6575,0.135583,3574
ID-216,Fall,2011,8/4/2011,8,No,4,Yes,Cloudy,0.71,0.664788,0.7575,0.19715,4576
ID-217,Fall,2011,8/5/2011,8,No,5,Yes,Clear,0.710833,0.656567,0.630833,0.184696,4866
ID-218,Fall,2011,8/6/2011,8,No,6,No,Cloudy,0.716667,0.676154,0.755,0.22825,4294
ID-219,Fall,2011,8/7/2011,8,No,0,No,Clear,0.7425,0.715292,0.752917,0.201487,3785
ID-220,Fall,2011,8/8/2011,8,No,1,Yes,Clear,0.765,0.703283,0.592083,0.192175,4326
ID-221,Fall,2011,8/9/2011,8,No,2,Yes,Clear,0.775,0.724121,0.570417,0.151121,4602
ID-222,Fall,2011,8/10/2011,8,No,3,Yes,Clear,0.766667,0.684983,0.424167,0.200258,4780
ID-223,Fall,2011,8/11/2011,8,No,4,Yes,Clear,0.7175,0.651521,0.42375,0.164796,4792
ID-224,Fall,2011,8/12/2011,8,No,5,Yes,Clear,0.708333,0.654042,0.415,0.125621,4905
ID-225,Fall,2011,8/13/2011,8,No,6,No,Cloudy,0.685833,0.645858,0.729583,0.211454,4150
ID-226,Fall,2011,8/14/2011,8,No,0,No,Cloudy,0.676667,0.624388,0.8175,0.222633,3820
ID-227,Fall,2011,8/15/2011,8,No,1,Yes,Clear,0.665833,0.616167,0.712083,0.208954,4338
ID-228,Fall,2011,8/16/2011,8,No,2,Yes,Clear,0.700833,0.645837,0.578333,0.236329,4725
ID-229,Fall,2011,8/17/2011,8,No,3,Yes,Clear,0.723333,0.666671,0.575417,0.143667,4694
ID-230,Fall,2011,8/18/2011,8,No,4,Yes,Clear,0.711667,0.662258,0.654583,0.233208,3805
ID-231,Fall,2011,8/19/2011,8,No,5,Yes,Cloudy,0.685,0.633221,0.722917,0.139308,4153
ID-232,Fall,2011,8/20/2011,8,No,6,No,Clear,0.6975,0.648996,0.674167,0.104467,5191
ID-233,Fall,2011,8/21/2011,8,No,0,No,Clear,0.710833,0.675525,0.77,0.248754,3873
ID-234,Fall,2011,8/22/2011,8,No,1,Yes,Clear,0.691667,0.638254,0.47,0.27675,4758
ID-235,Fall,2011,8/23/2011,8,No,2,Yes,Clear,0.640833,0.606067,0.455417,0.146763,5895
ID-236,Fall,2011,8/24/2011,8,No,3,Yes,Clear,0.673333,0.630692,0.605,0.253108,5130
ID-237,Fall,2011,8/25/2011,8,No,4,Yes,Cloudy,0.684167,0.645854,0.771667,0.210833,3542
ID-238,Fall,2011,8/26/2011,8,No,5,Yes,Clear,0.7,0.659733,0.76125,0.0839625,4661
ID-239,Fall,2011,8/27/2011,8,No,6,No,Cloudy,0.68,0.635556,0.85,0.375617,1115
ID-240,Fall,2011,8/28/2011,8,No,0,No,Clear,0.707059,0.647959,0.561765,0.304659,4334
ID-241,Fall,2011,8/29/2011,8,No,1,Yes,Clear,0.636667,0.607958,0.554583,0.159825,4634
ID-242,Fall,2011,8/30/2011,8,No,2,Yes,Clear,0.639167,0.594704,0.548333,0.125008,5204
ID-243,Fall,2011,8/31/2011,8,No,3,Yes,Clear,0.656667,0.611121,0.597917,0.0833333,5058
ID-244,Fall,2011,9/1/2011,9,No,4,Yes,Clear,0.655,0.614921,0.639167,0.141796,5115
ID-245,Fall,2011,9/2/2011,9,No,5,Yes,Cloudy,0.643333,0.604808,0.727083,0.139929,4727
ID-246,Fall,2011,9/3/2011,9,No,6,No,Clear,0.669167,0.633213,0.716667,0.185325,4484
ID-247,Fall,2011,9/4/2011,9,No,0,No,Clear,0.709167,0.665429,0.742083,0.206467,4940
ID-248,Fall,2011,9/5/2011,9,Yes,1,No,Cloudy,0.673333,0.625646,0.790417,0.212696,3351
ID-249,Fall,2011,9/6/2011,9,No,2,Yes,Light Rain,0.54,0.5152,0.886957,0.343943,2710
ID-250,Fall,2011,9/7/2011,9,No,3,Yes,Light Rain,0.599167,0.544229,0.917083,0.0970208,1996
ID-251,Fall,2011,9/8/2011,9,No,4,Yes,Light Rain,0.633913,0.555361,0.939565,0.192748,1842
ID-252,Fall,2011,9/9/2011,9,No,5,Yes,Cloudy,0.65,0.578946,0.897917,0.124379,3544
ID-253,Fall,2011,9/10/2011,9,No,6,No,Clear,0.66,0.607962,0.75375,0.153608,5345
ID-254,Fall,2011,9/11/2011,9,No,0,No,Clear,0.653333,0.609229,0.71375,0.115054,5046
ID-255,Fall,2011,9/12/2011,9,No,1,Yes,Clear,0.644348,0.60213,0.692174,0.088913,4713
ID-256,Fall,2011,9/13/2011,9,No,2,Yes,Clear,0.650833,0.603554,0.7125,0.141804,4763
ID-257,Fall,2011,9/14/2011,9,No,3,Yes,Clear,0.673333,0.6269,0.697083,0.1673,4785
ID-258,Fall,2011,9/15/2011,9,No,4,Yes,Cloudy,0.5775,0.553671,0.709167,0.271146,3659
ID-259,Fall,2011,9/16/2011,9,No,5,Yes,Cloudy,0.469167,0.461475,0.590417,0.164183,4760
ID-260,Fall,2011,9/17/2011,9,No,6,No,Cloudy,0.491667,0.478512,0.718333,0.189675,4511
ID-261,Fall,2011,9/18/2011,9,No,0,No,Clear,0.5075,0.490537,0.695,0.178483,4274
ID-262,Fall,2011,9/19/2011,9,No,1,Yes,Cloudy,0.549167,0.529675,0.69,0.151742,4539
ID-263,Fall,2011,9/20/2011,9,No,2,Yes,Cloudy,0.561667,0.532217,0.88125,0.134954,3641
ID-264,Fall,2011,9/21/2011,9,No,3,Yes,Cloudy,0.595,0.550533,0.9,0.0964042,4352
ID-265,Fall,2011,9/22/2011,9,No,4,Yes,Cloudy,0.628333,0.554963,0.902083,0.128125,4795
ID-266,Winter,2011,9/23/2011,9,No,5,Yes,Cloudy,0.609167,0.522125,0.9725,0.0783667,2395
ID-267,Winter,2011,9/24/2011,9,No,6,No,Cloudy,0.606667,0.564412,0.8625,0.0783833,5423
ID-268,Winter,2011,9/25/2011,9,No,0,No,Cloudy,0.634167,0.572637,0.845,0.0503792,5010
ID-269,Winter,2011,9/26/2011,9,No,1,Yes,Cloudy,0.649167,0.589042,0.848333,0.1107,4630
ID-270,Winter,2011,9/27/2011,9,No,2,Yes,Cloudy,0.636667,0.574525,0.885417,0.118171,4120
ID-271,Winter,2011,9/28/2011,9,No,3,Yes,Cloudy,0.635,0.575158,0.84875,0.148629,3907
ID-272,Winter,2011,9/29/2011,9,No,4,Yes,Clear,0.616667,0.574512,0.699167,0.172883,4839
ID-273,Winter,2011,9/30/2011,9,No,5,Yes,Clear,0.564167,0.544829,0.6475,0.206475,5202
ID-274,Winter,2011,10/1/2011,10,No,6,No,Cloudy,0.41,0.412863,0.75375,0.292296,2429
ID-275,Winter,2011,10/2/2011,10,No,0,No,Cloudy,0.356667,0.345317,0.791667,0.222013,2918
ID-276,Winter,2011,10/3/2011,10,No,1,Yes,Cloudy,0.384167,0.392046,0.760833,0.0833458,3570
ID-277,Winter,2011,10/4/2011,10,No,2,Yes,Clear,0.484167,0.472858,0.71,0.205854,4456
ID-278,Winter,2011,10/5/2011,10,No,3,Yes,Clear,0.538333,0.527138,0.647917,0.17725,4826
ID-279,Winter,2011,10/6/2011,10,No,4,Yes,Clear,0.494167,0.480425,0.620833,0.134954,4765
ID-280,Winter,2011,10/7/2011,10,No,5,Yes,Clear,0.510833,0.504404,0.684167,0.0223917,4985
ID-281,Winter,2011,10/8/2011,10,No,6,No,Clear,0.521667,0.513242,0.70125,0.0454042,5409
ID-282,Winter,2011,10/9/2011,10,No,0,No,Clear,0.540833,0.523983,0.7275,0.06345,5511
ID-283,Winter,2011,10/10/2011,10,Yes,1,No,Clear,0.570833,0.542925,0.73375,0.0423042,5117
ID-284,Winter,2011,10/11/2011,10,No,2,Yes,Cloudy,0.566667,0.546096,0.80875,0.143042,4563
ID-285,Winter,2011,10/12/2011,10,No,3,Yes,Light Rain,0.543333,0.517717,0.90625,0.24815,2416
ID-286,Winter,2011,10/13/2011,10,No,4,Yes,Cloudy,0.589167,0.551804,0.896667,0.141787,2913
ID-287,Winter,2011,10/14/2011,10,No,5,Yes,Cloudy,0.550833,0.529675,0.71625,0.223883,3644
ID-288,Winter,2011,10/15/2011,10,No,6,No,Clear,0.506667,0.498725,0.483333,0.258083,5217
ID-289,Winter,2011,10/16/2011,10,No,0,No,Clear,0.511667,0.503154,0.486667,0.281717,5041
ID-290,Winter,2011,10/17/2011,10,No,1,Yes,Clear,0.534167,0.510725,0.579583,0.175379,4570
ID-291,Winter,2011,10/18/2011,10,No,2,Yes,Cloudy,0.5325,0.522721,0.701667,0.110087,4748
ID-292,Winter,2011,10/19/2011,10,No,3,Yes,Light Rain,0.541739,0.513848,0.895217,0.243339,2424
ID-293,Winter,2011,10/20/2011,10,No,4,Yes,Clear,0.475833,0.466525,0.63625,0.422275,4195
ID-294,Winter,2011,10/21/2011,10,No,5,Yes,Clear,0.4275,0.423596,0.574167,0.221396,4304
ID-295,Winter,2011,10/22/2011,10,No,6,No,Clear,0.4225,0.425492,0.629167,0.0926667,4308
ID-296,Winter,2011,10/23/2011,10,No,0,No,Clear,0.421667,0.422333,0.74125,0.0995125,4381
ID-297,Winter,2011,10/24/2011,10,No,1,Yes,Clear,0.463333,0.457067,0.772083,0.118792,4187
ID-298,Winter,2011,10/25/2011,10,No,2,Yes,Clear,0.471667,0.463375,0.622917,0.166658,4687
ID-299,Winter,2011,10/26/2011,10,No,3,Yes,Cloudy,0.484167,0.472846,0.720417,0.148642,3894
ID-300,Winter,2011,10/27/2011,10,No,4,Yes,Cloudy,0.47,0.457046,0.812917,0.197763,2659
ID-301,Winter,2011,10/28/2011,10,No,5,Yes,Cloudy,0.330833,0.318812,0.585833,0.229479,3747
ID-302,Winter,2011,10/29/2011,10,No,6,No,Light Rain,0.254167,0.227913,0.8825,0.351371,627
ID-303,Winter,2011,10/30/2011,10,No,0,No,Clear,0.319167,0.321329,0.62375,0.176617,3331
ID-304,Winter,2011,10/31/2011,10,No,1,Yes,Clear,0.34,0.356063,0.703333,0.10635,3669
ID-305,Winter,2011,11/1/2011,11,No,2,Yes,Clear,0.400833,0.397088,0.68375,0.135571,4068
ID-306,Winter,2011,11/2/2011,11,No,3,Yes,Clear,0.3775,0.390133,0.71875,0.0820917,4186
ID-307,Winter,2011,11/3/2011,11,No,4,Yes,Clear,0.408333,0.405921,0.702083,0.136817,3974
ID-308,Winter,2011,11/4/2011,11,No,5,Yes,Cloudy,0.403333,0.403392,0.6225,0.271779,4046
ID-309,Winter,2011,11/5/2011,11,No,6,No,Clear,0.326667,0.323854,0.519167,0.189062,3926
ID-310,Winter,2011,11/6/2011,11,No,0,No,Clear,0.348333,0.362358,0.734583,0.0920542,3649
ID-311,Winter,2011,11/7/2011,11,No,1,Yes,Clear,0.395,0.400871,0.75875,0.057225,4035
ID-312,Winter,2011,11/8/2011,11,No,2,Yes,Clear,0.408333,0.412246,0.721667,0.0690375,4205
ID-313,Winter,2011,11/9/2011,11,No,3,Yes,Clear,0.4,0.409079,0.758333,0.0621958,4109
ID-314,Winter,2011,11/10/2011,11,No,4,Yes,Cloudy,0.38,0.373721,0.813333,0.189067,2933
ID-315,Winter,2011,11/11/2011,11,Yes,5,No,Clear,0.324167,0.306817,0.44625,0.314675,3368
ID-316,Winter,2011,11/12/2011,11,No,6,No,Clear,0.356667,0.357942,0.552917,0.212062,4067
ID-317,Winter,2011,11/13/2011,11,No,0,No,Clear,0.440833,0.43055,0.458333,0.281721,3717
ID-318,Winter,2011,11/14/2011,11,No,1,Yes,Clear,0.53,0.524612,0.587083,0.306596,4486
ID-319,Winter,2011,11/15/2011,11,No,2,Yes,Cloudy,0.53,0.507579,0.68875,0.199633,4195
ID-320,Winter,2011,11/16/2011,11,No,3,Yes,Light Rain,0.456667,0.451988,0.93,0.136829,1817
ID-321,Winter,2011,11/17/2011,11,No,4,Yes,Cloudy,0.341667,0.323221,0.575833,0.305362,3053
ID-322,Winter,2011,11/18/2011,11,No,5,Yes,Clear,0.274167,0.272721,0.41,0.168533,3392
ID-323,Winter,2011,11/19/2011,11,No,6,No,Clear,0.329167,0.324483,0.502083,0.224496,3663
ID-324,Winter,2011,11/20/2011,11,No,0,No,Cloudy,0.463333,0.457058,0.684583,0.18595,3520
ID-325,Winter,2011,11/21/2011,11,No,1,Yes,Light Rain,0.4475,0.445062,0.91,0.138054,2765
ID-326,Winter,2011,11/22/2011,11,No,2,Yes,Light Rain,0.416667,0.421696,0.9625,0.118792,1607
ID-327,Winter,2011,11/23/2011,11,No,3,Yes,Cloudy,0.440833,0.430537,0.757917,0.335825,2566
ID-328,Winter,2011,11/24/2011,11,Yes,4,No,Clear,0.373333,0.372471,0.549167,0.167304,1495
ID-329,Winter,2011,11/25/2011,11,No,5,Yes,Clear,0.375,0.380671,0.64375,0.0988958,2792
ID-330,Winter,2011,11/26/2011,11,No,6,No,Clear,0.375833,0.385087,0.681667,0.0684208,3068
ID-331,Winter,2011,11/27/2011,11,No,0,No,Clear,0.459167,0.4558,0.698333,0.208954,3071
ID-332,Winter,2011,11/28/2011,11,No,1,Yes,Clear,0.503478,0.490122,0.743043,0.142122,3867
ID-333,Winter,2011,11/29/2011,11,No,2,Yes,Cloudy,0.458333,0.451375,0.830833,0.258092,2914
ID-334,Winter,2011,11/30/2011,11,No,3,Yes,Clear,0.325,0.311221,0.613333,0.271158,3613
ID-335,Winter,2011,12/1/2011,12,No,4,Yes,Clear,0.3125,0.305554,0.524583,0.220158,3727
ID-336,Winter,2011,12/2/2011,12,No,5,Yes,Clear,0.314167,0.331433,0.625833,0.100754,3940
ID-337,Winter,2011,12/3/2011,12,No,6,No,Clear,0.299167,0.310604,0.612917,0.0957833,3614
ID-338,Winter,2011,12/4/2011,12,No,0,No,Clear,0.330833,0.3491,0.775833,0.0839583,3485
ID-339,Winter,2011,12/5/2011,12,No,1,Yes,Cloudy,0.385833,0.393925,0.827083,0.0622083,3811
ID-340,Winter,2011,12/6/2011,12,No,2,Yes,Light Rain,0.4625,0.4564,0.949583,0.232583,2594
ID-341,Winter,2011,12/7/2011,12,No,3,Yes,Light Rain,0.41,0.400246,0.970417,0.266175,705
ID-342,Winter,2011,12/8/2011,12,No,4,Yes,Clear,0.265833,0.256938,0.58,0.240058,3322
ID-343,Winter,2011,12/9/2011,12,No,5,Yes,Clear,0.290833,0.317542,0.695833,0.0827167,3620
ID-344,Winter,2011,12/10/2011,12,No,6,No,Clear,0.275,0.266412,0.5075,0.233221,3190
ID-345,Winter,2011,12/11/2011,12,No,0,No,Clear,0.220833,0.253154,0.49,0.0665417,2743
ID-346,Winter,2011,12/12/2011,12,No,1,Yes,Clear,0.238333,0.270196,0.670833,0.06345,3310
ID-347,Winter,2011,12/13/2011,12,No,2,Yes,Clear,0.2825,0.301138,0.59,0.14055,3523
ID-348,Winter,2011,12/14/2011,12,No,3,Yes,Cloudy,0.3175,0.338362,0.66375,0.0609583,3740
ID-349,Winter,2011,12/15/2011,12,No,4,Yes,Cloudy,0.4225,0.412237,0.634167,0.268042,3709
ID-350,Winter,2011,12/16/2011,12,No,5,Yes,Cloudy,0.375,0.359825,0.500417,0.260575,3577
ID-351,Winter,2011,12/17/2011,12,No,6,No,Cloudy,0.258333,0.249371,0.560833,0.243167,2739
ID-352,Winter,2011,12/18/2011,12,No,0,No,Clear,0.238333,0.245579,0.58625,0.169779,2431
ID-353,Winter,2011,12/19/2011,12,No,1,Yes,Clear,0.276667,0.280933,0.6375,0.172896,3403
ID-354,Winter,2011,12/20/2011,12,No,2,Yes,Cloudy,0.385833,0.396454,0.595417,0.0615708,3750
ID-355,Spring,2011,12/21/2011,12,No,3,Yes,Cloudy,0.428333,0.428017,0.858333,0.2214,2660
ID-356,Spring,2011,12/22/2011,12,No,4,Yes,Cloudy,0.423333,0.426121,0.7575,0.047275,3068
ID-357,Spring,2011,12/23/2011,12,No,5,Yes,Clear,0.373333,0.377513,0.68625,0.274246,2209
ID-358,Spring,2011,12/24/2011,12,No,6,No,Clear,0.3025,0.299242,0.5425,0.190304,1011
ID-359,Spring,2011,12/25/2011,12,No,0,No,Clear,0.274783,0.279961,0.681304,0.155091,754
ID-360,Spring,2011,12/26/2011,12,Yes,1,No,Clear,0.321739,0.315535,0.506957,0.239465,1317
ID-361,Spring,2011,12/27/2011,12,No,2,Yes,Cloudy,0.325,0.327633,0.7625,0.18845,1162
ID-362,Spring,2011,12/28/2011,12,No,3,Yes,Clear,0.29913,0.279974,0.503913,0.293961,2302
ID-363,Spring,2011,12/29/2011,12,No,4,Yes,Clear,0.248333,0.263892,0.574167,0.119412,2423
ID-364,Spring,2011,12/30/2011,12,No,5,Yes,Clear,0.311667,0.318812,0.636667,0.134337,2999
ID-365,Spring,2011,12/31/2011,12,No,6,No,Clear,0.41,0.414121,0.615833,0.220154,2485
ID-366,Spring,2012,1/1/2012,1,No,0,No,Clear,0.37,0.375621,0.6925,0.192167,2294
ID-367,Spring,2012,1/2/2012,1,Yes,1,No,Clear,0.273043,0.252304,0.381304,0.329665,1951
ID-368,Spring,2012,1/3/2012,1,No,2,Yes,Clear,0.15,0.126275,0.44125,0.365671,2236
ID-369,Spring,2012,1/4/2012,1,No,3,Yes,Cloudy,0.1075,0.119337,0.414583,0.1847,2368
ID-370,Spring,2012,1/5/2012,1,No,4,Yes,Clear,0.265833,0.278412,0.524167,0.129987,3272
ID-371,Spring,2012,1/6/2012,1,No,5,Yes,Clear,0.334167,0.340267,0.542083,0.167908,4098
ID-372,Spring,2012,1/7/2012,1,No,6,No,Clear,0.393333,0.390779,0.531667,0.174758,4521
ID-373,Spring,2012,1/8/2012,1,No,0,No,Clear,0.3375,0.340258,0.465,0.191542,3425
ID-374,Spring,2012,1/9/2012,1,No,1,Yes,Cloudy,0.224167,0.247479,0.701667,0.0989,2376
ID-375,Spring,2012,1/10/2012,1,No,2,Yes,Clear,0.308696,0.318826,0.646522,0.187552,3598
ID-376,Spring,2012,1/11/2012,1,No,3,Yes,Cloudy,0.274167,0.282821,0.8475,0.131221,2177
ID-377,Spring,2012,1/12/2012,1,No,4,Yes,Cloudy,0.3825,0.381938,0.802917,0.180967,4097
ID-378,Spring,2012,1/13/2012,1,No,5,Yes,Clear,0.274167,0.249362,0.5075,0.378108,3214
ID-379,Spring,2012,1/14/2012,1,No,6,No,Clear,0.18,0.183087,0.4575,0.187183,2493
ID-380,Spring,2012,1/15/2012,1,No,0,No,Clear,0.166667,0.161625,0.419167,0.251258,2311
ID-381,Spring,2012,1/16/2012,1,Yes,1,No,Clear,0.19,0.190663,0.5225,0.231358,2298
ID-382,Spring,2012,1/17/2012,1,No,2,Yes,Cloudy,0.373043,0.364278,0.716087,0.34913,2935
ID-383,Spring,2012,1/18/2012,1,No,3,Yes,Clear,0.303333,0.275254,0.443333,0.415429,3376
ID-384,Spring,2012,1/19/2012,1,No,4,Yes,Clear,0.19,0.190038,0.4975,0.220158,3292
ID-385,Spring,2012,1/20/2012,1,No,5,Yes,Cloudy,0.2175,0.220958,0.45,0.20275,3163
ID-386,Spring,2012,1/21/2012,1,No,6,No,Cloudy,0.173333,0.174875,0.83125,0.222642,1301
ID-387,Spring,2012,1/22/2012,1,No,0,No,Cloudy,0.1625,0.16225,0.79625,0.199638,1977
ID-388,Spring,2012,1/23/2012,1,No,1,Yes,Cloudy,0.218333,0.243058,0.91125,0.110708,2432
ID-389,Spring,2012,1/24/2012,1,No,2,Yes,Clear,0.3425,0.349108,0.835833,0.123767,4339
ID-390,Spring,2012,1/25/2012,1,No,3,Yes,Clear,0.294167,0.294821,0.64375,0.161071,4270
ID-391,Spring,2012,1/26/2012,1,No,4,Yes,Cloudy,0.341667,0.35605,0.769583,0.0733958,4075
ID-392,Spring,2012,1/27/2012,1,No,5,Yes,Cloudy,0.425,0.415383,0.74125,0.342667,3456
ID-393,Spring,2012,1/28/2012,1,No,6,No,Clear,0.315833,0.326379,0.543333,0.210829,4023
ID-394,Spring,2012,1/29/2012,1,No,0,No,Clear,0.2825,0.272721,0.31125,0.24005,3243
ID-395,Spring,2012,1/30/2012,1,No,1,Yes,Clear,0.269167,0.262625,0.400833,0.215792,3624
ID-396,Spring,2012,1/31/2012,1,No,2,Yes,Clear,0.39,0.381317,0.416667,0.261817,4509
ID-397,Spring,2012,2/1/2012,2,No,3,Yes,Clear,0.469167,0.466538,0.507917,0.189067,4579
ID-398,Spring,2012,2/2/2012,2,No,4,Yes,Cloudy,0.399167,0.398971,0.672917,0.187187,3761
ID-399,Spring,2012,2/3/2012,2,No,5,Yes,Clear,0.313333,0.309346,0.526667,0.178496,4151
ID-400,Spring,2012,2/4/2012,2,No,6,No,Cloudy,0.264167,0.272725,0.779583,0.121896,2832
ID-401,Spring,2012,2/5/2012,2,No,0,No,Cloudy,0.265833,0.264521,0.687917,0.175996,2947
ID-402,Spring,2012,2/6/2012,2,No,1,Yes,Clear,0.282609,0.296426,0.622174,0.1538,3784
ID-403,Spring,2012,2/7/2012,2,No,2,Yes,Clear,0.354167,0.361104,0.49625,0.147379,4375
ID-404,Spring,2012,2/8/2012,2,No,3,Yes,Cloudy,0.256667,0.266421,0.722917,0.133721,2802
ID-405,Spring,2012,2/9/2012,2,No,4,Yes,Clear,0.265,0.261988,0.562083,0.194037,3830
ID-406,Spring,2012,2/10/2012,2,No,5,Yes,Cloudy,0.280833,0.293558,0.54,0.116929,3831
ID-407,Spring,2012,2/11/2012,2,No,6,No,Light Rain,0.224167,0.210867,0.73125,0.289796,2169
ID-408,Spring,2012,2/12/2012,2,No,0,No,Clear,0.1275,0.101658,0.464583,0.409212,1529
ID-409,Spring,2012,2/13/2012,2,No,1,Yes,Clear,0.2225,0.227913,0.41125,0.167283,3422
ID-410,Spring,2012,2/14/2012,2,No,2,Yes,Cloudy,0.319167,0.333946,0.50875,0.141179,3922
ID-411,Spring,2012,2/15/2012,2,No,3,Yes,Clear,0.348333,0.351629,0.53125,0.1816,4169
ID-412,Spring,2012,2/16/2012,2,No,4,Yes,Cloudy,0.316667,0.330162,0.752917,0.091425,3005
ID-413,Spring,2012,2/17/2012,2,No,5,Yes,Clear,0.343333,0.351629,0.634583,0.205846,4154
ID-414,Spring,2012,2/18/2012,2,No,6,No,Clear,0.346667,0.355425,0.534583,0.190929,4318
ID-415,Spring,2012,2/19/2012,2,No,0,No,Cloudy,0.28,0.265788,0.515833,0.253112,2689
ID-416,Spring,2012,2/20/2012,2,Yes,1,No,Clear,0.28,0.273391,0.507826,0.229083,3129
ID-417,Spring,2012,2/21/2012,2,No,2,Yes,Clear,0.287826,0.295113,0.594348,0.205717,3777
ID-418,Spring,2012,2/22/2012,2,No,3,Yes,Clear,0.395833,0.392667,0.567917,0.234471,4773
ID-419,Spring,2012,2/23/2012,2,No,4,Yes,Clear,0.454167,0.444446,0.554583,0.190913,5062
ID-420,Spring,2012,2/24/2012,2,No,5,Yes,Cloudy,0.4075,0.410971,0.7375,0.237567,3487
ID-421,Spring,2012,2/25/2012,2,No,6,No,Clear,0.290833,0.255675,0.395833,0.421642,2732
ID-422,Spring,2012,2/26/2012,2,No,0,No,Clear,0.279167,0.268308,0.41,0.205229,3389
ID-423,Spring,2012,2/27/2012,2,No,1,Yes,Clear,0.366667,0.357954,0.490833,0.268033,4322
ID-424,Spring,2012,2/28/2012,2,No,2,Yes,Clear,0.359167,0.353525,0.395833,0.193417,4363
ID-425,Spring,2012,2/29/2012,2,No,3,Yes,Cloudy,0.344348,0.34847,0.804783,0.179117,1834
ID-426,Spring,2012,3/1/2012,3,No,4,Yes,Clear,0.485833,0.475371,0.615417,0.226987,4990
ID-427,Spring,2012,3/2/2012,3,No,5,Yes,Cloudy,0.353333,0.359842,0.657083,0.144904,3194
ID-428,Spring,2012,3/3/2012,3,No,6,No,Cloudy,0.414167,0.413492,0.62125,0.161079,4066
ID-429,Spring,2012,3/4/2012,3,No,0,No,Clear,0.325833,0.303021,0.403333,0.334571,3423
ID-430,Spring,2012,3/5/2012,3,No,1,Yes,Clear,0.243333,0.241171,0.50625,0.228858,3333
ID-431,Spring,2012,3/6/2012,3,No,2,Yes,Clear,0.258333,0.255042,0.456667,0.200875,3956
ID-432,Spring,2012,3/7/2012,3,No,3,Yes,Clear,0.404167,0.3851,0.513333,0.345779,4916
ID-433,Spring,2012,3/8/2012,3,No,4,Yes,Clear,0.5275,0.524604,0.5675,0.441563,5382
ID-434,Spring,2012,3/9/2012,3,No,5,Yes,Cloudy,0.410833,0.397083,0.407083,0.4148,4569
ID-435,Spring,2012,3/10/2012,3,No,6,No,Clear,0.2875,0.277767,0.350417,0.22575,4118
ID-436,Spring,2012,3/11/2012,3,No,0,No,Clear,0.361739,0.35967,0.476957,0.222587,4911
ID-437,Spring,2012,3/12/2012,3,No,1,Yes,Clear,0.466667,0.459592,0.489167,0.207713,5298
ID-438,Spring,2012,3/13/2012,3,No,2,Yes,Clear,0.565,0.542929,0.6175,0.23695,5847
ID-439,Spring,2012,3/14/2012,3,No,3,Yes,Clear,0.5725,0.548617,0.507083,0.115062,6312
ID-440,Spring,2012,3/15/2012,3,No,4,Yes,Clear,0.5575,0.532825,0.579583,0.149883,6192
ID-441,Spring,2012,3/16/2012,3,No,5,Yes,Cloudy,0.435833,0.436229,0.842083,0.113192,4378
ID-442,Spring,2012,3/17/2012,3,No,6,No,Cloudy,0.514167,0.505046,0.755833,0.110704,7836
ID-443,Spring,2012,3/18/2012,3,No,0,No,Cloudy,0.4725,0.464,0.81,0.126883,5892
ID-444,Spring,2012,3/19/2012,3,No,1,Yes,Clear,0.545,0.532821,0.72875,0.162317,6153
ID-445,Spring,2012,3/20/2012,3,No,2,Yes,Clear,0.560833,0.538533,0.807917,0.121271,6093
ID-446,Summer,2012,3/21/2012,3,No,3,Yes,Cloudy,0.531667,0.513258,0.82125,0.0895583,6230
ID-447,Summer,2012,3/22/2012,3,No,4,Yes,Clear,0.554167,0.531567,0.83125,0.117562,6871
ID-448,Summer,2012,3/23/2012,3,No,5,Yes,Cloudy,0.601667,0.570067,0.694167,0.1163,8362
ID-449,Summer,2012,3/24/2012,3,No,6,No,Cloudy,0.5025,0.486733,0.885417,0.192783,3372
ID-450,Summer,2012,3/25/2012,3,No,0,No,Cloudy,0.4375,0.437488,0.880833,0.220775,4996
ID-451,Summer,2012,3/26/2012,3,No,1,Yes,Clear,0.445833,0.43875,0.477917,0.386821,5558
ID-452,Summer,2012,3/27/2012,3,No,2,Yes,Clear,0.323333,0.315654,0.29,0.187192,5102
ID-453,Summer,2012,3/28/2012,3,No,3,Yes,Clear,0.484167,0.47095,0.48125,0.291671,5698
ID-454,Summer,2012,3/29/2012,3,No,4,Yes,Clear,0.494167,0.482304,0.439167,0.31965,6133
ID-455,Summer,2012,3/30/2012,3,No,5,Yes,Cloudy,0.37,0.375621,0.580833,0.138067,5459
ID-456,Summer,2012,3/31/2012,3,No,6,No,Cloudy,0.424167,0.421708,0.738333,0.250617,6235
ID-457,Summer,2012,4/1/2012,4,No,0,No,Cloudy,0.425833,0.417287,0.67625,0.172267,6041
ID-458,Summer,2012,4/2/2012,4,No,1,Yes,Clear,0.433913,0.427513,0.504348,0.312139,5936
ID-459,Summer,2012,4/3/2012,4,No,2,Yes,Clear,0.466667,0.461483,0.396667,0.100133,6772
ID-460,Summer,2012,4/4/2012,4,No,3,Yes,Clear,0.541667,0.53345,0.469583,0.180975,6436
ID-461,Summer,2012,4/5/2012,4,No,4,Yes,Clear,0.435,0.431163,0.374167,0.219529,6457
ID-462,Summer,2012,4/6/2012,4,No,5,Yes,Clear,0.403333,0.390767,0.377083,0.300388,6460
ID-463,Summer,2012,4/7/2012,4,No,6,No,Clear,0.4375,0.426129,0.254167,0.274871,6857
ID-464,Summer,2012,4/8/2012,4,No,0,No,Clear,0.5,0.492425,0.275833,0.232596,5169
ID-465,Summer,2012,4/9/2012,4,No,1,Yes,Clear,0.489167,0.476638,0.3175,0.358196,5585
ID-466,Summer,2012,4/10/2012,4,No,2,Yes,Clear,0.446667,0.436233,0.435,0.249375,5918
ID-467,Summer,2012,4/11/2012,4,No,3,Yes,Clear,0.348696,0.337274,0.469565,0.295274,4862
ID-468,Summer,2012,4/12/2012,4,No,4,Yes,Clear,0.3975,0.387604,0.46625,0.290429,5409
ID-469,Summer,2012,4/13/2012,4,No,5,Yes,Clear,0.4425,0.431808,0.408333,0.155471,6398
ID-470,Summer,2012,4/14/2012,4,No,6,No,Clear,0.495,0.487996,0.502917,0.190917,7460
ID-471,Summer,2012,4/15/2012,4,No,0,No,Clear,0.606667,0.573875,0.507917,0.225129,7132
ID-472,Summer,2012,4/16/2012,4,Yes,1,No,Clear,0.664167,0.614925,0.561667,0.284829,6370
ID-473,Summer,2012,4/17/2012,4,No,2,Yes,Clear,0.608333,0.598487,0.390417,0.273629,6691
ID-474,Summer,2012,4/18/2012,4,No,3,Yes,Cloudy,0.463333,0.457038,0.569167,0.167912,4367
ID-475,Summer,2012,4/19/2012,4,No,4,Yes,Clear,0.498333,0.493046,0.6125,0.0659292,6565
ID-476,Summer,2012,4/20/2012,4,No,5,Yes,Clear,0.526667,0.515775,0.694583,0.149871,7290
ID-477,Summer,2012,4/21/2012,4,No,6,No,Clear,0.57,0.542921,0.682917,0.283587,6624
ID-478,Summer,2012,4/22/2012,4,No,0,No,Light Rain,0.396667,0.389504,0.835417,0.344546,1027
ID-479,Summer,2012,4/23/2012,4,No,1,Yes,Cloudy,0.321667,0.301125,0.766667,0.303496,3214
ID-480,Summer,2012,4/24/2012,4,No,2,Yes,Clear,0.413333,0.405283,0.454167,0.249383,5633
ID-481,Summer,2012,4/25/2012,4,No,3,Yes,Clear,0.476667,0.470317,0.427917,0.118792,6196
ID-482,Summer,2012,4/26/2012,4,No,4,Yes,Cloudy,0.498333,0.483583,0.756667,0.176625,5026
ID-483,Summer,2012,4/27/2012,4,No,5,Yes,Clear,0.4575,0.452637,0.400833,0.347633,6233
ID-484,Summer,2012,4/28/2012,4,No,6,No,Cloudy,0.376667,0.377504,0.489583,0.129975,4220
ID-485,Summer,2012,4/29/2012,4,No,0,No,Clear,0.458333,0.450121,0.587083,0.116908,6304
ID-486,Summer,2012,4/30/2012,4,No,1,Yes,Cloudy,0.464167,0.457696,0.57,0.171638,5572
ID-487,Summer,2012,5/1/2012,5,No,2,Yes,Cloudy,0.613333,0.577021,0.659583,0.156096,5740
ID-488,Summer,2012,5/2/2012,5,No,3,Yes,Clear,0.564167,0.537896,0.797083,0.138058,6169
ID-489,Summer,2012,5/3/2012,5,No,4,Yes,Cloudy,0.56,0.537242,0.768333,0.133696,6421
ID-490,Summer,2012,5/4/2012,5,No,5,Yes,Clear,0.6275,0.590917,0.735417,0.162938,6296
ID-491,Summer,2012,5/5/2012,5,No,6,No,Cloudy,0.621667,0.584608,0.756667,0.152992,6883
ID-492,Summer,2012,5/6/2012,5,No,0,No,Cloudy,0.5625,0.546737,0.74,0.149879,6359
ID-493,Summer,2012,5/7/2012,5,No,1,Yes,Cloudy,0.5375,0.527142,0.664167,0.230721,6273
ID-494,Summer,2012,5/8/2012,5,No,2,Yes,Cloudy,0.581667,0.557471,0.685833,0.296029,5728
ID-495,Summer,2012,5/9/2012,5,No,3,Yes,Cloudy,0.575,0.553025,0.744167,0.216412,4717
ID-496,Summer,2012,5/10/2012,5,No,4,Yes,Clear,0.505833,0.491783,0.552083,0.314063,6572
ID-497,Summer,2012,5/11/2012,5,No,5,Yes,Clear,0.533333,0.520833,0.360417,0.236937,7030
ID-498,Summer,2012,5/12/2012,5,No,6,No,Clear,0.564167,0.544817,0.480417,0.123133,7429
ID-499,Summer,2012,5/13/2012,5,No,0,No,Clear,0.6125,0.585238,0.57625,0.225117,6118
ID-500,Summer,2012,5/14/2012,5,No,1,Yes,Cloudy,0.573333,0.5499,0.789583,0.212692,2843
ID-501,Summer,2012,5/15/2012,5,No,2,Yes,Cloudy,0.611667,0.576404,0.794583,0.147392,5115
ID-502,Summer,2012,5/16/2012,5,No,3,Yes,Clear,0.636667,0.595975,0.697917,0.122512,7424
ID-503,Summer,2012,5/17/2012,5,No,4,Yes,Clear,0.593333,0.572613,0.52,0.229475,7384
ID-504,Summer,2012,5/18/2012,5,No,5,Yes,Clear,0.564167,0.551121,0.523333,0.136817,7639
ID-505,Summer,2012,5/19/2012,5,No,6,No,Clear,0.6,0.566908,0.45625,0.083975,8294
ID-506,Summer,2012,5/20/2012,5,No,0,No,Clear,0.620833,0.583967,0.530417,0.254367,7129
ID-507,Summer,2012,5/21/2012,5,No,1,Yes,Cloudy,0.598333,0.565667,0.81125,0.233204,4359
ID-508,Summer,2012,5/22/2012,5,No,2,Yes,Cloudy,0.615,0.580825,0.765833,0.118167,6073
ID-509,Summer,2012,5/23/2012,5,No,3,Yes,Cloudy,0.621667,0.584612,0.774583,0.102,5260
ID-510,Summer,2012,5/24/2012,5,No,4,Yes,Clear,0.655,0.6067,0.716667,0.172896,6770
ID-511,Summer,2012,5/25/2012,5,No,5,Yes,Clear,0.68,0.627529,0.747083,0.14055,6734
ID-512,Summer,2012,5/26/2012,5,No,6,No,Clear,0.6925,0.642696,0.7325,0.198992,6536
ID-513,Summer,2012,5/27/2012,5,No,0,No,Clear,0.69,0.641425,0.697083,0.215171,6591
ID-514,Summer,2012,5/28/2012,5,Yes,1,No,Clear,0.7125,0.6793,0.67625,0.196521,6043
ID-515,Summer,2012,5/29/2012,5,No,2,Yes,Clear,0.7225,0.672992,0.684583,0.2954,5743
ID-516,Summer,2012,5/30/2012,5,No,3,Yes,Cloudy,0.656667,0.611129,0.67,0.134329,6855
ID-517,Summer,2012,5/31/2012,5,No,4,Yes,Clear,0.68,0.631329,0.492917,0.195279,7338
ID-518,Summer,2012,6/1/2012,6,No,5,Yes,Cloudy,0.654167,0.607962,0.755417,0.237563,4127
ID-519,Summer,2012,6/2/2012,6,No,6,No,Clear,0.583333,0.566288,0.549167,0.186562,8120
ID-520,Summer,2012,6/3/2012,6,No,0,No,Clear,0.6025,0.575133,0.493333,0.184087,7641
ID-521,Summer,2012,6/4/2012,6,No,1,Yes,Clear,0.5975,0.578283,0.487083,0.284833,6998
ID-522,Summer,2012,6/5/2012,6,No,2,Yes,Cloudy,0.540833,0.525892,0.613333,0.209575,7001
ID-523,Summer,2012,6/6/2012,6,No,3,Yes,Clear,0.554167,0.542292,0.61125,0.077125,7055
ID-524,Summer,2012,6/7/2012,6,No,4,Yes,Clear,0.6025,0.569442,0.567083,0.15735,7494
ID-525,Summer,2012,6/8/2012,6,No,5,Yes,Clear,0.649167,0.597862,0.467917,0.175383,7736
ID-526,Summer,2012,6/9/2012,6,No,6,No,Clear,0.710833,0.648367,0.437083,0.144287,7498
ID-527,Summer,2012,6/10/2012,6,No,0,No,Clear,0.726667,0.663517,0.538333,0.133721,6598
ID-528,Summer,2012,6/11/2012,6,No,1,Yes,Cloudy,0.720833,0.659721,0.587917,0.207713,6664
ID-529,Summer,2012,6/12/2012,6,No,2,Yes,Cloudy,0.653333,0.597875,0.833333,0.214546,4972
ID-530,Summer,2012,6/13/2012,6,No,3,Yes,Clear,0.655833,0.611117,0.582083,0.343279,7421
