﻿{"paragraphs":[{"text":"%md\n# Tutorial 1 - Notebook Basics\n\nWelcome to Oracle Big Data Cloud Service - Compute Edition (BDCS-CE).\n\nThis tutorial was built for BDCS-CE version 17.3.3-20 as part of the New Data Lake User Journey: <a href=\"https://github.com/oracle/learning-library/tree/master/workshops/journey2-new-data-lake\" target=\"_blank\">here</a>.  Questions and feedback about the tutorial: <david.bayard@oracle.com>\n\n**Contents**\n\n+ About Zeppelin and Interpreters\n+ About the Markdown Interpreter\n+ About the Shell Interpreter\n+ A few Zepellin tricks (printing, restarting, viewing logs)\n+ Next Steps\n\nAs a reminder, the documentation for BDCS-CE can be found  <a href=\"https://docs.oracle.com/cloud/latest/big-data-compute-cloud/index.html\" target=\"_new\">here</a>\n","dateUpdated":"2017-09-05T21:23:21+0000","config":{"tableHide":false,"editorSetting":{"language":"markdown","editOnDblClick":"true"},"colWidth":12,"editorMode":"ace/mode/markdown","editorHide":true,"results":[{"graph":{"mode":"table","height":300,"optionOpen":false,"keys":[],"values":[],"groups":[],"scatter":{}}}],"enabled":true},"settings":{"params":{},"forms":{}},"results":{"code":"SUCCESS","msg":[{"type":"HTML","data":"<div class=\"markdown-body\">\n<h1>Tutorial 1 - Notebook Basics</h1>\n<p>Welcome to Oracle Big Data Cloud Service - Compute Edition (BDCS-CE).</p>\n<p>This tutorial was built for BDCS-CE version 17.3.3-20 as part of the New Data Lake User Journey: <a href=\"https://github.com/oracle/learning-library/tree/master/workshops/journey2-new-data-lake\" target=\"_blank\">here</a>. Questions and feedback about the tutorial: <a href=\"mailto:&#100;a&#118;&#x69;&#x64;&#x2e;&#x62;&#97;&#x79;&#x61;r&#100;&#x40;&#111;r&#97;&#99;&#108;e&#46;c&#x6f;&#109;\">&#100;a&#118;&#x69;&#x64;&#x2e;&#x62;&#97;&#x79;&#x61;r&#100;&#x40;&#111;r&#97;&#99;&#108;e&#46;c&#x6f;&#109;</a></p>\n<p><strong>Contents</strong></p>\n<ul>\n  <li>About Zeppelin and Interpreters</li>\n  <li>About the Markdown Interpreter</li>\n  <li>About the Shell Interpreter</li>\n  <li>A few Zepellin tricks (printing, restarting, viewing logs)</li>\n  <li>Next Steps</li>\n</ul>\n<p>As a reminder, the documentation for BDCS-CE can be found <a href=\"https://docs.oracle.com/cloud/latest/big-data-compute-cloud/index.html\" target=\"_new\">here</a></p>\n</div>"}]},"apps":[],"jobName":"paragraph_1504646601141_-1919418155","id":"20170310-124403_2105432248","dateCreated":"2017-09-05T21:23:21+0000","status":"READY","errorMessage":"","progressUpdateIntervalMs":500,"focus":true,"$$hashKey":"object:404"},{"text":"%md\n# About Zeppelin Notes and Paragraphs\n\nBDCS-CE includes a built-in Zeppelin notebook.  Currently, BDCS-CE is using Zeppelin version 0.7.0.  You can learn more about Zeppelin <a href=\"https://zeppelin.apache.org/docs/0.7.0/\" target=\"_blank\">here</a>. \n\nTo get started, please review the quick overview about Notes and how to interact with them <a href=\"https://zeppelin.apache.org/docs/0.7.0/quickstart/explorezeppelinui.html#note-layout\" target=\"_blank\">here</a>.\n\n    Make sure you have reviewed the above overview and know about Zeppelin Notes and Paragraphs and the UI controls to work with them before continuing.","dateUpdated":"2017-09-05T21:23:21+0000","config":{"tableHide":false,"editorSetting":{"editOnDblClick":"true","language":"markdown"},"colWidth":12,"editorMode":"ace/mode/markdown","editorHide":true,"results":[{"graph":{"mode":"table","height":300,"optionOpen":false,"keys":[],"values":[],"groups":[],"scatter":{}}}],"enabled":true},"settings":{"params":{},"forms":{}},"results":{"code":"SUCCESS","msg":[{"type":"HTML","data":"<div class=\"markdown-body\">\n<h1>About Zeppelin Notes and Paragraphs</h1>\n<p>BDCS-CE includes a built-in Zeppelin notebook. Currently, BDCS-CE is using Zeppelin version 0.7.0. You can learn more about Zeppelin <a href=\"https://zeppelin.apache.org/docs/0.7.0/\" target=\"_blank\">here</a>. </p>\n<p>To get started, please review the quick overview about Notes and how to interact with them <a href=\"https://zeppelin.apache.org/docs/0.7.0/quickstart/explorezeppelinui.html#note-layout\" target=\"_blank\">here</a>.</p>\n<pre><code>Make sure you have reviewed the above overview and know about Zeppelin Notes and Paragraphs and the UI controls to work with them before continuing.\n</code></pre>\n</div>"}]},"apps":[],"jobName":"paragraph_1504646601142_-1918263908","id":"20170314-111138_1763825608","dateCreated":"2017-09-05T21:23:21+0000","status":"READY","errorMessage":"","progressUpdateIntervalMs":500,"$$hashKey":"object:405"},{"text":"%md\n# About Interpreters\nThe Zeppelin notebook is powered by Interpreters, which allow various technologies to be combined into a single, easily documented environment.  The Interpreters currently offered with this version of BDCS-CE are\n\n+ Markdown (%md)\n+ Shell (%sh)\n+ Spark with Scala (%spark)\n+ Spark with Python (%pyspark)\n+ Spark SQL (%sql)\n+ Spark with R (%r)\n+ JDBC (%jdbc)\n\nIn this tutorial, we will introduce you to the Markdown and Shell Interpreters.\n","dateUpdated":"2017-09-05T21:23:21+0000","config":{"tableHide":false,"editorSetting":{"editOnDblClick":"true","language":"markdown"},"colWidth":12,"editorMode":"ace/mode/markdown","editorHide":true,"results":[{"graph":{"mode":"table","height":300,"optionOpen":false,"keys":[],"values":[],"groups":[],"scatter":{}}}],"enabled":true},"settings":{"params":{},"forms":{}},"results":{"code":"SUCCESS","msg":[{"type":"HTML","data":"<div class=\"markdown-body\">\n<h1>About Interpreters</h1>\n<p>The Zeppelin notebook is powered by Interpreters, which allow various technologies to be combined into a single, easily documented environment. The Interpreters currently offered with this version of BDCS-CE are</p>\n<ul>\n  <li>Markdown (%md)</li>\n  <li>Shell (%sh)</li>\n  <li>Spark with Scala (%spark)</li>\n  <li>Spark with Python (%pyspark)</li>\n  <li>Spark SQL (%sql)</li>\n  <li>Spark with R (%r)</li>\n  <li>JDBC (%jdbc)</li>\n</ul>\n<p>In this tutorial, we will introduce you to the Markdown and Shell Interpreters.</p>\n</div>"}]},"apps":[],"jobName":"paragraph_1504646601142_-1918263908","id":"20170612-151048_1275148861","dateCreated":"2017-09-05T21:23:21+0000","status":"READY","errorMessage":"","progressUpdateIntervalMs":500,"$$hashKey":"object:406"},{"text":"%md\n# About the Markdown Interpreter (%md)\nThe Markdown interpreter is used to add documentation to your notebooks.  To create a paragraph using the Markdown interpreter, use %md for the first line in the code editor.\n\nDetails about the markdown interpreter can be found <a href=\"https://zeppelin.apache.org/docs/0.7.0/interpreter/markdown.html\" target=\"_blank\">here</a>\n\n#### Some simple examples...\n\n**Add Emphasis** using one or more \\*\n\nCreate a list using \\+\n\n+ item\n+ item\n+ item\n\n\n\nFor more, check out the Markdown cheatsheet <a href=\"https://github.com/adam-p/markdown-here/wiki/Markdown-Cheatsheet\" target=\"_blank\">here</a>\n\n_Hint: Show the editor for this paragraph to see the actual Markdown code used_\n![ZeppelinCode](https://raw.githubusercontent.com/oracle/learning-library/master/workshops/journey2-new-data-lake/images/300/ZeppelinCodeEditor.gif \"Showing the code editor\")","dateUpdated":"2017-09-05T21:23:21+0000","config":{"tableHide":false,"editorSetting":{"editOnDblClick":"true","language":"markdown"},"colWidth":12,"editorMode":"ace/mode/markdown","editorHide":true,"results":[{"graph":{"mode":"table","height":300,"optionOpen":false,"keys":[],"values":[],"groups":[],"scatter":{}}}],"enabled":true},"settings":{"params":{},"forms":{}},"results":{"code":"SUCCESS","msg":[{"type":"HTML","data":"<div class=\"markdown-body\">\n<h1>About the Markdown Interpreter (%md)</h1>\n<p>The Markdown interpreter is used to add documentation to your notebooks. To create a paragraph using the Markdown interpreter, use %md for the first line in the code editor.</p>\n<p>Details about the markdown interpreter can be found <a href=\"https://zeppelin.apache.org/docs/0.7.0/interpreter/markdown.html\" target=\"_blank\">here</a></p>\n<h4>Some simple examples&hellip;</h4>\n<p><strong>Add Emphasis</strong> using one or more *</p>\n<p>Create a list using +</p>\n<ul>\n  <li>item</li>\n  <li>item</li>\n  <li>item</li>\n</ul>\n<p>For more, check out the Markdown cheatsheet <a href=\"https://github.com/adam-p/markdown-here/wiki/Markdown-Cheatsheet\" target=\"_blank\">here</a></p>\n<p><em>Hint: Show the editor for this paragraph to see the actual Markdown code used</em><br/><img src=\"https://raw.githubusercontent.com/oracle/learning-library/master/workshops/journey2-new-data-lake/images/300/ZeppelinCodeEditor.gif\" alt=\"ZeppelinCode\" title=\"Showing the code editor\" /></p>\n</div>"}]},"apps":[],"jobName":"paragraph_1504646601143_-1918648657","id":"20170314-103234_1882629392","dateCreated":"2017-09-05T21:23:21+0000","status":"READY","errorMessage":"","progressUpdateIntervalMs":500,"$$hashKey":"object:407"},{"text":"%md\n# Before you continue...\n\nBefore you continue, be sure you know how to work with Notes.  Here is quick tutorial on working with the Note layout: <a href=\"https://zeppelin.apache.org/docs/0.7.0/quickstart/explorezeppelinui.html#note-layout\" target=\"_blank\">here</a>\n\nYou will want to make sure you know how to:\n\n+ Show the code editor for a paragraph\n+ Run a paragraph\n\nNow is a good time to **practice**.  Go ahead and show the code editor for this paragraph and your name to the line below.  Then run this paragraph to see the change.\n\n**Hello your_name_here**\n","dateUpdated":"2017-09-05T21:23:21+0000","config":{"tableHide":false,"editorSetting":{"editOnDblClick":"true","language":"markdown"},"colWidth":12,"editorMode":"ace/mode/markdown","editorHide":true,"results":[{"graph":{"mode":"table","height":300,"optionOpen":false,"keys":[],"values":[],"groups":[],"scatter":{}}}],"enabled":true},"settings":{"params":{},"forms":{}},"results":{"code":"SUCCESS","msg":[{"type":"HTML","data":"<div class=\"markdown-body\">\n<h1>Before you continue&hellip;</h1>\n<p>Before you continue, be sure you know how to work with Notes. Here is quick tutorial on working with the Note layout: <a href=\"https://zeppelin.apache.org/docs/0.7.0/quickstart/explorezeppelinui.html#note-layout\" target=\"_blank\">here</a></p>\n<p>You will want to make sure you know how to:</p>\n<ul>\n  <li>Show the code editor for a paragraph</li>\n  <li>Run a paragraph</li>\n</ul>\n<p>Now is a good time to <strong>practice</strong>. Go ahead and show the code editor for this paragraph and your name to the line below. Then run this paragraph to see the change.</p>\n<p><strong>Hello your_name_here</strong></p>\n</div>"}]},"apps":[],"jobName":"paragraph_1504646601143_-1918648657","id":"20170330-165953_1590459004","dateCreated":"2017-09-05T21:23:21+0000","status":"READY","errorMessage":"","progressUpdateIntervalMs":500,"$$hashKey":"object:408"},{"text":"%md\n# About the Shell Interpreter (%sh)\n\nThe shell interpreter runs linux shell commands as the zeppelin user on the BDCS-CE server running zepellin.  It can be handy way to check zeppelin log files, pull files into BDCS-CE, interact with HDFS, or change/install software.  SSH can also be used, but running shell commands via the notebook can be more natural and self-documenting.\n\n\nThe following paragraph has some sample shell command examples.  Run the following paragraph to see the shell interpeter in action.","dateUpdated":"2017-09-05T21:23:21+0000","config":{"tableHide":false,"editorSetting":{"editOnDblClick":"true","language":"markdown"},"colWidth":12,"editorMode":"ace/mode/markdown","editorHide":true,"results":[{"graph":{"mode":"table","height":300,"optionOpen":false,"keys":[],"values":[],"groups":[],"scatter":{}}}],"enabled":true},"settings":{"params":{},"forms":{}},"results":{"code":"SUCCESS","msg":[{"type":"HTML","data":"<div class=\"markdown-body\">\n<h1>About the Shell Interpreter (%sh)</h1>\n<p>The shell interpreter runs linux shell commands as the zeppelin user on the BDCS-CE server running zepellin. It can be handy way to check zeppelin log files, pull files into BDCS-CE, interact with HDFS, or change/install software. SSH can also be used, but running shell commands via the notebook can be more natural and self-documenting.</p>\n<p>The following paragraph has some sample shell command examples. Run the following paragraph to see the shell interpeter in action.</p>\n</div>"}]},"apps":[],"jobName":"paragraph_1504646601143_-1918648657","id":"20170314-104354_917688288","dateCreated":"2017-09-05T21:23:21+0000","status":"READY","errorMessage":"","progressUpdateIntervalMs":500,"$$hashKey":"object:409"},{"title":"Example: Shell Interpreter commands","text":"%sh\necho \"running whoami\"\nwhoami\necho \"..\"\necho \"running pwd\"\npwd\necho \"..\"\necho \"running a hadoop command\"\nhadoop fs -ls /user\necho \"..\"\necho \"..\"\necho \"..\"\necho \"done\"","dateUpdated":"2017-09-05T21:23:21+0000","config":{"tableHide":false,"editorSetting":{"editOnDblClick":"false","language":"sh"},"colWidth":12,"editorMode":"ace/mode/sh","editorHide":false,"title":true,"results":{},"graph":{"mode":"table","height":300,"optionOpen":false,"keys":[],"values":[],"groups":[],"scatter":{}},"enabled":true},"settings":{"params":{},"forms":{}},"apps":[],"jobName":"paragraph_1504646601144_-1920572401","id":"20170314-104726_1481029671","dateCreated":"2017-09-05T21:23:21+0000","status":"READY","errorMessage":"","progressUpdateIntervalMs":500,"$$hashKey":"object:410"},{"text":"%md\n# Before you continue...\n\nRun the above paragraph.  Did you notice that the above Shell example paragraph originally had no output?  (At least it didn't when you first looked at it).  Go ahead and run the above paragraph to execute the sample shell commands and see the output.","dateUpdated":"2017-09-05T21:23:21+0000","config":{"tableHide":false,"editorSetting":{"editOnDblClick":"true","language":"markdown"},"colWidth":12,"editorMode":"ace/mode/markdown","editorHide":true,"results":[{"graph":{"mode":"table","height":300,"optionOpen":false,"keys":[],"values":[],"groups":[],"scatter":{}}}],"enabled":true},"settings":{"params":{},"forms":{}},"results":{"code":"SUCCESS","msg":[{"type":"HTML","data":"<div class=\"markdown-body\">\n<h1>Before you continue&hellip;</h1>\n<p>Run the above paragraph. Did you notice that the above Shell example paragraph originally had no output? (At least it didn&rsquo;t when you first looked at it). Go ahead and run the above paragraph to execute the sample shell commands and see the output.</p>\n</div>"}]},"apps":[],"jobName":"paragraph_1504646601144_-1920572401","id":"20170330-170431_946339972","dateCreated":"2017-09-05T21:23:21+0000","status":"READY","errorMessage":"","progressUpdateIntervalMs":500,"$$hashKey":"object:411"},{"text":"%md\n# Next Steps\n\n+ Review the above links to learn more about Zeppelin and Markdown\n+ Refer to the below tips for some additional tricks on working with Zeppelin in BDCS-CE\n+ Do the BDCS-CE Working with Notebook tutorial from the documentation if you have not yet done it: <a href=\"http://www.oracle.com/webfolder/technetwork/tutorials/obe/cloud/bdcsce/notebook/notebook.html\" target=\"_blank\">here</a>\n+ Move on to the next tutorial","dateUpdated":"2017-09-05T21:23:21+0000","config":{"tableHide":false,"editorSetting":{"editOnDblClick":"true","language":"markdown"},"colWidth":12,"editorMode":"ace/mode/markdown","editorHide":true,"results":[{"graph":{"mode":"table","height":300,"optionOpen":false,"keys":[],"values":[],"groups":[],"scatter":{}}}],"enabled":true},"settings":{"params":{},"forms":{}},"results":{"code":"SUCCESS","msg":[{"type":"HTML","data":"<div class=\"markdown-body\">\n<h1>Next Steps</h1>\n<ul>\n  <li>Review the above links to learn more about Zeppelin and Markdown</li>\n  <li>Refer to the below tips for some additional tricks on working with Zeppelin in BDCS-CE</li>\n  <li>Do the BDCS-CE Working with Notebook tutorial from the documentation if you have not yet done it: <a href=\"http://www.oracle.com/webfolder/technetwork/tutorials/obe/cloud/bdcsce/notebook/notebook.html\" target=\"_blank\">here</a></li>\n  <li>Move on to the next tutorial</li>\n</ul>\n</div>"}]},"apps":[],"jobName":"paragraph_1504646601144_-1920572401","id":"20170314-103401_1689681646","dateCreated":"2017-09-05T21:23:21+0000","status":"READY","errorMessage":"","progressUpdateIntervalMs":500,"$$hashKey":"object:412"},{"text":"%md\n# Tip: How to Print Notebooks (Save as PDF)\n\nHere is a trick to pretty print the Notebooks so that you can easily share them via email.  Note: you can also export notebooks, but the recipient would need to import the notebook into another Zepellin instance to view it.\n\nThe trick is that the main body of the notebook is enclosed in an iframe.  To best print the notebook, you want to just print the main iframe.  For instance, using the Firefox browser, right-click on the open area between the Notebook title and the set of action icons.  In the pop-up menu, then choose This Frame... Print Frame...   Then choose a printer driver that can print to PDF.\n\nFor illustration, here is a picture:\n![printing](https://raw.githubusercontent.com/oracle/learning-library/master/workshops/journey2-new-data-lake/images/300/printToPDF.gif \"Printing the Note Frame\")\n","dateUpdated":"2017-09-05T21:23:21+0000","config":{"tableHide":false,"editorSetting":{"editOnDblClick":"true","language":"markdown"},"colWidth":12,"editorMode":"ace/mode/markdown","editorHide":true,"results":[{"graph":{"mode":"table","height":300,"optionOpen":false,"keys":[],"values":[],"groups":[],"scatter":{}}}],"enabled":true},"settings":{"params":{},"forms":{}},"results":{"code":"SUCCESS","msg":[{"type":"HTML","data":"<div class=\"markdown-body\">\n<h1>Tip: How to Print Notebooks (Save as PDF)</h1>\n<p>Here is a trick to pretty print the Notebooks so that you can easily share them via email. Note: you can also export notebooks, but the recipient would need to import the notebook into another Zepellin instance to view it.</p>\n<p>The trick is that the main body of the notebook is enclosed in an iframe. To best print the notebook, you want to just print the main iframe. For instance, using the Firefox browser, right-click on the open area between the Notebook title and the set of action icons. In the pop-up menu, then choose This Frame&hellip; Print Frame&hellip; Then choose a printer driver that can print to PDF.</p>\n<p>For illustration, here is a picture:<br/><img src=\"https://raw.githubusercontent.com/oracle/learning-library/master/workshops/journey2-new-data-lake/images/300/printToPDF.gif\" alt=\"printing\" title=\"Printing the Note Frame\" /></p>\n</div>"}]},"apps":[],"jobName":"paragraph_1504646601145_-1920957150","id":"20170314-105515_126797428","dateCreated":"2017-09-05T21:23:21+0000","status":"READY","errorMessage":"","progressUpdateIntervalMs":500,"$$hashKey":"object:413"},{"text":"%md\n# Tip: How (and when) to Restart Zeppelin Notebooks\n\nFrom time to time, you may want to restart the Zepellin Notebook process.  To do so, \n\n+ Click on the Settings tab at the top of the browser\n+ Then, click on Notebook on the left-hand column\n+ Then click Restart\n\nReasons why you may want to restart the Zeppelin process.\n\n+ You changed a configuration and want to pick up the new value.  For instance, once you set certain swiftfs parameters (as would be needed to reference the Oracle Storage Cloud Object Store), these values will be used for the rest of the session.  You restart Zeppelin to pick up the new value.\n\n","dateUpdated":"2017-09-05T21:23:21+0000","config":{"tableHide":false,"editorSetting":{"editOnDblClick":"true","language":"markdown"},"colWidth":12,"editorMode":"ace/mode/markdown","editorHide":true,"results":[{"graph":{"mode":"table","height":300,"optionOpen":false,"keys":[],"values":[],"groups":[],"scatter":{}}}],"enabled":true},"settings":{"params":{},"forms":{}},"results":{"code":"SUCCESS","msg":[{"type":"HTML","data":"<div class=\"markdown-body\">\n<h1>Tip: How (and when) to Restart Zeppelin Notebooks</h1>\n<p>From time to time, you may want to restart the Zepellin Notebook process. To do so, </p>\n<ul>\n  <li>Click on the Settings tab at the top of the browser</li>\n  <li>Then, click on Notebook on the left-hand column</li>\n  <li>Then click Restart</li>\n</ul>\n<p>Reasons why you may want to restart the Zeppelin process.</p>\n<ul>\n  <li>You changed a configuration and want to pick up the new value. For instance, once you set certain swiftfs parameters (as would be needed to reference the Oracle Storage Cloud Object Store), these values will be used for the rest of the session. You restart Zeppelin to pick up the new value.</li>\n</ul>\n</div>"}]},"apps":[],"jobName":"paragraph_1504646601145_-1920957150","id":"20170314-110314_455035664","dateCreated":"2017-09-05T21:23:21+0000","status":"READY","errorMessage":"","progressUpdateIntervalMs":500,"$$hashKey":"object:414"},{"text":"%md\n# Tip: How to look at the Zeppelin log\n\nThe zeppelin log is at /u01/bdcsce/data/var/log/zeppelin\n\nThe following paragraph has some examples showing how to review the logs.","dateUpdated":"2017-09-05T21:23:21+0000","config":{"tableHide":false,"editorSetting":{"editOnDblClick":"true","language":"markdown"},"colWidth":12,"editorMode":"ace/mode/markdown","editorHide":true,"results":[{"graph":{"mode":"table","height":300,"optionOpen":false,"keys":[],"values":[],"groups":[],"scatter":{}}}],"enabled":true},"settings":{"params":{},"forms":{}},"results":{"code":"SUCCESS","msg":[{"type":"HTML","data":"<div class=\"markdown-body\">\n<h1>Tip: How to look at the Zeppelin log</h1>\n<p>The zeppelin log is at /u01/bdcsce/data/var/log/zeppelin</p>\n<p>The following paragraph has some examples showing how to review the logs.</p>\n</div>"}]},"apps":[],"jobName":"paragraph_1504646601146_-1919802903","id":"20170314-103202_1623627021","dateCreated":"2017-09-05T21:23:21+0000","status":"READY","errorMessage":"","progressUpdateIntervalMs":500,"$$hashKey":"object:415"},{"title":"Example: Viewing the Zeppelin Log File","text":"%sh\ncd /u01/bdcsce/data/var/log/zeppelin\nls -ltr\necho \"..\"\necho \"..\"\ntail -20 zeppelin-zeppelin-*.log","dateUpdated":"2017-09-05T21:23:21+0000","config":{"tableHide":false,"editorSetting":{"editOnDblClick":"false","language":"sh"},"colWidth":12,"editorMode":"ace/mode/sh","editorHide":false,"title":true,"results":[{"graph":{"mode":"table","height":300,"optionOpen":false,"keys":[],"values":[],"groups":[],"scatter":{}}}],"enabled":true},"settings":{"params":{},"forms":{}},"apps":[],"jobName":"paragraph_1504646601146_-1919802903","id":"20170314-103516_2010480345","dateCreated":"2017-09-05T21:23:21+0000","status":"READY","errorMessage":"","progressUpdateIntervalMs":500,"$$hashKey":"object:416"},{"dateUpdated":"2017-09-05T21:23:21+0000","config":{"editorSetting":{"language":"scala"},"colWidth":12,"editorMode":"ace/mode/scala","editorHide":true,"results":{},"graph":{"mode":"table","height":300,"optionOpen":false,"keys":[],"values":[],"groups":[],"scatter":{}},"enabled":true},"settings":{"params":{},"forms":{}},"apps":[],"jobName":"paragraph_1504646601146_-1919802903","id":"20170314-111355_401235007","dateCreated":"2017-09-05T21:23:21+0000","status":"READY","errorMessage":"","progressUpdateIntervalMs":500,"$$hashKey":"object:417"}],"name":"New Data Lake/Tutorial 1 Notebook Basics","id":"2CS571QBG","angularObjects":{"2CUR9TKC3:shared_process":[],"2CV6GZ6KY:shared_process":[],"2CRXRKTZS:shared_process":[],"2CUEWBE5C:shared_process":[],"2CUNV7BVE:shared_process":[],"2CRQ5UM9P:shared_process":[],"2CRHKT1V7:shared_process":[],"2C4U48MY3_spark2:shared_process":[]},"config":{"looknfeel":"default","personalizedMode":"false"},"info":{}}